-6,6,NKHy2jYxwXGCOY+BJdxQSirRWAk=,6OO+hf4yLYlFwnIL+RMIXXUK3F4=
-7,6,NKHy2jYxwXGCOY+BJdxQSirRWAk=,6OO+hf4yLYlFwnIL+RMIXXUK3F4=
-7,5,NKHy2jYxwXGCOY+BJdxQSirRWAk=,6OO+hf4yLYlFwnIL+RMIXXUK3F4=
-6,5,NKHy2jYxwXGCOY+BJdxQSirRWAk=,6OO+hf4yLYlFwnIL+RMIXXUK3F4=
-3,1,NKHy2jYxwXGCOY+BJdxQSirRWAk=,OBx8rDURLfCISGKzuk5lQ5kJcgk=
-2,0,NKHy2jYxwXGCOY+BJdxQSirRWAk=,OBx8rDURLfCISGKzuk5lQ5kJcgk=
-3,0,NKHy2jYxwXGCOY+BJdxQSirRWAk=,OBx8rDURLfCISGKzuk5lQ5kJcgk=
-3,2,NKHy2jYxwXGCOY+BJdxQSirRWAk=,OBx8rDURLfCISGKzuk5lQ5kJcgk=
-2,1,NKHy2jYxwXGCOY+BJdxQSirRWAk=,OBx8rDURLfCISGKzuk5lQ5kJcgk=
-2,2,NKHy2jYxwXGCOY+BJdxQSirRWAk=,OBx8rDURLfCISGKzuk5lQ5kJcgk=
-7,2,NKHy2jYxwXGCOY+BJdxQSirRWAk=,uB6jaHa602TMjkegDgoVVNib3IY=
-6,4,FMroSSmpD+GiGraT1Zpr7WV0Ud4=,6OO+hf4yLYlFwnIL+RMIXXUK3F4=
-6,3,FMroSSmpD+GiGraT1Zpr7WV0Ud4=,uB6jaHa602TMjkegDgoVVNib3IY=
-6,2,FMroSSmpD+GiGraT1Zpr7WV0Ud4=,uB6jaHa602TMjkegDgoVVNib3IY=
-7,4,FMroSSmpD+GiGraT1Zpr7WV0Ud4=,6OO+hf4yLYlFwnIL+RMIXXUK3F4=
-7,3,FMroSSmpD+GiGraT1Zpr7WV0Ud4=,uB6jaHa602TMjkegDgoVVNib3IY=
-7,1,FMroSSmpD+GiGraT1Zpr7WV0Ud4=,uB6jaHa602TMjkegDgoVVNib3IY=
-5,1,FMroSSmpD+GiGraT1Zpr7WV0Ud4=,uB6jaHa602TMjkegDgoVVNib3IY=
-4,1,FMroSSmpD+GiGraT1Zpr7WV0Ud4=,OBx8rDURLfCISGKzuk5lQ5kJcgk=
-5,2,FMroSSmpD+GiGraT1Zpr7WV0Ud4=,uB6jaHa602TMjkegDgoVVNib3IY=
-4,2,FMroSSmpD+GiGraT1Zpr7WV0Ud4=,OBx8rDURLfCISGKzuk5lQ5kJcgk=
-6,1,FMroSSmpD+GiGraT1Zpr7WV0Ud4=,uB6jaHa602TMjkegDgoVVNib3IY=
-4,3,FMroSSmpD+GiGraT1Zpr7WV0Ud4=,OBx8rDURLfCISGKzuk5lQ5kJcgk=
-5,3,FMroSSmpD+GiGraT1Zpr7WV0Ud4=,uB6jaHa602TMjkegDgoVVNib3IY=
-5,4,FMroSSmpD+GiGraT1Zpr7WV0Ud4=,6OO+hf4yLYlFwnIL+RMIXXUK3F4=
-2,4,FMroSSmpD+GiGraT1Zpr7WV0Ud4=,ctdpto98XZbCHbZ5iYSJJfOC8bk=
-3,6,FMroSSmpD+GiGraT1Zpr7WV0Ud4=,ctdpto98XZbCHbZ5iYSJJfOC8bk=
-4,6,FMroSSmpD+GiGraT1Zpr7WV0Ud4=,ctdpto98XZbCHbZ5iYSJJfOC8bk=
-4,5,FMroSSmpD+GiGraT1Zpr7WV0Ud4=,ctdpto98XZbCHbZ5iYSJJfOC8bk=
-2,5,FMroSSmpD+GiGraT1Zpr7WV0Ud4=,ctdpto98XZbCHbZ5iYSJJfOC8bk=
-3,5,FMroSSmpD+GiGraT1Zpr7WV0Ud4=,ctdpto98XZbCHbZ5iYSJJfOC8bk=
-4,4,FMroSSmpD+GiGraT1Zpr7WV0Ud4=,ctdpto98XZbCHbZ5iYSJJfOC8bk=
-5,6,FMroSSmpD+GiGraT1Zpr7WV0Ud4=,6OO+hf4yLYlFwnIL+RMIXXUK3F4=
-3,4,FMroSSmpD+GiGraT1Zpr7WV0Ud4=,ctdpto98XZbCHbZ5iYSJJfOC8bk=
-2,6,FMroSSmpD+GiGraT1Zpr7WV0Ud4=,ctdpto98XZbCHbZ5iYSJJfOC8bk=
-3,3,FMroSSmpD+GiGraT1Zpr7WV0Ud4=,OBx8rDURLfCISGKzuk5lQ5kJcgk=
-11,5,FMroSSmpD+GiGraT1Zpr7WV0Ud4=,igEJndFYTuBlVoFPRnoEGrNlZFw=
-2,3,FMroSSmpD+GiGraT1Zpr7WV0Ud4=,OBx8rDURLfCISGKzuk5lQ5kJcgk=
-5,5,FMroSSmpD+GiGraT1Zpr7WV0Ud4=,6OO+hf4yLYlFwnIL+RMIXXUK3F4=
-9,5,FMroSSmpD+GiGraT1Zpr7WV0Ud4=,igEJndFYTuBlVoFPRnoEGrNlZFw=
-10,5,FMroSSmpD+GiGraT1Zpr7WV0Ud4=,igEJndFYTuBlVoFPRnoEGrNlZFw=
-9,6,FMroSSmpD+GiGraT1Zpr7WV0Ud4=,igEJndFYTuBlVoFPRnoEGrNlZFw=
-11,6,FMroSSmpD+GiGraT1Zpr7WV0Ud4=,igEJndFYTuBlVoFPRnoEGrNlZFw=
-10,6,FMroSSmpD+GiGraT1Zpr7WV0Ud4=,igEJndFYTuBlVoFPRnoEGrNlZFw=
-8,6,FMroSSmpD+GiGraT1Zpr7WV0Ud4=,6OO+hf4yLYlFwnIL+RMIXXUK3F4=
-8,5,FMroSSmpD+GiGraT1Zpr7WV0Ud4=,6OO+hf4yLYlFwnIL+RMIXXUK3F4=
-11,7,FMroSSmpD+GiGraT1Zpr7WV0Ud4=,igEJndFYTuBlVoFPRnoEGrNlZFw=
-10,7,FMroSSmpD+GiGraT1Zpr7WV0Ud4=,igEJndFYTuBlVoFPRnoEGrNlZFw=
-13,7,FMroSSmpD+GiGraT1Zpr7WV0Ud4=,s9gfIVAmVtugquLH0x87BJa4mnc=
-14,6,FMroSSmpD+GiGraT1Zpr7WV0Ud4=,s9gfIVAmVtugquLH0x87BJa4mnc=
-14,7,FMroSSmpD+GiGraT1Zpr7WV0Ud4=,s9gfIVAmVtugquLH0x87BJa4mnc=
-13,6,FMroSSmpD+GiGraT1Zpr7WV0Ud4=,s9gfIVAmVtugquLH0x87BJa4mnc=
-15,6,FMroSSmpD+GiGraT1Zpr7WV0Ud4=,s9gfIVAmVtugquLH0x87BJa4mnc=
-12,5,FMroSSmpD+GiGraT1Zpr7WV0Ud4=,igEJndFYTuBlVoFPRnoEGrNlZFw=
-12,7,FMroSSmpD+GiGraT1Zpr7WV0Ud4=,igEJndFYTuBlVoFPRnoEGrNlZFw=
-15,7,FMroSSmpD+GiGraT1Zpr7WV0Ud4=,s9gfIVAmVtugquLH0x87BJa4mnc=
-15,5,FMroSSmpD+GiGraT1Zpr7WV0Ud4=,s9gfIVAmVtugquLH0x87BJa4mnc=
-13,5,FMroSSmpD+GiGraT1Zpr7WV0Ud4=,s9gfIVAmVtugquLH0x87BJa4mnc=
-14,5,FMroSSmpD+GiGraT1Zpr7WV0Ud4=,s9gfIVAmVtugquLH0x87BJa4mnc=
-12,6,FMroSSmpD+GiGraT1Zpr7WV0Ud4=,igEJndFYTuBlVoFPRnoEGrNlZFw=
-5,0,FMroSSmpD+GiGraT1Zpr7WV0Ud4=,uB6jaHa602TMjkegDgoVVNib3IY=
-16,6,FMroSSmpD+GiGraT1Zpr7WV0Ud4=,s9gfIVAmVtugquLH0x87BJa4mnc=
-16,5,FMroSSmpD+GiGraT1Zpr7WV0Ud4=,s9gfIVAmVtugquLH0x87BJa4mnc=
-4,0,FMroSSmpD+GiGraT1Zpr7WV0Ud4=,OBx8rDURLfCISGKzuk5lQ5kJcgk=
-7,0,FMroSSmpD+GiGraT1Zpr7WV0Ud4=,uB6jaHa602TMjkegDgoVVNib3IY=
-6,0,FMroSSmpD+GiGraT1Zpr7WV0Ud4=,uB6jaHa602TMjkegDgoVVNib3IY=
-1,6,FMroSSmpD+GiGraT1Zpr7WV0Ud4=,ctdpto98XZbCHbZ5iYSJJfOC8bk=
-1,0,FMroSSmpD+GiGraT1Zpr7WV0Ud4=,OBx8rDURLfCISGKzuk5lQ5kJcgk=
-1,5,FMroSSmpD+GiGraT1Zpr7WV0Ud4=,ctdpto98XZbCHbZ5iYSJJfOC8bk=
-1,3,FMroSSmpD+GiGraT1Zpr7WV0Ud4=,OBx8rDURLfCISGKzuk5lQ5kJcgk=
-1,1,FMroSSmpD+GiGraT1Zpr7WV0Ud4=,OBx8rDURLfCISGKzuk5lQ5kJcgk=
-1,2,FMroSSmpD+GiGraT1Zpr7WV0Ud4=,OBx8rDURLfCISGKzuk5lQ5kJcgk=
-9,7,FMroSSmpD+GiGraT1Zpr7WV0Ud4=,igEJndFYTuBlVoFPRnoEGrNlZFw=
-8,10,FMroSSmpD+GiGraT1Zpr7WV0Ud4=,WjOCbhkzEiMlhJ96JRiXSWlN6pU=
-1,4,FMroSSmpD+GiGraT1Zpr7WV0Ud4=,ctdpto98XZbCHbZ5iYSJJfOC8bk=
-8,9,FMroSSmpD+GiGraT1Zpr7WV0Ud4=,WjOCbhkzEiMlhJ96JRiXSWlN6pU=
-7,10,FMroSSmpD+GiGraT1Zpr7WV0Ud4=,WjOCbhkzEiMlhJ96JRiXSWlN6pU=
-6,9,FMroSSmpD+GiGraT1Zpr7WV0Ud4=,WjOCbhkzEiMlhJ96JRiXSWlN6pU=
-7,9,FMroSSmpD+GiGraT1Zpr7WV0Ud4=,WjOCbhkzEiMlhJ96JRiXSWlN6pU=
-8,7,FMroSSmpD+GiGraT1Zpr7WV0Ud4=,6OO+hf4yLYlFwnIL+RMIXXUK3F4=
-7,7,FMroSSmpD+GiGraT1Zpr7WV0Ud4=,6OO+hf4yLYlFwnIL+RMIXXUK3F4=
-8,8,FMroSSmpD+GiGraT1Zpr7WV0Ud4=,WjOCbhkzEiMlhJ96JRiXSWlN6pU=
-7,8,FMroSSmpD+GiGraT1Zpr7WV0Ud4=,WjOCbhkzEiMlhJ96JRiXSWlN6pU=
-6,7,FMroSSmpD+GiGraT1Zpr7WV0Ud4=,6OO+hf4yLYlFwnIL+RMIXXUK3F4=
-6,8,FMroSSmpD+GiGraT1Zpr7WV0Ud4=,WjOCbhkzEiMlhJ96JRiXSWlN6pU=
-6,10,FMroSSmpD+GiGraT1Zpr7WV0Ud4=,WjOCbhkzEiMlhJ96JRiXSWlN6pU=
-16,4,FMroSSmpD+GiGraT1Zpr7WV0Ud4=,s9gfIVAmVtugquLH0x87BJa4mnc=
-15,4,FMroSSmpD+GiGraT1Zpr7WV0Ud4=,s9gfIVAmVtugquLH0x87BJa4mnc=
-16,3,FMroSSmpD+GiGraT1Zpr7WV0Ud4=,i2Jb1GV2aQoe4XKQMnB1xMDNlcI=
-15,3,FMroSSmpD+GiGraT1Zpr7WV0Ud4=,i2Jb1GV2aQoe4XKQMnB1xMDNlcI=
-14,4,FMroSSmpD+GiGraT1Zpr7WV0Ud4=,s9gfIVAmVtugquLH0x87BJa4mnc=
-14,1,FMroSSmpD+GiGraT1Zpr7WV0Ud4=,i2Jb1GV2aQoe4XKQMnB1xMDNlcI=
-14,2,FMroSSmpD+GiGraT1Zpr7WV0Ud4=,i2Jb1GV2aQoe4XKQMnB1xMDNlcI=
-14,3,FMroSSmpD+GiGraT1Zpr7WV0Ud4=,i2Jb1GV2aQoe4XKQMnB1xMDNlcI=
-15,2,FMroSSmpD+GiGraT1Zpr7WV0Ud4=,i2Jb1GV2aQoe4XKQMnB1xMDNlcI=
-16,2,FMroSSmpD+GiGraT1Zpr7WV0Ud4=,i2Jb1GV2aQoe4XKQMnB1xMDNlcI=
-14,0,FMroSSmpD+GiGraT1Zpr7WV0Ud4=,i2Jb1GV2aQoe4XKQMnB1xMDNlcI=
-15,0,FMroSSmpD+GiGraT1Zpr7WV0Ud4=,i2Jb1GV2aQoe4XKQMnB1xMDNlcI=
-16,1,FMroSSmpD+GiGraT1Zpr7WV0Ud4=,i2Jb1GV2aQoe4XKQMnB1xMDNlcI=
-15,1,FMroSSmpD+GiGraT1Zpr7WV0Ud4=,i2Jb1GV2aQoe4XKQMnB1xMDNlcI=
-16,0,FMroSSmpD+GiGraT1Zpr7WV0Ud4=,i2Jb1GV2aQoe4XKQMnB1xMDNlcI=
-13,4,FMroSSmpD+GiGraT1Zpr7WV0Ud4=,s9gfIVAmVtugquLH0x87BJa4mnc=
-11,4,FMroSSmpD+GiGraT1Zpr7WV0Ud4=,igEJndFYTuBlVoFPRnoEGrNlZFw=
-8,4,FMroSSmpD+GiGraT1Zpr7WV0Ud4=,6OO+hf4yLYlFwnIL+RMIXXUK3F4=
-10,4,FMroSSmpD+GiGraT1Zpr7WV0Ud4=,igEJndFYTuBlVoFPRnoEGrNlZFw=
-12,4,FMroSSmpD+GiGraT1Zpr7WV0Ud4=,igEJndFYTuBlVoFPRnoEGrNlZFw=
-9,0,FMroSSmpD+GiGraT1Zpr7WV0Ud4=,Pl2Ud7kGf1niAOUNuTBBbkzUIyo=
-10,0,FMroSSmpD+GiGraT1Zpr7WV0Ud4=,Pl2Ud7kGf1niAOUNuTBBbkzUIyo=
-8,0,FMroSSmpD+GiGraT1Zpr7WV0Ud4=,uB6jaHa602TMjkegDgoVVNib3IY=
-11,2,FMroSSmpD+GiGraT1Zpr7WV0Ud4=,Pl2Ud7kGf1niAOUNuTBBbkzUIyo=
-11,0,FMroSSmpD+GiGraT1Zpr7WV0Ud4=,Pl2Ud7kGf1niAOUNuTBBbkzUIyo=
-9,1,FMroSSmpD+GiGraT1Zpr7WV0Ud4=,Pl2Ud7kGf1niAOUNuTBBbkzUIyo=
-8,3,FMroSSmpD+GiGraT1Zpr7WV0Ud4=,uB6jaHa602TMjkegDgoVVNib3IY=
-12,2,FMroSSmpD+GiGraT1Zpr7WV0Ud4=,Pl2Ud7kGf1niAOUNuTBBbkzUIyo=
-11,1,FMroSSmpD+GiGraT1Zpr7WV0Ud4=,Pl2Ud7kGf1niAOUNuTBBbkzUIyo=
-8,2,FMroSSmpD+GiGraT1Zpr7WV0Ud4=,uB6jaHa602TMjkegDgoVVNib3IY=
-12,0,FMroSSmpD+GiGraT1Zpr7WV0Ud4=,Pl2Ud7kGf1niAOUNuTBBbkzUIyo=
-12,3,FMroSSmpD+GiGraT1Zpr7WV0Ud4=,Pl2Ud7kGf1niAOUNuTBBbkzUIyo=
-11,3,FMroSSmpD+GiGraT1Zpr7WV0Ud4=,Pl2Ud7kGf1niAOUNuTBBbkzUIyo=
-9,4,FMroSSmpD+GiGraT1Zpr7WV0Ud4=,igEJndFYTuBlVoFPRnoEGrNlZFw=
-13,3,FMroSSmpD+GiGraT1Zpr7WV0Ud4=,i2Jb1GV2aQoe4XKQMnB1xMDNlcI=
-13,1,FMroSSmpD+GiGraT1Zpr7WV0Ud4=,i2Jb1GV2aQoe4XKQMnB1xMDNlcI=
-12,1,FMroSSmpD+GiGraT1Zpr7WV0Ud4=,Pl2Ud7kGf1niAOUNuTBBbkzUIyo=
-10,1,FMroSSmpD+GiGraT1Zpr7WV0Ud4=,Pl2Ud7kGf1niAOUNuTBBbkzUIyo=
-9,2,FMroSSmpD+GiGraT1Zpr7WV0Ud4=,Pl2Ud7kGf1niAOUNuTBBbkzUIyo=
-10,2,FMroSSmpD+GiGraT1Zpr7WV0Ud4=,Pl2Ud7kGf1niAOUNuTBBbkzUIyo=
-8,1,FMroSSmpD+GiGraT1Zpr7WV0Ud4=,uB6jaHa602TMjkegDgoVVNib3IY=
-9,3,FMroSSmpD+GiGraT1Zpr7WV0Ud4=,Pl2Ud7kGf1niAOUNuTBBbkzUIyo=
-13,0,FMroSSmpD+GiGraT1Zpr7WV0Ud4=,i2Jb1GV2aQoe4XKQMnB1xMDNlcI=
-10,3,FMroSSmpD+GiGraT1Zpr7WV0Ud4=,Pl2Ud7kGf1niAOUNuTBBbkzUIyo=
-13,2,FMroSSmpD+GiGraT1Zpr7WV0Ud4=,i2Jb1GV2aQoe4XKQMnB1xMDNlcI=
-6,12,FMroSSmpD+GiGraT1Zpr7WV0Ud4=,jMmYJ2+ynMCVXROUzBEM3demKkQ=
-7,15,FMroSSmpD+GiGraT1Zpr7WV0Ud4=,jMmYJ2+ynMCVXROUzBEM3demKkQ=
-6,15,FMroSSmpD+GiGraT1Zpr7WV0Ud4=,jMmYJ2+ynMCVXROUzBEM3demKkQ=
-6,11,FMroSSmpD+GiGraT1Zpr7WV0Ud4=,WjOCbhkzEiMlhJ96JRiXSWlN6pU=
-6,14,FMroSSmpD+GiGraT1Zpr7WV0Ud4=,jMmYJ2+ynMCVXROUzBEM3demKkQ=
-7,14,FMroSSmpD+GiGraT1Zpr7WV0Ud4=,jMmYJ2+ynMCVXROUzBEM3demKkQ=
-8,13,FMroSSmpD+GiGraT1Zpr7WV0Ud4=,jMmYJ2+ynMCVXROUzBEM3demKkQ=
-8,14,FMroSSmpD+GiGraT1Zpr7WV0Ud4=,jMmYJ2+ynMCVXROUzBEM3demKkQ=
-7,11,FMroSSmpD+GiGraT1Zpr7WV0Ud4=,WjOCbhkzEiMlhJ96JRiXSWlN6pU=
-7,12,FMroSSmpD+GiGraT1Zpr7WV0Ud4=,jMmYJ2+ynMCVXROUzBEM3demKkQ=
-7,13,FMroSSmpD+GiGraT1Zpr7WV0Ud4=,jMmYJ2+ynMCVXROUzBEM3demKkQ=
-8,11,FMroSSmpD+GiGraT1Zpr7WV0Ud4=,WjOCbhkzEiMlhJ96JRiXSWlN6pU=
-8,12,FMroSSmpD+GiGraT1Zpr7WV0Ud4=,jMmYJ2+ynMCVXROUzBEM3demKkQ=
-6,13,FMroSSmpD+GiGraT1Zpr7WV0Ud4=,jMmYJ2+ynMCVXROUzBEM3demKkQ=
-8,15,FMroSSmpD+GiGraT1Zpr7WV0Ud4=,jMmYJ2+ynMCVXROUzBEM3demKkQ=
-16,7,FMroSSmpD+GiGraT1Zpr7WV0Ud4=,s9gfIVAmVtugquLH0x87BJa4mnc=
-5,9,FMroSSmpD+GiGraT1Zpr7WV0Ud4=,WjOCbhkzEiMlhJ96JRiXSWlN6pU=
-5,10,FMroSSmpD+GiGraT1Zpr7WV0Ud4=,WjOCbhkzEiMlhJ96JRiXSWlN6pU=
-5,8,FMroSSmpD+GiGraT1Zpr7WV0Ud4=,WjOCbhkzEiMlhJ96JRiXSWlN6pU=
-1,8,FMroSSmpD+GiGraT1Zpr7WV0Ud4=,ypsELp7n3Erb7PJSZfdJU9WGidg=
-1,7,FMroSSmpD+GiGraT1Zpr7WV0Ud4=,ctdpto98XZbCHbZ5iYSJJfOC8bk=
-3,7,FMroSSmpD+GiGraT1Zpr7WV0Ud4=,ctdpto98XZbCHbZ5iYSJJfOC8bk=
-4,7,FMroSSmpD+GiGraT1Zpr7WV0Ud4=,ctdpto98XZbCHbZ5iYSJJfOC8bk=
-2,7,FMroSSmpD+GiGraT1Zpr7WV0Ud4=,ctdpto98XZbCHbZ5iYSJJfOC8bk=
-1,10,FMroSSmpD+GiGraT1Zpr7WV0Ud4=,ypsELp7n3Erb7PJSZfdJU9WGidg=
-2,10,FMroSSmpD+GiGraT1Zpr7WV0Ud4=,ypsELp7n3Erb7PJSZfdJU9WGidg=
-3,10,FMroSSmpD+GiGraT1Zpr7WV0Ud4=,ypsELp7n3Erb7PJSZfdJU9WGidg=
-5,7,FMroSSmpD+GiGraT1Zpr7WV0Ud4=,6OO+hf4yLYlFwnIL+RMIXXUK3F4=
-4,10,FMroSSmpD+GiGraT1Zpr7WV0Ud4=,ypsELp7n3Erb7PJSZfdJU9WGidg=
-2,9,FMroSSmpD+GiGraT1Zpr7WV0Ud4=,ypsELp7n3Erb7PJSZfdJU9WGidg=
-2,8,FMroSSmpD+GiGraT1Zpr7WV0Ud4=,ypsELp7n3Erb7PJSZfdJU9WGidg=
-3,8,FMroSSmpD+GiGraT1Zpr7WV0Ud4=,ypsELp7n3Erb7PJSZfdJU9WGidg=
-3,9,FMroSSmpD+GiGraT1Zpr7WV0Ud4=,ypsELp7n3Erb7PJSZfdJU9WGidg=
-4,8,FMroSSmpD+GiGraT1Zpr7WV0Ud4=,ypsELp7n3Erb7PJSZfdJU9WGidg=
-1,9,FMroSSmpD+GiGraT1Zpr7WV0Ud4=,ypsELp7n3Erb7PJSZfdJU9WGidg=
-4,9,FMroSSmpD+GiGraT1Zpr7WV0Ud4=,ypsELp7n3Erb7PJSZfdJU9WGidg=
-5,15,FMroSSmpD+GiGraT1Zpr7WV0Ud4=,jMmYJ2+ynMCVXROUzBEM3demKkQ=
-5,11,FMroSSmpD+GiGraT1Zpr7WV0Ud4=,WjOCbhkzEiMlhJ96JRiXSWlN6pU=
-5,13,FMroSSmpD+GiGraT1Zpr7WV0Ud4=,jMmYJ2+ynMCVXROUzBEM3demKkQ=
-1,15,FMroSSmpD+GiGraT1Zpr7WV0Ud4=,jMmYJ2+ynMCVXROUzBEM3demKkQ=
-3,15,FMroSSmpD+GiGraT1Zpr7WV0Ud4=,jMmYJ2+ynMCVXROUzBEM3demKkQ=
-2,15,FMroSSmpD+GiGraT1Zpr7WV0Ud4=,jMmYJ2+ynMCVXROUzBEM3demKkQ=
-4,15,FMroSSmpD+GiGraT1Zpr7WV0Ud4=,jMmYJ2+ynMCVXROUzBEM3demKkQ=
-5,14,FMroSSmpD+GiGraT1Zpr7WV0Ud4=,jMmYJ2+ynMCVXROUzBEM3demKkQ=
-2,12,FMroSSmpD+GiGraT1Zpr7WV0Ud4=,jMmYJ2+ynMCVXROUzBEM3demKkQ=
-1,11,FMroSSmpD+GiGraT1Zpr7WV0Ud4=,ypsELp7n3Erb7PJSZfdJU9WGidg=
-4,13,FMroSSmpD+GiGraT1Zpr7WV0Ud4=,jMmYJ2+ynMCVXROUzBEM3demKkQ=
-1,12,FMroSSmpD+GiGraT1Zpr7WV0Ud4=,jMmYJ2+ynMCVXROUzBEM3demKkQ=
-2,11,FMroSSmpD+GiGraT1Zpr7WV0Ud4=,ypsELp7n3Erb7PJSZfdJU9WGidg=
-3,12,FMroSSmpD+GiGraT1Zpr7WV0Ud4=,jMmYJ2+ynMCVXROUzBEM3demKkQ=
-4,11,FMroSSmpD+GiGraT1Zpr7WV0Ud4=,ypsELp7n3Erb7PJSZfdJU9WGidg=
-3,11,FMroSSmpD+GiGraT1Zpr7WV0Ud4=,ypsELp7n3Erb7PJSZfdJU9WGidg=
-4,12,FMroSSmpD+GiGraT1Zpr7WV0Ud4=,jMmYJ2+ynMCVXROUzBEM3demKkQ=
-1,14,FMroSSmpD+GiGraT1Zpr7WV0Ud4=,jMmYJ2+ynMCVXROUzBEM3demKkQ=
-5,12,FMroSSmpD+GiGraT1Zpr7WV0Ud4=,jMmYJ2+ynMCVXROUzBEM3demKkQ=
-2,14,FMroSSmpD+GiGraT1Zpr7WV0Ud4=,jMmYJ2+ynMCVXROUzBEM3demKkQ=
-4,14,FMroSSmpD+GiGraT1Zpr7WV0Ud4=,jMmYJ2+ynMCVXROUzBEM3demKkQ=
-3,13,FMroSSmpD+GiGraT1Zpr7WV0Ud4=,jMmYJ2+ynMCVXROUzBEM3demKkQ=
-3,14,FMroSSmpD+GiGraT1Zpr7WV0Ud4=,jMmYJ2+ynMCVXROUzBEM3demKkQ=
-1,13,FMroSSmpD+GiGraT1Zpr7WV0Ud4=,jMmYJ2+ynMCVXROUzBEM3demKkQ=
-2,13,FMroSSmpD+GiGraT1Zpr7WV0Ud4=,jMmYJ2+ynMCVXROUzBEM3demKkQ=
-6,16,0dzhGhMUKQtfbL2KKJWevopgcsw=,D5KpCRN8vTkYAVbPp/R4QwSwjRA=
-8,16,0dzhGhMUKQtfbL2KKJWevopgcsw=,D5KpCRN8vTkYAVbPp/R4QwSwjRA=
-7,16,0dzhGhMUKQtfbL2KKJWevopgcsw=,D5KpCRN8vTkYAVbPp/R4QwSwjRA=
-3,16,0dzhGhMUKQtfbL2KKJWevopgcsw=,QhlIWe0hNkfankeRBSVtxymQNF4=
-2,16,0dzhGhMUKQtfbL2KKJWevopgcsw=,QhlIWe0hNkfankeRBSVtxymQNF4=
-4,16,0dzhGhMUKQtfbL2KKJWevopgcsw=,QhlIWe0hNkfankeRBSVtxymQNF4=
-1,16,0dzhGhMUKQtfbL2KKJWevopgcsw=,QhlIWe0hNkfankeRBSVtxymQNF4=
-5,16,0dzhGhMUKQtfbL2KKJWevopgcsw=,D5KpCRN8vTkYAVbPp/R4QwSwjRA=
-19,5,0dzhGhMUKQtfbL2KKJWevopgcsw=,TFgiPkNLXYdbOPgkAaZtvKWx840=
-20,5,0dzhGhMUKQtfbL2KKJWevopgcsw=,TFgiPkNLXYdbOPgkAaZtvKWx840=
-18,6,0dzhGhMUKQtfbL2KKJWevopgcsw=,TFgiPkNLXYdbOPgkAaZtvKWx840=
-20,6,0dzhGhMUKQtfbL2KKJWevopgcsw=,TFgiPkNLXYdbOPgkAaZtvKWx840=
-19,6,0dzhGhMUKQtfbL2KKJWevopgcsw=,TFgiPkNLXYdbOPgkAaZtvKWx840=
-18,5,0dzhGhMUKQtfbL2KKJWevopgcsw=,TFgiPkNLXYdbOPgkAaZtvKWx840=
-17,5,0dzhGhMUKQtfbL2KKJWevopgcsw=,TFgiPkNLXYdbOPgkAaZtvKWx840=
-17,6,0dzhGhMUKQtfbL2KKJWevopgcsw=,TFgiPkNLXYdbOPgkAaZtvKWx840=
-18,7,0dzhGhMUKQtfbL2KKJWevopgcsw=,TFgiPkNLXYdbOPgkAaZtvKWx840=
-19,7,0dzhGhMUKQtfbL2KKJWevopgcsw=,TFgiPkNLXYdbOPgkAaZtvKWx840=
-17,7,0dzhGhMUKQtfbL2KKJWevopgcsw=,TFgiPkNLXYdbOPgkAaZtvKWx840=
-20,7,0dzhGhMUKQtfbL2KKJWevopgcsw=,TFgiPkNLXYdbOPgkAaZtvKWx840=
-23,3,0dzhGhMUKQtfbL2KKJWevopgcsw=,2lafL/Niz1J/6cyQnJIOrClgh+Y=
-22,2,0dzhGhMUKQtfbL2KKJWevopgcsw=,2lafL/Niz1J/6cyQnJIOrClgh+Y=
-24,0,0dzhGhMUKQtfbL2KKJWevopgcsw=,2lafL/Niz1J/6cyQnJIOrClgh+Y=
-23,2,0dzhGhMUKQtfbL2KKJWevopgcsw=,2lafL/Niz1J/6cyQnJIOrClgh+Y=
-23,0,0dzhGhMUKQtfbL2KKJWevopgcsw=,2lafL/Niz1J/6cyQnJIOrClgh+Y=
-22,1,0dzhGhMUKQtfbL2KKJWevopgcsw=,2lafL/Niz1J/6cyQnJIOrClgh+Y=
-22,0,0dzhGhMUKQtfbL2KKJWevopgcsw=,2lafL/Niz1J/6cyQnJIOrClgh+Y=
-24,2,0dzhGhMUKQtfbL2KKJWevopgcsw=,2lafL/Niz1J/6cyQnJIOrClgh+Y=
-24,1,0dzhGhMUKQtfbL2KKJWevopgcsw=,2lafL/Niz1J/6cyQnJIOrClgh+Y=
-24,3,0dzhGhMUKQtfbL2KKJWevopgcsw=,2lafL/Niz1J/6cyQnJIOrClgh+Y=
-22,3,X5sZBa1Ac1FENJ/LDW3+7/Z7m60=,2lafL/Niz1J/6cyQnJIOrClgh+Y=
-19,3,X5sZBa1Ac1FENJ/LDW3+7/Z7m60=,DdoWp+azNddNDhN1v1UZDWsOYbE=
-23,1,X5sZBa1Ac1FENJ/LDW3+7/Z7m60=,2lafL/Niz1J/6cyQnJIOrClgh+Y=
-20,3,X5sZBa1Ac1FENJ/LDW3+7/Z7m60=,DdoWp+azNddNDhN1v1UZDWsOYbE=
-20,4,X5sZBa1Ac1FENJ/LDW3+7/Z7m60=,TFgiPkNLXYdbOPgkAaZtvKWx840=
-21,3,X5sZBa1Ac1FENJ/LDW3+7/Z7m60=,2lafL/Niz1J/6cyQnJIOrClgh+Y=
-17,4,X5sZBa1Ac1FENJ/LDW3+7/Z7m60=,TFgiPkNLXYdbOPgkAaZtvKWx840=
-18,4,X5sZBa1Ac1FENJ/LDW3+7/Z7m60=,TFgiPkNLXYdbOPgkAaZtvKWx840=
-18,2,X5sZBa1Ac1FENJ/LDW3+7/Z7m60=,DdoWp+azNddNDhN1v1UZDWsOYbE=
-19,2,X5sZBa1Ac1FENJ/LDW3+7/Z7m60=,DdoWp+azNddNDhN1v1UZDWsOYbE=
-19,4,X5sZBa1Ac1FENJ/LDW3+7/Z7m60=,TFgiPkNLXYdbOPgkAaZtvKWx840=
-18,3,X5sZBa1Ac1FENJ/LDW3+7/Z7m60=,DdoWp+azNddNDhN1v1UZDWsOYbE=
-17,3,X5sZBa1Ac1FENJ/LDW3+7/Z7m60=,DdoWp+azNddNDhN1v1UZDWsOYbE=
-21,2,X5sZBa1Ac1FENJ/LDW3+7/Z7m60=,2lafL/Niz1J/6cyQnJIOrClgh+Y=
-20,2,X5sZBa1Ac1FENJ/LDW3+7/Z7m60=,DdoWp+azNddNDhN1v1UZDWsOYbE=
-17,2,X5sZBa1Ac1FENJ/LDW3+7/Z7m60=,DdoWp+azNddNDhN1v1UZDWsOYbE=
-19,0,X5sZBa1Ac1FENJ/LDW3+7/Z7m60=,DdoWp+azNddNDhN1v1UZDWsOYbE=
-17,0,X5sZBa1Ac1FENJ/LDW3+7/Z7m60=,DdoWp+azNddNDhN1v1UZDWsOYbE=
-20,0,X5sZBa1Ac1FENJ/LDW3+7/Z7m60=,DdoWp+azNddNDhN1v1UZDWsOYbE=
-18,0,X5sZBa1Ac1FENJ/LDW3+7/Z7m60=,DdoWp+azNddNDhN1v1UZDWsOYbE=
-17,1,X5sZBa1Ac1FENJ/LDW3+7/Z7m60=,DdoWp+azNddNDhN1v1UZDWsOYbE=
-18,1,X5sZBa1Ac1FENJ/LDW3+7/Z7m60=,DdoWp+azNddNDhN1v1UZDWsOYbE=
-21,1,X5sZBa1Ac1FENJ/LDW3+7/Z7m60=,2lafL/Niz1J/6cyQnJIOrClgh+Y=
-19,1,X5sZBa1Ac1FENJ/LDW3+7/Z7m60=,DdoWp+azNddNDhN1v1UZDWsOYbE=
-20,1,X5sZBa1Ac1FENJ/LDW3+7/Z7m60=,DdoWp+azNddNDhN1v1UZDWsOYbE=
-21,0,X5sZBa1Ac1FENJ/LDW3+7/Z7m60=,2lafL/Niz1J/6cyQnJIOrClgh+Y=
