-9,-14,uOf3v4Fxw9AYX9khhoqcNIL3IpE=,hSiZuF5ysY9NfolbP8BnceuZKNc=
-7,-14,uOf3v4Fxw9AYX9khhoqcNIL3IpE=,hSiZuF5ysY9NfolbP8BnceuZKNc=
-8,-14,j4DVjWnZyaOGQciZDL13Gh3L7QY=,hSiZuF5ysY9NfolbP8BnceuZKNc=
-6,-14,j4DVjWnZyaOGQciZDL13Gh3L7QY=,hSiZuF5ysY9NfolbP8BnceuZKNc=
-5,-14,j4DVjWnZyaOGQciZDL13Gh3L7QY=,hSiZuF5ysY9NfolbP8BnceuZKNc=
-4,-14,j4DVjWnZyaOGQciZDL13Gh3L7QY=,hSiZuF5ysY9NfolbP8BnceuZKNc=
-4,-1,j4DVjWnZyaOGQciZDL13Gh3L7QY=,hSiZuF5ysY9NfolbP8BnceuZKNc=
-5,-1,j4DVjWnZyaOGQciZDL13Gh3L7QY=,hSiZuF5ysY9NfolbP8BnceuZKNc=
-3,-1,j4DVjWnZyaOGQciZDL13Gh3L7QY=,hSiZuF5ysY9NfolbP8BnceuZKNc=
-5,-13,j4DVjWnZyaOGQciZDL13Gh3L7QY=,hSiZuF5ysY9NfolbP8BnceuZKNc=
-8,-1,j4DVjWnZyaOGQciZDL13Gh3L7QY=,hSiZuF5ysY9NfolbP8BnceuZKNc=
-3,-14,j4DVjWnZyaOGQciZDL13Gh3L7QY=,hSiZuF5ysY9NfolbP8BnceuZKNc=
-6,-1,j4DVjWnZyaOGQciZDL13Gh3L7QY=,hSiZuF5ysY9NfolbP8BnceuZKNc=
-10,-14,j4DVjWnZyaOGQciZDL13Gh3L7QY=,hSiZuF5ysY9NfolbP8BnceuZKNc=
-7,-1,j4DVjWnZyaOGQciZDL13Gh3L7QY=,hSiZuF5ysY9NfolbP8BnceuZKNc=
-9,-1,j4DVjWnZyaOGQciZDL13Gh3L7QY=,hSiZuF5ysY9NfolbP8BnceuZKNc=
-11,-14,j4DVjWnZyaOGQciZDL13Gh3L7QY=,hSiZuF5ysY9NfolbP8BnceuZKNc=
-13,-16,j4DVjWnZyaOGQciZDL13Gh3L7QY=,hSiZuF5ysY9NfolbP8BnceuZKNc=
-4,-13,j4DVjWnZyaOGQciZDL13Gh3L7QY=,hSiZuF5ysY9NfolbP8BnceuZKNc=
-12,-14,j4DVjWnZyaOGQciZDL13Gh3L7QY=,hSiZuF5ysY9NfolbP8BnceuZKNc=
-13,-14,j4DVjWnZyaOGQciZDL13Gh3L7QY=,hSiZuF5ysY9NfolbP8BnceuZKNc=
-16,-14,j4DVjWnZyaOGQciZDL13Gh3L7QY=,hSiZuF5ysY9NfolbP8BnceuZKNc=
-14,-14,j4DVjWnZyaOGQciZDL13Gh3L7QY=,hSiZuF5ysY9NfolbP8BnceuZKNc=
-10,-1,j4DVjWnZyaOGQciZDL13Gh3L7QY=,hSiZuF5ysY9NfolbP8BnceuZKNc=
-11,-1,j4DVjWnZyaOGQciZDL13Gh3L7QY=,hSiZuF5ysY9NfolbP8BnceuZKNc=
-1,-15,j4DVjWnZyaOGQciZDL13Gh3L7QY=,hSiZuF5ysY9NfolbP8BnceuZKNc=
-6,-13,j4DVjWnZyaOGQciZDL13Gh3L7QY=,hSiZuF5ysY9NfolbP8BnceuZKNc=
-2,-14,j4DVjWnZyaOGQciZDL13Gh3L7QY=,hSiZuF5ysY9NfolbP8BnceuZKNc=
-1,-1,j4DVjWnZyaOGQciZDL13Gh3L7QY=,hSiZuF5ysY9NfolbP8BnceuZKNc=
-14,-16,j4DVjWnZyaOGQciZDL13Gh3L7QY=,hSiZuF5ysY9NfolbP8BnceuZKNc=
-14,-1,j4DVjWnZyaOGQciZDL13Gh3L7QY=,hSiZuF5ysY9NfolbP8BnceuZKNc=
-2,-1,j4DVjWnZyaOGQciZDL13Gh3L7QY=,hSiZuF5ysY9NfolbP8BnceuZKNc=
-15,-14,j4DVjWnZyaOGQciZDL13Gh3L7QY=,hSiZuF5ysY9NfolbP8BnceuZKNc=
-13,-1,j4DVjWnZyaOGQciZDL13Gh3L7QY=,hSiZuF5ysY9NfolbP8BnceuZKNc=
-16,-1,j4DVjWnZyaOGQciZDL13Gh3L7QY=,hSiZuF5ysY9NfolbP8BnceuZKNc=
-4,-2,j4DVjWnZyaOGQciZDL13Gh3L7QY=,hSiZuF5ysY9NfolbP8BnceuZKNc=
-5,-2,j4DVjWnZyaOGQciZDL13Gh3L7QY=,hSiZuF5ysY9NfolbP8BnceuZKNc=
-3,-2,j4DVjWnZyaOGQciZDL13Gh3L7QY=,hSiZuF5ysY9NfolbP8BnceuZKNc=
-6,-2,j4DVjWnZyaOGQciZDL13Gh3L7QY=,hSiZuF5ysY9NfolbP8BnceuZKNc=
-15,-1,j4DVjWnZyaOGQciZDL13Gh3L7QY=,hSiZuF5ysY9NfolbP8BnceuZKNc=
-9,-2,j4DVjWnZyaOGQciZDL13Gh3L7QY=,hSiZuF5ysY9NfolbP8BnceuZKNc=
-2,-2,j4DVjWnZyaOGQciZDL13Gh3L7QY=,hSiZuF5ysY9NfolbP8BnceuZKNc=
-8,-2,j4DVjWnZyaOGQciZDL13Gh3L7QY=,hSiZuF5ysY9NfolbP8BnceuZKNc=
-2,-15,j4DVjWnZyaOGQciZDL13Gh3L7QY=,hSiZuF5ysY9NfolbP8BnceuZKNc=
-14,-2,j4DVjWnZyaOGQciZDL13Gh3L7QY=,hSiZuF5ysY9NfolbP8BnceuZKNc=
-12,-1,j4DVjWnZyaOGQciZDL13Gh3L7QY=,hSiZuF5ysY9NfolbP8BnceuZKNc=
-16,-15,j4DVjWnZyaOGQciZDL13Gh3L7QY=,hSiZuF5ysY9NfolbP8BnceuZKNc=
-15,-2,j4DVjWnZyaOGQciZDL13Gh3L7QY=,hSiZuF5ysY9NfolbP8BnceuZKNc=
-16,-2,j4DVjWnZyaOGQciZDL13Gh3L7QY=,hSiZuF5ysY9NfolbP8BnceuZKNc=
-10,-2,j4DVjWnZyaOGQciZDL13Gh3L7QY=,hSiZuF5ysY9NfolbP8BnceuZKNc=
-12,-16,j4DVjWnZyaOGQciZDL13Gh3L7QY=,hSiZuF5ysY9NfolbP8BnceuZKNc=
-13,-2,j4DVjWnZyaOGQciZDL13Gh3L7QY=,hSiZuF5ysY9NfolbP8BnceuZKNc=
-7,-2,j4DVjWnZyaOGQciZDL13Gh3L7QY=,hSiZuF5ysY9NfolbP8BnceuZKNc=
-15,-15,j4DVjWnZyaOGQciZDL13Gh3L7QY=,hSiZuF5ysY9NfolbP8BnceuZKNc=
-3,-3,j4DVjWnZyaOGQciZDL13Gh3L7QY=,hSiZuF5ysY9NfolbP8BnceuZKNc=
-4,-3,j4DVjWnZyaOGQciZDL13Gh3L7QY=,hSiZuF5ysY9NfolbP8BnceuZKNc=
-1,-2,j4DVjWnZyaOGQciZDL13Gh3L7QY=,hSiZuF5ysY9NfolbP8BnceuZKNc=
-15,-16,j4DVjWnZyaOGQciZDL13Gh3L7QY=,hSiZuF5ysY9NfolbP8BnceuZKNc=
-12,-2,j4DVjWnZyaOGQciZDL13Gh3L7QY=,hSiZuF5ysY9NfolbP8BnceuZKNc=
-5,-3,j4DVjWnZyaOGQciZDL13Gh3L7QY=,hSiZuF5ysY9NfolbP8BnceuZKNc=
-7,-13,j4DVjWnZyaOGQciZDL13Gh3L7QY=,hSiZuF5ysY9NfolbP8BnceuZKNc=
-2,-3,j4DVjWnZyaOGQciZDL13Gh3L7QY=,hSiZuF5ysY9NfolbP8BnceuZKNc=
-11,-2,j4DVjWnZyaOGQciZDL13Gh3L7QY=,hSiZuF5ysY9NfolbP8BnceuZKNc=
-3,-13,j4DVjWnZyaOGQciZDL13Gh3L7QY=,hSiZuF5ysY9NfolbP8BnceuZKNc=
-1,-3,j4DVjWnZyaOGQciZDL13Gh3L7QY=,hSiZuF5ysY9NfolbP8BnceuZKNc=
-6,-3,j4DVjWnZyaOGQciZDL13Gh3L7QY=,hSiZuF5ysY9NfolbP8BnceuZKNc=
-13,-3,j4DVjWnZyaOGQciZDL13Gh3L7QY=,hSiZuF5ysY9NfolbP8BnceuZKNc=
-9,-3,j4DVjWnZyaOGQciZDL13Gh3L7QY=,hSiZuF5ysY9NfolbP8BnceuZKNc=
-12,-3,j4DVjWnZyaOGQciZDL13Gh3L7QY=,hSiZuF5ysY9NfolbP8BnceuZKNc=
-8,-3,j4DVjWnZyaOGQciZDL13Gh3L7QY=,hSiZuF5ysY9NfolbP8BnceuZKNc=
-15,-3,j4DVjWnZyaOGQciZDL13Gh3L7QY=,hSiZuF5ysY9NfolbP8BnceuZKNc=
-16,-3,j4DVjWnZyaOGQciZDL13Gh3L7QY=,hSiZuF5ysY9NfolbP8BnceuZKNc=
-7,-3,j4DVjWnZyaOGQciZDL13Gh3L7QY=,hSiZuF5ysY9NfolbP8BnceuZKNc=
-3,-15,j4DVjWnZyaOGQciZDL13Gh3L7QY=,hSiZuF5ysY9NfolbP8BnceuZKNc=
-10,-3,j4DVjWnZyaOGQciZDL13Gh3L7QY=,hSiZuF5ysY9NfolbP8BnceuZKNc=
-4,-15,j4DVjWnZyaOGQciZDL13Gh3L7QY=,hSiZuF5ysY9NfolbP8BnceuZKNc=
-5,-4,j4DVjWnZyaOGQciZDL13Gh3L7QY=,hSiZuF5ysY9NfolbP8BnceuZKNc=
-8,-13,j4DVjWnZyaOGQciZDL13Gh3L7QY=,hSiZuF5ysY9NfolbP8BnceuZKNc=
-4,-4,j4DVjWnZyaOGQciZDL13Gh3L7QY=,hSiZuF5ysY9NfolbP8BnceuZKNc=
-2,-13,j4DVjWnZyaOGQciZDL13Gh3L7QY=,hSiZuF5ysY9NfolbP8BnceuZKNc=
-14,-3,j4DVjWnZyaOGQciZDL13Gh3L7QY=,hSiZuF5ysY9NfolbP8BnceuZKNc=
-11,-3,j4DVjWnZyaOGQciZDL13Gh3L7QY=,hSiZuF5ysY9NfolbP8BnceuZKNc=
-1,-4,j4DVjWnZyaOGQciZDL13Gh3L7QY=,hSiZuF5ysY9NfolbP8BnceuZKNc=
-2,-4,j4DVjWnZyaOGQciZDL13Gh3L7QY=,hSiZuF5ysY9NfolbP8BnceuZKNc=
-11,-16,j4DVjWnZyaOGQciZDL13Gh3L7QY=,hSiZuF5ysY9NfolbP8BnceuZKNc=
-12,-4,j4DVjWnZyaOGQciZDL13Gh3L7QY=,hSiZuF5ysY9NfolbP8BnceuZKNc=
-14,-15,j4DVjWnZyaOGQciZDL13Gh3L7QY=,hSiZuF5ysY9NfolbP8BnceuZKNc=
-3,-4,j4DVjWnZyaOGQciZDL13Gh3L7QY=,hSiZuF5ysY9NfolbP8BnceuZKNc=
-11,-4,j4DVjWnZyaOGQciZDL13Gh3L7QY=,hSiZuF5ysY9NfolbP8BnceuZKNc=
-7,-4,j4DVjWnZyaOGQciZDL13Gh3L7QY=,hSiZuF5ysY9NfolbP8BnceuZKNc=
-6,-4,j4DVjWnZyaOGQciZDL13Gh3L7QY=,hSiZuF5ysY9NfolbP8BnceuZKNc=
-1,-16,j4DVjWnZyaOGQciZDL13Gh3L7QY=,hSiZuF5ysY9NfolbP8BnceuZKNc=
-5,-15,j4DVjWnZyaOGQciZDL13Gh3L7QY=,hSiZuF5ysY9NfolbP8BnceuZKNc=
-15,-4,j4DVjWnZyaOGQciZDL13Gh3L7QY=,hSiZuF5ysY9NfolbP8BnceuZKNc=
-16,-4,j4DVjWnZyaOGQciZDL13Gh3L7QY=,hSiZuF5ysY9NfolbP8BnceuZKNc=
-13,-4,j4DVjWnZyaOGQciZDL13Gh3L7QY=,hSiZuF5ysY9NfolbP8BnceuZKNc=
-9,-13,j4DVjWnZyaOGQciZDL13Gh3L7QY=,hSiZuF5ysY9NfolbP8BnceuZKNc=
-14,-4,j4DVjWnZyaOGQciZDL13Gh3L7QY=,hSiZuF5ysY9NfolbP8BnceuZKNc=
-8,-4,j4DVjWnZyaOGQciZDL13Gh3L7QY=,hSiZuF5ysY9NfolbP8BnceuZKNc=
-9,-4,j4DVjWnZyaOGQciZDL13Gh3L7QY=,hSiZuF5ysY9NfolbP8BnceuZKNc=
-5,-5,j4DVjWnZyaOGQciZDL13Gh3L7QY=,hSiZuF5ysY9NfolbP8BnceuZKNc=
-10,-4,j4DVjWnZyaOGQciZDL13Gh3L7QY=,hSiZuF5ysY9NfolbP8BnceuZKNc=
-4,-5,j4DVjWnZyaOGQciZDL13Gh3L7QY=,hSiZuF5ysY9NfolbP8BnceuZKNc=
-2,-5,j4DVjWnZyaOGQciZDL13Gh3L7QY=,hSiZuF5ysY9NfolbP8BnceuZKNc=
-2,-16,j4DVjWnZyaOGQciZDL13Gh3L7QY=,hSiZuF5ysY9NfolbP8BnceuZKNc=
-1,-13,j4DVjWnZyaOGQciZDL13Gh3L7QY=,hSiZuF5ysY9NfolbP8BnceuZKNc=
-16,-12,j4DVjWnZyaOGQciZDL13Gh3L7QY=,hSiZuF5ysY9NfolbP8BnceuZKNc=
-1,-5,j4DVjWnZyaOGQciZDL13Gh3L7QY=,hSiZuF5ysY9NfolbP8BnceuZKNc=
-3,-5,j4DVjWnZyaOGQciZDL13Gh3L7QY=,hSiZuF5ysY9NfolbP8BnceuZKNc=
-6,-5,j4DVjWnZyaOGQciZDL13Gh3L7QY=,hSiZuF5ysY9NfolbP8BnceuZKNc=
-13,-5,j4DVjWnZyaOGQciZDL13Gh3L7QY=,hSiZuF5ysY9NfolbP8BnceuZKNc=
-11,-5,j4DVjWnZyaOGQciZDL13Gh3L7QY=,hSiZuF5ysY9NfolbP8BnceuZKNc=
-8,-5,j4DVjWnZyaOGQciZDL13Gh3L7QY=,hSiZuF5ysY9NfolbP8BnceuZKNc=
-14,-5,j4DVjWnZyaOGQciZDL13Gh3L7QY=,hSiZuF5ysY9NfolbP8BnceuZKNc=
-15,-12,j4DVjWnZyaOGQciZDL13Gh3L7QY=,hSiZuF5ysY9NfolbP8BnceuZKNc=
-12,-5,j4DVjWnZyaOGQciZDL13Gh3L7QY=,hSiZuF5ysY9NfolbP8BnceuZKNc=
-15,-5,j4DVjWnZyaOGQciZDL13Gh3L7QY=,hSiZuF5ysY9NfolbP8BnceuZKNc=
-10,-5,j4DVjWnZyaOGQciZDL13Gh3L7QY=,hSiZuF5ysY9NfolbP8BnceuZKNc=
-6,-15,j4DVjWnZyaOGQciZDL13Gh3L7QY=,hSiZuF5ysY9NfolbP8BnceuZKNc=
-7,-5,j4DVjWnZyaOGQciZDL13Gh3L7QY=,hSiZuF5ysY9NfolbP8BnceuZKNc=
-9,-5,j4DVjWnZyaOGQciZDL13Gh3L7QY=,hSiZuF5ysY9NfolbP8BnceuZKNc=
-16,-5,j4DVjWnZyaOGQciZDL13Gh3L7QY=,hSiZuF5ysY9NfolbP8BnceuZKNc=
-5,-6,j4DVjWnZyaOGQciZDL13Gh3L7QY=,hSiZuF5ysY9NfolbP8BnceuZKNc=
-4,-6,j4DVjWnZyaOGQciZDL13Gh3L7QY=,hSiZuF5ysY9NfolbP8BnceuZKNc=
-10,-13,j4DVjWnZyaOGQciZDL13Gh3L7QY=,hSiZuF5ysY9NfolbP8BnceuZKNc=
-1,-6,j4DVjWnZyaOGQciZDL13Gh3L7QY=,hSiZuF5ysY9NfolbP8BnceuZKNc=
-2,-6,j4DVjWnZyaOGQciZDL13Gh3L7QY=,hSiZuF5ysY9NfolbP8BnceuZKNc=
-3,-6,j4DVjWnZyaOGQciZDL13Gh3L7QY=,hSiZuF5ysY9NfolbP8BnceuZKNc=
-14,-12,j4DVjWnZyaOGQciZDL13Gh3L7QY=,hSiZuF5ysY9NfolbP8BnceuZKNc=
-4,-16,j4DVjWnZyaOGQciZDL13Gh3L7QY=,hSiZuF5ysY9NfolbP8BnceuZKNc=
-6,-6,j4DVjWnZyaOGQciZDL13Gh3L7QY=,hSiZuF5ysY9NfolbP8BnceuZKNc=
-7,-6,j4DVjWnZyaOGQciZDL13Gh3L7QY=,hSiZuF5ysY9NfolbP8BnceuZKNc=
-10,-6,j4DVjWnZyaOGQciZDL13Gh3L7QY=,hSiZuF5ysY9NfolbP8BnceuZKNc=
-13,-6,j4DVjWnZyaOGQciZDL13Gh3L7QY=,hSiZuF5ysY9NfolbP8BnceuZKNc=
-7,-15,j4DVjWnZyaOGQciZDL13Gh3L7QY=,hSiZuF5ysY9NfolbP8BnceuZKNc=
-14,-6,j4DVjWnZyaOGQciZDL13Gh3L7QY=,hSiZuF5ysY9NfolbP8BnceuZKNc=
-15,-6,j4DVjWnZyaOGQciZDL13Gh3L7QY=,hSiZuF5ysY9NfolbP8BnceuZKNc=
-16,-6,j4DVjWnZyaOGQciZDL13Gh3L7QY=,hSiZuF5ysY9NfolbP8BnceuZKNc=
-3,-16,j4DVjWnZyaOGQciZDL13Gh3L7QY=,hSiZuF5ysY9NfolbP8BnceuZKNc=
-9,-6,j4DVjWnZyaOGQciZDL13Gh3L7QY=,hSiZuF5ysY9NfolbP8BnceuZKNc=
-1,-7,j4DVjWnZyaOGQciZDL13Gh3L7QY=,hSiZuF5ysY9NfolbP8BnceuZKNc=
-5,-7,j4DVjWnZyaOGQciZDL13Gh3L7QY=,hSiZuF5ysY9NfolbP8BnceuZKNc=
-13,-12,j4DVjWnZyaOGQciZDL13Gh3L7QY=,hSiZuF5ysY9NfolbP8BnceuZKNc=
-11,-6,j4DVjWnZyaOGQciZDL13Gh3L7QY=,hSiZuF5ysY9NfolbP8BnceuZKNc=
-11,-13,j4DVjWnZyaOGQciZDL13Gh3L7QY=,hSiZuF5ysY9NfolbP8BnceuZKNc=
-8,-6,j4DVjWnZyaOGQciZDL13Gh3L7QY=,hSiZuF5ysY9NfolbP8BnceuZKNc=
-4,-7,j4DVjWnZyaOGQciZDL13Gh3L7QY=,hSiZuF5ysY9NfolbP8BnceuZKNc=
-5,-16,j4DVjWnZyaOGQciZDL13Gh3L7QY=,hSiZuF5ysY9NfolbP8BnceuZKNc=
-12,-12,j4DVjWnZyaOGQciZDL13Gh3L7QY=,hSiZuF5ysY9NfolbP8BnceuZKNc=
-6,-7,j4DVjWnZyaOGQciZDL13Gh3L7QY=,hSiZuF5ysY9NfolbP8BnceuZKNc=
-3,-7,j4DVjWnZyaOGQciZDL13Gh3L7QY=,hSiZuF5ysY9NfolbP8BnceuZKNc=
-2,-7,j4DVjWnZyaOGQciZDL13Gh3L7QY=,hSiZuF5ysY9NfolbP8BnceuZKNc=
-8,-15,j4DVjWnZyaOGQciZDL13Gh3L7QY=,hSiZuF5ysY9NfolbP8BnceuZKNc=
-16,-7,j4DVjWnZyaOGQciZDL13Gh3L7QY=,hSiZuF5ysY9NfolbP8BnceuZKNc=
-12,-13,j4DVjWnZyaOGQciZDL13Gh3L7QY=,hSiZuF5ysY9NfolbP8BnceuZKNc=
-13,-7,j4DVjWnZyaOGQciZDL13Gh3L7QY=,hSiZuF5ysY9NfolbP8BnceuZKNc=
-1,-8,j4DVjWnZyaOGQciZDL13Gh3L7QY=,hSiZuF5ysY9NfolbP8BnceuZKNc=
-11,-7,j4DVjWnZyaOGQciZDL13Gh3L7QY=,hSiZuF5ysY9NfolbP8BnceuZKNc=
-12,-7,j4DVjWnZyaOGQciZDL13Gh3L7QY=,hSiZuF5ysY9NfolbP8BnceuZKNc=
-14,-7,j4DVjWnZyaOGQciZDL13Gh3L7QY=,hSiZuF5ysY9NfolbP8BnceuZKNc=
-7,-7,j4DVjWnZyaOGQciZDL13Gh3L7QY=,hSiZuF5ysY9NfolbP8BnceuZKNc=
-9,-7,j4DVjWnZyaOGQciZDL13Gh3L7QY=,hSiZuF5ysY9NfolbP8BnceuZKNc=
-6,-16,j4DVjWnZyaOGQciZDL13Gh3L7QY=,hSiZuF5ysY9NfolbP8BnceuZKNc=
-5,-8,j4DVjWnZyaOGQciZDL13Gh3L7QY=,hSiZuF5ysY9NfolbP8BnceuZKNc=
-8,-7,j4DVjWnZyaOGQciZDL13Gh3L7QY=,hSiZuF5ysY9NfolbP8BnceuZKNc=
-8,-8,j4DVjWnZyaOGQciZDL13Gh3L7QY=,hSiZuF5ysY9NfolbP8BnceuZKNc=
-10,-7,j4DVjWnZyaOGQciZDL13Gh3L7QY=,hSiZuF5ysY9NfolbP8BnceuZKNc=
-4,-8,j4DVjWnZyaOGQciZDL13Gh3L7QY=,hSiZuF5ysY9NfolbP8BnceuZKNc=
-15,-7,j4DVjWnZyaOGQciZDL13Gh3L7QY=,hSiZuF5ysY9NfolbP8BnceuZKNc=
-3,-8,j4DVjWnZyaOGQciZDL13Gh3L7QY=,hSiZuF5ysY9NfolbP8BnceuZKNc=
-13,-8,j4DVjWnZyaOGQciZDL13Gh3L7QY=,hSiZuF5ysY9NfolbP8BnceuZKNc=
-6,-8,j4DVjWnZyaOGQciZDL13Gh3L7QY=,hSiZuF5ysY9NfolbP8BnceuZKNc=
-16,-8,j4DVjWnZyaOGQciZDL13Gh3L7QY=,hSiZuF5ysY9NfolbP8BnceuZKNc=
-9,-15,j4DVjWnZyaOGQciZDL13Gh3L7QY=,hSiZuF5ysY9NfolbP8BnceuZKNc=
-14,-8,j4DVjWnZyaOGQciZDL13Gh3L7QY=,hSiZuF5ysY9NfolbP8BnceuZKNc=
-2,-8,j4DVjWnZyaOGQciZDL13Gh3L7QY=,hSiZuF5ysY9NfolbP8BnceuZKNc=
-11,-12,j4DVjWnZyaOGQciZDL13Gh3L7QY=,hSiZuF5ysY9NfolbP8BnceuZKNc=
-10,-8,j4DVjWnZyaOGQciZDL13Gh3L7QY=,hSiZuF5ysY9NfolbP8BnceuZKNc=
-13,-13,j4DVjWnZyaOGQciZDL13Gh3L7QY=,hSiZuF5ysY9NfolbP8BnceuZKNc=
-1,-9,j4DVjWnZyaOGQciZDL13Gh3L7QY=,hSiZuF5ysY9NfolbP8BnceuZKNc=
-7,-8,j4DVjWnZyaOGQciZDL13Gh3L7QY=,hSiZuF5ysY9NfolbP8BnceuZKNc=
-6,-9,j4DVjWnZyaOGQciZDL13Gh3L7QY=,hSiZuF5ysY9NfolbP8BnceuZKNc=
-9,-8,j4DVjWnZyaOGQciZDL13Gh3L7QY=,hSiZuF5ysY9NfolbP8BnceuZKNc=
-7,-9,j4DVjWnZyaOGQciZDL13Gh3L7QY=,hSiZuF5ysY9NfolbP8BnceuZKNc=
-7,-16,j4DVjWnZyaOGQciZDL13Gh3L7QY=,hSiZuF5ysY9NfolbP8BnceuZKNc=
-15,-8,j4DVjWnZyaOGQciZDL13Gh3L7QY=,hSiZuF5ysY9NfolbP8BnceuZKNc=
-12,-8,j4DVjWnZyaOGQciZDL13Gh3L7QY=,hSiZuF5ysY9NfolbP8BnceuZKNc=
-3,-9,j4DVjWnZyaOGQciZDL13Gh3L7QY=,hSiZuF5ysY9NfolbP8BnceuZKNc=
-2,-9,j4DVjWnZyaOGQciZDL13Gh3L7QY=,hSiZuF5ysY9NfolbP8BnceuZKNc=
-11,-8,j4DVjWnZyaOGQciZDL13Gh3L7QY=,hSiZuF5ysY9NfolbP8BnceuZKNc=
-8,-9,j4DVjWnZyaOGQciZDL13Gh3L7QY=,hSiZuF5ysY9NfolbP8BnceuZKNc=
-16,-9,j4DVjWnZyaOGQciZDL13Gh3L7QY=,hSiZuF5ysY9NfolbP8BnceuZKNc=
-13,-9,j4DVjWnZyaOGQciZDL13Gh3L7QY=,hSiZuF5ysY9NfolbP8BnceuZKNc=
-4,-9,j4DVjWnZyaOGQciZDL13Gh3L7QY=,hSiZuF5ysY9NfolbP8BnceuZKNc=
-9,-9,j4DVjWnZyaOGQciZDL13Gh3L7QY=,hSiZuF5ysY9NfolbP8BnceuZKNc=
-5,-9,j4DVjWnZyaOGQciZDL13Gh3L7QY=,hSiZuF5ysY9NfolbP8BnceuZKNc=
-15,-9,j4DVjWnZyaOGQciZDL13Gh3L7QY=,hSiZuF5ysY9NfolbP8BnceuZKNc=
-10,-9,j4DVjWnZyaOGQciZDL13Gh3L7QY=,hSiZuF5ysY9NfolbP8BnceuZKNc=
-10,-12,j4DVjWnZyaOGQciZDL13Gh3L7QY=,hSiZuF5ysY9NfolbP8BnceuZKNc=
-12,-9,j4DVjWnZyaOGQciZDL13Gh3L7QY=,hSiZuF5ysY9NfolbP8BnceuZKNc=
-14,-13,j4DVjWnZyaOGQciZDL13Gh3L7QY=,hSiZuF5ysY9NfolbP8BnceuZKNc=
-2,-10,j4DVjWnZyaOGQciZDL13Gh3L7QY=,hSiZuF5ysY9NfolbP8BnceuZKNc=
-10,-15,j4DVjWnZyaOGQciZDL13Gh3L7QY=,hSiZuF5ysY9NfolbP8BnceuZKNc=
-11,-9,j4DVjWnZyaOGQciZDL13Gh3L7QY=,hSiZuF5ysY9NfolbP8BnceuZKNc=
-9,-12,j4DVjWnZyaOGQciZDL13Gh3L7QY=,hSiZuF5ysY9NfolbP8BnceuZKNc=
-14,-9,j4DVjWnZyaOGQciZDL13Gh3L7QY=,hSiZuF5ysY9NfolbP8BnceuZKNc=
-3,-10,j4DVjWnZyaOGQciZDL13Gh3L7QY=,hSiZuF5ysY9NfolbP8BnceuZKNc=
-6,-10,j4DVjWnZyaOGQciZDL13Gh3L7QY=,hSiZuF5ysY9NfolbP8BnceuZKNc=
-8,-16,j4DVjWnZyaOGQciZDL13Gh3L7QY=,hSiZuF5ysY9NfolbP8BnceuZKNc=
-1,-10,j4DVjWnZyaOGQciZDL13Gh3L7QY=,hSiZuF5ysY9NfolbP8BnceuZKNc=
-15,-13,j4DVjWnZyaOGQciZDL13Gh3L7QY=,hSiZuF5ysY9NfolbP8BnceuZKNc=
-9,-10,j4DVjWnZyaOGQciZDL13Gh3L7QY=,hSiZuF5ysY9NfolbP8BnceuZKNc=
-11,-10,j4DVjWnZyaOGQciZDL13Gh3L7QY=,hSiZuF5ysY9NfolbP8BnceuZKNc=
-16,-10,j4DVjWnZyaOGQciZDL13Gh3L7QY=,hSiZuF5ysY9NfolbP8BnceuZKNc=
-10,-10,j4DVjWnZyaOGQciZDL13Gh3L7QY=,hSiZuF5ysY9NfolbP8BnceuZKNc=
-12,-10,j4DVjWnZyaOGQciZDL13Gh3L7QY=,hSiZuF5ysY9NfolbP8BnceuZKNc=
-8,-10,j4DVjWnZyaOGQciZDL13Gh3L7QY=,hSiZuF5ysY9NfolbP8BnceuZKNc=
-14,-10,j4DVjWnZyaOGQciZDL13Gh3L7QY=,hSiZuF5ysY9NfolbP8BnceuZKNc=
-16,-16,j4DVjWnZyaOGQciZDL13Gh3L7QY=,hSiZuF5ysY9NfolbP8BnceuZKNc=
-15,-10,j4DVjWnZyaOGQciZDL13Gh3L7QY=,hSiZuF5ysY9NfolbP8BnceuZKNc=
-7,-10,j4DVjWnZyaOGQciZDL13Gh3L7QY=,hSiZuF5ysY9NfolbP8BnceuZKNc=
-16,-13,j4DVjWnZyaOGQciZDL13Gh3L7QY=,hSiZuF5ysY9NfolbP8BnceuZKNc=
-4,-10,j4DVjWnZyaOGQciZDL13Gh3L7QY=,hSiZuF5ysY9NfolbP8BnceuZKNc=
-13,-10,j4DVjWnZyaOGQciZDL13Gh3L7QY=,hSiZuF5ysY9NfolbP8BnceuZKNc=
-9,-16,j4DVjWnZyaOGQciZDL13Gh3L7QY=,hSiZuF5ysY9NfolbP8BnceuZKNc=
-11,-15,j4DVjWnZyaOGQciZDL13Gh3L7QY=,hSiZuF5ysY9NfolbP8BnceuZKNc=
-5,-10,j4DVjWnZyaOGQciZDL13Gh3L7QY=,hSiZuF5ysY9NfolbP8BnceuZKNc=
-2,-11,j4DVjWnZyaOGQciZDL13Gh3L7QY=,hSiZuF5ysY9NfolbP8BnceuZKNc=
-5,-11,j4DVjWnZyaOGQciZDL13Gh3L7QY=,hSiZuF5ysY9NfolbP8BnceuZKNc=
-8,-12,j4DVjWnZyaOGQciZDL13Gh3L7QY=,hSiZuF5ysY9NfolbP8BnceuZKNc=
-7,-11,j4DVjWnZyaOGQciZDL13Gh3L7QY=,hSiZuF5ysY9NfolbP8BnceuZKNc=
-6,-11,j4DVjWnZyaOGQciZDL13Gh3L7QY=,hSiZuF5ysY9NfolbP8BnceuZKNc=
-3,-11,j4DVjWnZyaOGQciZDL13Gh3L7QY=,hSiZuF5ysY9NfolbP8BnceuZKNc=
-9,-11,j4DVjWnZyaOGQciZDL13Gh3L7QY=,hSiZuF5ysY9NfolbP8BnceuZKNc=
-16,-11,j4DVjWnZyaOGQciZDL13Gh3L7QY=,hSiZuF5ysY9NfolbP8BnceuZKNc=
-4,-11,j4DVjWnZyaOGQciZDL13Gh3L7QY=,hSiZuF5ysY9NfolbP8BnceuZKNc=
-1,-11,j4DVjWnZyaOGQciZDL13Gh3L7QY=,hSiZuF5ysY9NfolbP8BnceuZKNc=
-12,-15,j4DVjWnZyaOGQciZDL13Gh3L7QY=,hSiZuF5ysY9NfolbP8BnceuZKNc=
-12,-11,j4DVjWnZyaOGQciZDL13Gh3L7QY=,hSiZuF5ysY9NfolbP8BnceuZKNc=
-4,-12,j4DVjWnZyaOGQciZDL13Gh3L7QY=,hSiZuF5ysY9NfolbP8BnceuZKNc=
-15,-11,j4DVjWnZyaOGQciZDL13Gh3L7QY=,hSiZuF5ysY9NfolbP8BnceuZKNc=
-14,-11,j4DVjWnZyaOGQciZDL13Gh3L7QY=,hSiZuF5ysY9NfolbP8BnceuZKNc=
-8,-11,j4DVjWnZyaOGQciZDL13Gh3L7QY=,hSiZuF5ysY9NfolbP8BnceuZKNc=
-13,-11,j4DVjWnZyaOGQciZDL13Gh3L7QY=,hSiZuF5ysY9NfolbP8BnceuZKNc=
-13,-15,j4DVjWnZyaOGQciZDL13Gh3L7QY=,hSiZuF5ysY9NfolbP8BnceuZKNc=
-1,-12,j4DVjWnZyaOGQciZDL13Gh3L7QY=,hSiZuF5ysY9NfolbP8BnceuZKNc=
-5,-12,j4DVjWnZyaOGQciZDL13Gh3L7QY=,hSiZuF5ysY9NfolbP8BnceuZKNc=
-2,-12,j4DVjWnZyaOGQciZDL13Gh3L7QY=,hSiZuF5ysY9NfolbP8BnceuZKNc=
-11,-11,j4DVjWnZyaOGQciZDL13Gh3L7QY=,hSiZuF5ysY9NfolbP8BnceuZKNc=
-10,-16,j4DVjWnZyaOGQciZDL13Gh3L7QY=,hSiZuF5ysY9NfolbP8BnceuZKNc=
-12,-6,j4DVjWnZyaOGQciZDL13Gh3L7QY=,hSiZuF5ysY9NfolbP8BnceuZKNc=
-7,-12,j4DVjWnZyaOGQciZDL13Gh3L7QY=,hSiZuF5ysY9NfolbP8BnceuZKNc=
-3,-12,j4DVjWnZyaOGQciZDL13Gh3L7QY=,hSiZuF5ysY9NfolbP8BnceuZKNc=
-10,-11,j4DVjWnZyaOGQciZDL13Gh3L7QY=,hSiZuF5ysY9NfolbP8BnceuZKNc=
-6,-12,j4DVjWnZyaOGQciZDL13Gh3L7QY=,hSiZuF5ysY9NfolbP8BnceuZKNc=
-1,-14,j4DVjWnZyaOGQciZDL13Gh3L7QY=,hSiZuF5ysY9NfolbP8BnceuZKNc=
-3,-30,8dLj+hQi8WEG7AWlWFOlvvoORj8=,efBpWFUbVNER4LDUXCKTe/IY7LM=
-13,-32,8dLj+hQi8WEG7AWlWFOlvvoORj8=,efBpWFUbVNER4LDUXCKTe/IY7LM=
-4,-30,5x7AC65bT+FIIN/48ZytwNJ99Zc=,efBpWFUbVNER4LDUXCKTe/IY7LM=
-2,-30,5x7AC65bT+FIIN/48ZytwNJ99Zc=,efBpWFUbVNER4LDUXCKTe/IY7LM=
-4,-29,5x7AC65bT+FIIN/48ZytwNJ99Zc=,efBpWFUbVNER4LDUXCKTe/IY7LM=
-6,-30,5x7AC65bT+FIIN/48ZytwNJ99Zc=,efBpWFUbVNER4LDUXCKTe/IY7LM=
-12,-32,5x7AC65bT+FIIN/48ZytwNJ99Zc=,efBpWFUbVNER4LDUXCKTe/IY7LM=
-8,-30,5x7AC65bT+FIIN/48ZytwNJ99Zc=,efBpWFUbVNER4LDUXCKTe/IY7LM=
-3,-29,5x7AC65bT+FIIN/48ZytwNJ99Zc=,efBpWFUbVNER4LDUXCKTe/IY7LM=
-7,-30,5x7AC65bT+FIIN/48ZytwNJ99Zc=,efBpWFUbVNER4LDUXCKTe/IY7LM=
-5,-30,5x7AC65bT+FIIN/48ZytwNJ99Zc=,efBpWFUbVNER4LDUXCKTe/IY7LM=
-1,-31,5x7AC65bT+FIIN/48ZytwNJ99Zc=,efBpWFUbVNER4LDUXCKTe/IY7LM=
-9,-30,5x7AC65bT+FIIN/48ZytwNJ99Zc=,efBpWFUbVNER4LDUXCKTe/IY7LM=
-5,-29,5x7AC65bT+FIIN/48ZytwNJ99Zc=,efBpWFUbVNER4LDUXCKTe/IY7LM=
-2,-29,5x7AC65bT+FIIN/48ZytwNJ99Zc=,efBpWFUbVNER4LDUXCKTe/IY7LM=
-1,-29,5x7AC65bT+FIIN/48ZytwNJ99Zc=,efBpWFUbVNER4LDUXCKTe/IY7LM=
-16,-28,5x7AC65bT+FIIN/48ZytwNJ99Zc=,efBpWFUbVNER4LDUXCKTe/IY7LM=
-11,-32,5x7AC65bT+FIIN/48ZytwNJ99Zc=,efBpWFUbVNER4LDUXCKTe/IY7LM=
-14,-31,5x7AC65bT+FIIN/48ZytwNJ99Zc=,efBpWFUbVNER4LDUXCKTe/IY7LM=
-10,-30,5x7AC65bT+FIIN/48ZytwNJ99Zc=,efBpWFUbVNER4LDUXCKTe/IY7LM=
-15,-28,5x7AC65bT+FIIN/48ZytwNJ99Zc=,efBpWFUbVNER4LDUXCKTe/IY7LM=
-14,-28,5x7AC65bT+FIIN/48ZytwNJ99Zc=,efBpWFUbVNER4LDUXCKTe/IY7LM=
-11,-28,5x7AC65bT+FIIN/48ZytwNJ99Zc=,efBpWFUbVNER4LDUXCKTe/IY7LM=
-12,-28,5x7AC65bT+FIIN/48ZytwNJ99Zc=,efBpWFUbVNER4LDUXCKTe/IY7LM=
-13,-28,5x7AC65bT+FIIN/48ZytwNJ99Zc=,efBpWFUbVNER4LDUXCKTe/IY7LM=
-9,-28,5x7AC65bT+FIIN/48ZytwNJ99Zc=,efBpWFUbVNER4LDUXCKTe/IY7LM=
-8,-28,5x7AC65bT+FIIN/48ZytwNJ99Zc=,efBpWFUbVNER4LDUXCKTe/IY7LM=
-7,-28,5x7AC65bT+FIIN/48ZytwNJ99Zc=,efBpWFUbVNER4LDUXCKTe/IY7LM=
-6,-28,5x7AC65bT+FIIN/48ZytwNJ99Zc=,efBpWFUbVNER4LDUXCKTe/IY7LM=
-1,-30,5x7AC65bT+FIIN/48ZytwNJ99Zc=,efBpWFUbVNER4LDUXCKTe/IY7LM=
-10,-32,5x7AC65bT+FIIN/48ZytwNJ99Zc=,efBpWFUbVNER4LDUXCKTe/IY7LM=
-5,-28,5x7AC65bT+FIIN/48ZytwNJ99Zc=,efBpWFUbVNER4LDUXCKTe/IY7LM=
-10,-28,5x7AC65bT+FIIN/48ZytwNJ99Zc=,efBpWFUbVNER4LDUXCKTe/IY7LM=
-3,-28,5x7AC65bT+FIIN/48ZytwNJ99Zc=,efBpWFUbVNER4LDUXCKTe/IY7LM=
-2,-28,5x7AC65bT+FIIN/48ZytwNJ99Zc=,efBpWFUbVNER4LDUXCKTe/IY7LM=
-1,-28,5x7AC65bT+FIIN/48ZytwNJ99Zc=,efBpWFUbVNER4LDUXCKTe/IY7LM=
-16,-27,5x7AC65bT+FIIN/48ZytwNJ99Zc=,efBpWFUbVNER4LDUXCKTe/IY7LM=
-11,-30,5x7AC65bT+FIIN/48ZytwNJ99Zc=,efBpWFUbVNER4LDUXCKTe/IY7LM=
-13,-31,5x7AC65bT+FIIN/48ZytwNJ99Zc=,efBpWFUbVNER4LDUXCKTe/IY7LM=
-4,-28,5x7AC65bT+FIIN/48ZytwNJ99Zc=,efBpWFUbVNER4LDUXCKTe/IY7LM=
-12,-30,5x7AC65bT+FIIN/48ZytwNJ99Zc=,efBpWFUbVNER4LDUXCKTe/IY7LM=
-15,-27,5x7AC65bT+FIIN/48ZytwNJ99Zc=,efBpWFUbVNER4LDUXCKTe/IY7LM=
-13,-27,5x7AC65bT+FIIN/48ZytwNJ99Zc=,efBpWFUbVNER4LDUXCKTe/IY7LM=
-14,-27,5x7AC65bT+FIIN/48ZytwNJ99Zc=,efBpWFUbVNER4LDUXCKTe/IY7LM=
-12,-27,5x7AC65bT+FIIN/48ZytwNJ99Zc=,efBpWFUbVNER4LDUXCKTe/IY7LM=
-11,-27,5x7AC65bT+FIIN/48ZytwNJ99Zc=,efBpWFUbVNER4LDUXCKTe/IY7LM=
-10,-27,5x7AC65bT+FIIN/48ZytwNJ99Zc=,efBpWFUbVNER4LDUXCKTe/IY7LM=
-9,-27,5x7AC65bT+FIIN/48ZytwNJ99Zc=,efBpWFUbVNER4LDUXCKTe/IY7LM=
-8,-27,5x7AC65bT+FIIN/48ZytwNJ99Zc=,efBpWFUbVNER4LDUXCKTe/IY7LM=
-7,-27,5x7AC65bT+FIIN/48ZytwNJ99Zc=,efBpWFUbVNER4LDUXCKTe/IY7LM=
-6,-27,5x7AC65bT+FIIN/48ZytwNJ99Zc=,efBpWFUbVNER4LDUXCKTe/IY7LM=
-12,-31,5x7AC65bT+FIIN/48ZytwNJ99Zc=,efBpWFUbVNER4LDUXCKTe/IY7LM=
-9,-32,5x7AC65bT+FIIN/48ZytwNJ99Zc=,efBpWFUbVNER4LDUXCKTe/IY7LM=
-16,-29,5x7AC65bT+FIIN/48ZytwNJ99Zc=,efBpWFUbVNER4LDUXCKTe/IY7LM=
-5,-27,5x7AC65bT+FIIN/48ZytwNJ99Zc=,efBpWFUbVNER4LDUXCKTe/IY7LM=
-16,-32,5x7AC65bT+FIIN/48ZytwNJ99Zc=,efBpWFUbVNER4LDUXCKTe/IY7LM=
-3,-27,5x7AC65bT+FIIN/48ZytwNJ99Zc=,efBpWFUbVNER4LDUXCKTe/IY7LM=
-2,-27,5x7AC65bT+FIIN/48ZytwNJ99Zc=,efBpWFUbVNER4LDUXCKTe/IY7LM=
-4,-27,5x7AC65bT+FIIN/48ZytwNJ99Zc=,efBpWFUbVNER4LDUXCKTe/IY7LM=
-1,-27,5x7AC65bT+FIIN/48ZytwNJ99Zc=,efBpWFUbVNER4LDUXCKTe/IY7LM=
-11,-31,5x7AC65bT+FIIN/48ZytwNJ99Zc=,efBpWFUbVNER4LDUXCKTe/IY7LM=
-16,-26,5x7AC65bT+FIIN/48ZytwNJ99Zc=,efBpWFUbVNER4LDUXCKTe/IY7LM=
-14,-26,5x7AC65bT+FIIN/48ZytwNJ99Zc=,efBpWFUbVNER4LDUXCKTe/IY7LM=
-13,-26,5x7AC65bT+FIIN/48ZytwNJ99Zc=,efBpWFUbVNER4LDUXCKTe/IY7LM=
-15,-26,5x7AC65bT+FIIN/48ZytwNJ99Zc=,efBpWFUbVNER4LDUXCKTe/IY7LM=
-12,-26,5x7AC65bT+FIIN/48ZytwNJ99Zc=,efBpWFUbVNER4LDUXCKTe/IY7LM=
-11,-26,5x7AC65bT+FIIN/48ZytwNJ99Zc=,efBpWFUbVNER4LDUXCKTe/IY7LM=
-10,-26,5x7AC65bT+FIIN/48ZytwNJ99Zc=,efBpWFUbVNER4LDUXCKTe/IY7LM=
-9,-26,5x7AC65bT+FIIN/48ZytwNJ99Zc=,efBpWFUbVNER4LDUXCKTe/IY7LM=
-8,-26,5x7AC65bT+FIIN/48ZytwNJ99Zc=,efBpWFUbVNER4LDUXCKTe/IY7LM=
-7,-26,5x7AC65bT+FIIN/48ZytwNJ99Zc=,efBpWFUbVNER4LDUXCKTe/IY7LM=
-15,-29,5x7AC65bT+FIIN/48ZytwNJ99Zc=,efBpWFUbVNER4LDUXCKTe/IY7LM=
-8,-32,5x7AC65bT+FIIN/48ZytwNJ99Zc=,efBpWFUbVNER4LDUXCKTe/IY7LM=
-6,-26,5x7AC65bT+FIIN/48ZytwNJ99Zc=,efBpWFUbVNER4LDUXCKTe/IY7LM=
-4,-26,5x7AC65bT+FIIN/48ZytwNJ99Zc=,efBpWFUbVNER4LDUXCKTe/IY7LM=
-3,-26,5x7AC65bT+FIIN/48ZytwNJ99Zc=,efBpWFUbVNER4LDUXCKTe/IY7LM=
-5,-26,5x7AC65bT+FIIN/48ZytwNJ99Zc=,efBpWFUbVNER4LDUXCKTe/IY7LM=
-2,-26,5x7AC65bT+FIIN/48ZytwNJ99Zc=,efBpWFUbVNER4LDUXCKTe/IY7LM=
-1,-26,5x7AC65bT+FIIN/48ZytwNJ99Zc=,efBpWFUbVNER4LDUXCKTe/IY7LM=
-10,-31,5x7AC65bT+FIIN/48ZytwNJ99Zc=,efBpWFUbVNER4LDUXCKTe/IY7LM=
-16,-25,5x7AC65bT+FIIN/48ZytwNJ99Zc=,efBpWFUbVNER4LDUXCKTe/IY7LM=
-15,-25,5x7AC65bT+FIIN/48ZytwNJ99Zc=,efBpWFUbVNER4LDUXCKTe/IY7LM=
-14,-25,5x7AC65bT+FIIN/48ZytwNJ99Zc=,efBpWFUbVNER4LDUXCKTe/IY7LM=
-13,-25,5x7AC65bT+FIIN/48ZytwNJ99Zc=,efBpWFUbVNER4LDUXCKTe/IY7LM=
-11,-25,5x7AC65bT+FIIN/48ZytwNJ99Zc=,efBpWFUbVNER4LDUXCKTe/IY7LM=
-12,-25,5x7AC65bT+FIIN/48ZytwNJ99Zc=,efBpWFUbVNER4LDUXCKTe/IY7LM=
-9,-25,5x7AC65bT+FIIN/48ZytwNJ99Zc=,efBpWFUbVNER4LDUXCKTe/IY7LM=
-10,-25,5x7AC65bT+FIIN/48ZytwNJ99Zc=,efBpWFUbVNER4LDUXCKTe/IY7LM=
-8,-25,5x7AC65bT+FIIN/48ZytwNJ99Zc=,efBpWFUbVNER4LDUXCKTe/IY7LM=
-14,-29,5x7AC65bT+FIIN/48ZytwNJ99Zc=,efBpWFUbVNER4LDUXCKTe/IY7LM=
-7,-32,5x7AC65bT+FIIN/48ZytwNJ99Zc=,efBpWFUbVNER4LDUXCKTe/IY7LM=
-6,-17,5x7AC65bT+FIIN/48ZytwNJ99Zc=,efBpWFUbVNER4LDUXCKTe/IY7LM=
-13,-30,5x7AC65bT+FIIN/48ZytwNJ99Zc=,efBpWFUbVNER4LDUXCKTe/IY7LM=
-14,-30,5x7AC65bT+FIIN/48ZytwNJ99Zc=,efBpWFUbVNER4LDUXCKTe/IY7LM=
-15,-30,5x7AC65bT+FIIN/48ZytwNJ99Zc=,efBpWFUbVNER4LDUXCKTe/IY7LM=
-7,-25,5x7AC65bT+FIIN/48ZytwNJ99Zc=,efBpWFUbVNER4LDUXCKTe/IY7LM=
-6,-25,5x7AC65bT+FIIN/48ZytwNJ99Zc=,efBpWFUbVNER4LDUXCKTe/IY7LM=
-16,-30,5x7AC65bT+FIIN/48ZytwNJ99Zc=,efBpWFUbVNER4LDUXCKTe/IY7LM=
-5,-25,5x7AC65bT+FIIN/48ZytwNJ99Zc=,efBpWFUbVNER4LDUXCKTe/IY7LM=
-4,-25,5x7AC65bT+FIIN/48ZytwNJ99Zc=,efBpWFUbVNER4LDUXCKTe/IY7LM=
-3,-25,5x7AC65bT+FIIN/48ZytwNJ99Zc=,efBpWFUbVNER4LDUXCKTe/IY7LM=
-1,-25,5x7AC65bT+FIIN/48ZytwNJ99Zc=,efBpWFUbVNER4LDUXCKTe/IY7LM=
-2,-25,5x7AC65bT+FIIN/48ZytwNJ99Zc=,efBpWFUbVNER4LDUXCKTe/IY7LM=
-9,-31,5x7AC65bT+FIIN/48ZytwNJ99Zc=,efBpWFUbVNER4LDUXCKTe/IY7LM=
-16,-24,5x7AC65bT+FIIN/48ZytwNJ99Zc=,efBpWFUbVNER4LDUXCKTe/IY7LM=
-15,-24,5x7AC65bT+FIIN/48ZytwNJ99Zc=,efBpWFUbVNER4LDUXCKTe/IY7LM=
-13,-24,5x7AC65bT+FIIN/48ZytwNJ99Zc=,efBpWFUbVNER4LDUXCKTe/IY7LM=
-14,-24,5x7AC65bT+FIIN/48ZytwNJ99Zc=,efBpWFUbVNER4LDUXCKTe/IY7LM=
-11,-24,5x7AC65bT+FIIN/48ZytwNJ99Zc=,efBpWFUbVNER4LDUXCKTe/IY7LM=
-12,-24,5x7AC65bT+FIIN/48ZytwNJ99Zc=,efBpWFUbVNER4LDUXCKTe/IY7LM=
-10,-24,5x7AC65bT+FIIN/48ZytwNJ99Zc=,efBpWFUbVNER4LDUXCKTe/IY7LM=
-13,-29,5x7AC65bT+FIIN/48ZytwNJ99Zc=,efBpWFUbVNER4LDUXCKTe/IY7LM=
-6,-32,5x7AC65bT+FIIN/48ZytwNJ99Zc=,efBpWFUbVNER4LDUXCKTe/IY7LM=
-9,-24,5x7AC65bT+FIIN/48ZytwNJ99Zc=,efBpWFUbVNER4LDUXCKTe/IY7LM=
-8,-24,5x7AC65bT+FIIN/48ZytwNJ99Zc=,efBpWFUbVNER4LDUXCKTe/IY7LM=
-7,-24,5x7AC65bT+FIIN/48ZytwNJ99Zc=,efBpWFUbVNER4LDUXCKTe/IY7LM=
-6,-24,5x7AC65bT+FIIN/48ZytwNJ99Zc=,efBpWFUbVNER4LDUXCKTe/IY7LM=
-5,-24,5x7AC65bT+FIIN/48ZytwNJ99Zc=,efBpWFUbVNER4LDUXCKTe/IY7LM=
-4,-24,5x7AC65bT+FIIN/48ZytwNJ99Zc=,efBpWFUbVNER4LDUXCKTe/IY7LM=
-3,-24,5x7AC65bT+FIIN/48ZytwNJ99Zc=,efBpWFUbVNER4LDUXCKTe/IY7LM=
-2,-24,5x7AC65bT+FIIN/48ZytwNJ99Zc=,efBpWFUbVNER4LDUXCKTe/IY7LM=
-1,-24,5x7AC65bT+FIIN/48ZytwNJ99Zc=,efBpWFUbVNER4LDUXCKTe/IY7LM=
-8,-31,5x7AC65bT+FIIN/48ZytwNJ99Zc=,efBpWFUbVNER4LDUXCKTe/IY7LM=
-16,-23,5x7AC65bT+FIIN/48ZytwNJ99Zc=,efBpWFUbVNER4LDUXCKTe/IY7LM=
-15,-23,5x7AC65bT+FIIN/48ZytwNJ99Zc=,efBpWFUbVNER4LDUXCKTe/IY7LM=
-7,-17,5x7AC65bT+FIIN/48ZytwNJ99Zc=,efBpWFUbVNER4LDUXCKTe/IY7LM=
-5,-17,5x7AC65bT+FIIN/48ZytwNJ99Zc=,efBpWFUbVNER4LDUXCKTe/IY7LM=
-4,-17,5x7AC65bT+FIIN/48ZytwNJ99Zc=,efBpWFUbVNER4LDUXCKTe/IY7LM=
-14,-32,5x7AC65bT+FIIN/48ZytwNJ99Zc=,efBpWFUbVNER4LDUXCKTe/IY7LM=
-16,-17,5x7AC65bT+FIIN/48ZytwNJ99Zc=,efBpWFUbVNER4LDUXCKTe/IY7LM=
-2,-31,5x7AC65bT+FIIN/48ZytwNJ99Zc=,efBpWFUbVNER4LDUXCKTe/IY7LM=
-6,-29,5x7AC65bT+FIIN/48ZytwNJ99Zc=,efBpWFUbVNER4LDUXCKTe/IY7LM=
-3,-17,5x7AC65bT+FIIN/48ZytwNJ99Zc=,efBpWFUbVNER4LDUXCKTe/IY7LM=
-14,-23,5x7AC65bT+FIIN/48ZytwNJ99Zc=,efBpWFUbVNER4LDUXCKTe/IY7LM=
-13,-23,5x7AC65bT+FIIN/48ZytwNJ99Zc=,efBpWFUbVNER4LDUXCKTe/IY7LM=
-9,-17,5x7AC65bT+FIIN/48ZytwNJ99Zc=,efBpWFUbVNER4LDUXCKTe/IY7LM=
-8,-17,5x7AC65bT+FIIN/48ZytwNJ99Zc=,efBpWFUbVNER4LDUXCKTe/IY7LM=
-10,-17,5x7AC65bT+FIIN/48ZytwNJ99Zc=,efBpWFUbVNER4LDUXCKTe/IY7LM=
-11,-17,5x7AC65bT+FIIN/48ZytwNJ99Zc=,efBpWFUbVNER4LDUXCKTe/IY7LM=
-12,-23,5x7AC65bT+FIIN/48ZytwNJ99Zc=,efBpWFUbVNER4LDUXCKTe/IY7LM=
-3,-18,5x7AC65bT+FIIN/48ZytwNJ99Zc=,efBpWFUbVNER4LDUXCKTe/IY7LM=
-15,-17,5x7AC65bT+FIIN/48ZytwNJ99Zc=,efBpWFUbVNER4LDUXCKTe/IY7LM=
-11,-23,5x7AC65bT+FIIN/48ZytwNJ99Zc=,efBpWFUbVNER4LDUXCKTe/IY7LM=
-2,-17,5x7AC65bT+FIIN/48ZytwNJ99Zc=,efBpWFUbVNER4LDUXCKTe/IY7LM=
-10,-23,5x7AC65bT+FIIN/48ZytwNJ99Zc=,efBpWFUbVNER4LDUXCKTe/IY7LM=
-14,-17,5x7AC65bT+FIIN/48ZytwNJ99Zc=,efBpWFUbVNER4LDUXCKTe/IY7LM=
-12,-29,5x7AC65bT+FIIN/48ZytwNJ99Zc=,efBpWFUbVNER4LDUXCKTe/IY7LM=
-5,-32,5x7AC65bT+FIIN/48ZytwNJ99Zc=,efBpWFUbVNER4LDUXCKTe/IY7LM=
-12,-17,5x7AC65bT+FIIN/48ZytwNJ99Zc=,efBpWFUbVNER4LDUXCKTe/IY7LM=
-13,-17,5x7AC65bT+FIIN/48ZytwNJ99Zc=,efBpWFUbVNER4LDUXCKTe/IY7LM=
-7,-18,5x7AC65bT+FIIN/48ZytwNJ99Zc=,efBpWFUbVNER4LDUXCKTe/IY7LM=
-9,-23,5x7AC65bT+FIIN/48ZytwNJ99Zc=,efBpWFUbVNER4LDUXCKTe/IY7LM=
-1,-17,5x7AC65bT+FIIN/48ZytwNJ99Zc=,efBpWFUbVNER4LDUXCKTe/IY7LM=
-9,-18,5x7AC65bT+FIIN/48ZytwNJ99Zc=,efBpWFUbVNER4LDUXCKTe/IY7LM=
-15,-31,5x7AC65bT+FIIN/48ZytwNJ99Zc=,efBpWFUbVNER4LDUXCKTe/IY7LM=
-7,-29,5x7AC65bT+FIIN/48ZytwNJ99Zc=,efBpWFUbVNER4LDUXCKTe/IY7LM=
-16,-31,5x7AC65bT+FIIN/48ZytwNJ99Zc=,efBpWFUbVNER4LDUXCKTe/IY7LM=
-6,-18,5x7AC65bT+FIIN/48ZytwNJ99Zc=,efBpWFUbVNER4LDUXCKTe/IY7LM=
-15,-32,5x7AC65bT+FIIN/48ZytwNJ99Zc=,efBpWFUbVNER4LDUXCKTe/IY7LM=
-16,-18,5x7AC65bT+FIIN/48ZytwNJ99Zc=,efBpWFUbVNER4LDUXCKTe/IY7LM=
-4,-18,5x7AC65bT+FIIN/48ZytwNJ99Zc=,efBpWFUbVNER4LDUXCKTe/IY7LM=
-10,-18,5x7AC65bT+FIIN/48ZytwNJ99Zc=,efBpWFUbVNER4LDUXCKTe/IY7LM=
-2,-18,5x7AC65bT+FIIN/48ZytwNJ99Zc=,efBpWFUbVNER4LDUXCKTe/IY7LM=
-8,-18,5x7AC65bT+FIIN/48ZytwNJ99Zc=,efBpWFUbVNER4LDUXCKTe/IY7LM=
-8,-23,5x7AC65bT+FIIN/48ZytwNJ99Zc=,efBpWFUbVNER4LDUXCKTe/IY7LM=
-5,-18,5x7AC65bT+FIIN/48ZytwNJ99Zc=,efBpWFUbVNER4LDUXCKTe/IY7LM=
-3,-19,5x7AC65bT+FIIN/48ZytwNJ99Zc=,efBpWFUbVNER4LDUXCKTe/IY7LM=
-12,-18,5x7AC65bT+FIIN/48ZytwNJ99Zc=,efBpWFUbVNER4LDUXCKTe/IY7LM=
-1,-18,5x7AC65bT+FIIN/48ZytwNJ99Zc=,efBpWFUbVNER4LDUXCKTe/IY7LM=
-7,-19,5x7AC65bT+FIIN/48ZytwNJ99Zc=,efBpWFUbVNER4LDUXCKTe/IY7LM=
-11,-18,5x7AC65bT+FIIN/48ZytwNJ99Zc=,efBpWFUbVNER4LDUXCKTe/IY7LM=
-8,-19,5x7AC65bT+FIIN/48ZytwNJ99Zc=,efBpWFUbVNER4LDUXCKTe/IY7LM=
-6,-19,5x7AC65bT+FIIN/48ZytwNJ99Zc=,efBpWFUbVNER4LDUXCKTe/IY7LM=
-1,-32,5x7AC65bT+FIIN/48ZytwNJ99Zc=,efBpWFUbVNER4LDUXCKTe/IY7LM=
-3,-31,5x7AC65bT+FIIN/48ZytwNJ99Zc=,efBpWFUbVNER4LDUXCKTe/IY7LM=
-8,-29,5x7AC65bT+FIIN/48ZytwNJ99Zc=,efBpWFUbVNER4LDUXCKTe/IY7LM=
-9,-19,5x7AC65bT+FIIN/48ZytwNJ99Zc=,efBpWFUbVNER4LDUXCKTe/IY7LM=
-15,-18,5x7AC65bT+FIIN/48ZytwNJ99Zc=,efBpWFUbVNER4LDUXCKTe/IY7LM=
-4,-31,5x7AC65bT+FIIN/48ZytwNJ99Zc=,efBpWFUbVNER4LDUXCKTe/IY7LM=
-13,-19,5x7AC65bT+FIIN/48ZytwNJ99Zc=,efBpWFUbVNER4LDUXCKTe/IY7LM=
-16,-19,5x7AC65bT+FIIN/48ZytwNJ99Zc=,efBpWFUbVNER4LDUXCKTe/IY7LM=
-14,-18,5x7AC65bT+FIIN/48ZytwNJ99Zc=,efBpWFUbVNER4LDUXCKTe/IY7LM=
-5,-19,5x7AC65bT+FIIN/48ZytwNJ99Zc=,efBpWFUbVNER4LDUXCKTe/IY7LM=
-2,-19,5x7AC65bT+FIIN/48ZytwNJ99Zc=,efBpWFUbVNER4LDUXCKTe/IY7LM=
-4,-19,5x7AC65bT+FIIN/48ZytwNJ99Zc=,efBpWFUbVNER4LDUXCKTe/IY7LM=
-14,-19,5x7AC65bT+FIIN/48ZytwNJ99Zc=,efBpWFUbVNER4LDUXCKTe/IY7LM=
-13,-18,5x7AC65bT+FIIN/48ZytwNJ99Zc=,efBpWFUbVNER4LDUXCKTe/IY7LM=
-7,-23,5x7AC65bT+FIIN/48ZytwNJ99Zc=,efBpWFUbVNER4LDUXCKTe/IY7LM=
-11,-19,5x7AC65bT+FIIN/48ZytwNJ99Zc=,efBpWFUbVNER4LDUXCKTe/IY7LM=
-15,-19,5x7AC65bT+FIIN/48ZytwNJ99Zc=,efBpWFUbVNER4LDUXCKTe/IY7LM=
-8,-20,5x7AC65bT+FIIN/48ZytwNJ99Zc=,efBpWFUbVNER4LDUXCKTe/IY7LM=
-12,-19,5x7AC65bT+FIIN/48ZytwNJ99Zc=,efBpWFUbVNER4LDUXCKTe/IY7LM=
-10,-19,5x7AC65bT+FIIN/48ZytwNJ99Zc=,efBpWFUbVNER4LDUXCKTe/IY7LM=
-2,-32,5x7AC65bT+FIIN/48ZytwNJ99Zc=,efBpWFUbVNER4LDUXCKTe/IY7LM=
-9,-29,5x7AC65bT+FIIN/48ZytwNJ99Zc=,efBpWFUbVNER4LDUXCKTe/IY7LM=
-1,-19,5x7AC65bT+FIIN/48ZytwNJ99Zc=,efBpWFUbVNER4LDUXCKTe/IY7LM=
-9,-20,5x7AC65bT+FIIN/48ZytwNJ99Zc=,efBpWFUbVNER4LDUXCKTe/IY7LM=
-13,-20,5x7AC65bT+FIIN/48ZytwNJ99Zc=,efBpWFUbVNER4LDUXCKTe/IY7LM=
-5,-31,5x7AC65bT+FIIN/48ZytwNJ99Zc=,efBpWFUbVNER4LDUXCKTe/IY7LM=
-16,-20,5x7AC65bT+FIIN/48ZytwNJ99Zc=,efBpWFUbVNER4LDUXCKTe/IY7LM=
-5,-20,5x7AC65bT+FIIN/48ZytwNJ99Zc=,efBpWFUbVNER4LDUXCKTe/IY7LM=
-6,-20,5x7AC65bT+FIIN/48ZytwNJ99Zc=,efBpWFUbVNER4LDUXCKTe/IY7LM=
-6,-23,5x7AC65bT+FIIN/48ZytwNJ99Zc=,efBpWFUbVNER4LDUXCKTe/IY7LM=
-4,-20,5x7AC65bT+FIIN/48ZytwNJ99Zc=,efBpWFUbVNER4LDUXCKTe/IY7LM=
-14,-20,5x7AC65bT+FIIN/48ZytwNJ99Zc=,efBpWFUbVNER4LDUXCKTe/IY7LM=
-7,-20,5x7AC65bT+FIIN/48ZytwNJ99Zc=,efBpWFUbVNER4LDUXCKTe/IY7LM=
-3,-20,5x7AC65bT+FIIN/48ZytwNJ99Zc=,efBpWFUbVNER4LDUXCKTe/IY7LM=
-11,-20,5x7AC65bT+FIIN/48ZytwNJ99Zc=,efBpWFUbVNER4LDUXCKTe/IY7LM=
-3,-21,5x7AC65bT+FIIN/48ZytwNJ99Zc=,efBpWFUbVNER4LDUXCKTe/IY7LM=
-12,-20,5x7AC65bT+FIIN/48ZytwNJ99Zc=,efBpWFUbVNER4LDUXCKTe/IY7LM=
-10,-20,5x7AC65bT+FIIN/48ZytwNJ99Zc=,efBpWFUbVNER4LDUXCKTe/IY7LM=
-2,-21,5x7AC65bT+FIIN/48ZytwNJ99Zc=,efBpWFUbVNER4LDUXCKTe/IY7LM=
-1,-21,5x7AC65bT+FIIN/48ZytwNJ99Zc=,efBpWFUbVNER4LDUXCKTe/IY7LM=
-3,-32,5x7AC65bT+FIIN/48ZytwNJ99Zc=,efBpWFUbVNER4LDUXCKTe/IY7LM=
-10,-29,5x7AC65bT+FIIN/48ZytwNJ99Zc=,efBpWFUbVNER4LDUXCKTe/IY7LM=
-5,-23,5x7AC65bT+FIIN/48ZytwNJ99Zc=,efBpWFUbVNER4LDUXCKTe/IY7LM=
-2,-20,5x7AC65bT+FIIN/48ZytwNJ99Zc=,efBpWFUbVNER4LDUXCKTe/IY7LM=
-6,-21,5x7AC65bT+FIIN/48ZytwNJ99Zc=,efBpWFUbVNER4LDUXCKTe/IY7LM=
-13,-21,5x7AC65bT+FIIN/48ZytwNJ99Zc=,efBpWFUbVNER4LDUXCKTe/IY7LM=
-16,-21,5x7AC65bT+FIIN/48ZytwNJ99Zc=,efBpWFUbVNER4LDUXCKTe/IY7LM=
-6,-31,5x7AC65bT+FIIN/48ZytwNJ99Zc=,efBpWFUbVNER4LDUXCKTe/IY7LM=
-1,-20,5x7AC65bT+FIIN/48ZytwNJ99Zc=,efBpWFUbVNER4LDUXCKTe/IY7LM=
-12,-21,5x7AC65bT+FIIN/48ZytwNJ99Zc=,efBpWFUbVNER4LDUXCKTe/IY7LM=
-15,-20,5x7AC65bT+FIIN/48ZytwNJ99Zc=,efBpWFUbVNER4LDUXCKTe/IY7LM=
-11,-21,5x7AC65bT+FIIN/48ZytwNJ99Zc=,efBpWFUbVNER4LDUXCKTe/IY7LM=
-10,-21,5x7AC65bT+FIIN/48ZytwNJ99Zc=,efBpWFUbVNER4LDUXCKTe/IY7LM=
-4,-21,5x7AC65bT+FIIN/48ZytwNJ99Zc=,efBpWFUbVNER4LDUXCKTe/IY7LM=
-14,-21,5x7AC65bT+FIIN/48ZytwNJ99Zc=,efBpWFUbVNER4LDUXCKTe/IY7LM=
-4,-23,5x7AC65bT+FIIN/48ZytwNJ99Zc=,efBpWFUbVNER4LDUXCKTe/IY7LM=
-15,-21,5x7AC65bT+FIIN/48ZytwNJ99Zc=,efBpWFUbVNER4LDUXCKTe/IY7LM=
-1,-22,5x7AC65bT+FIIN/48ZytwNJ99Zc=,efBpWFUbVNER4LDUXCKTe/IY7LM=
-7,-21,5x7AC65bT+FIIN/48ZytwNJ99Zc=,efBpWFUbVNER4LDUXCKTe/IY7LM=
-9,-21,5x7AC65bT+FIIN/48ZytwNJ99Zc=,efBpWFUbVNER4LDUXCKTe/IY7LM=
-11,-29,5x7AC65bT+FIIN/48ZytwNJ99Zc=,efBpWFUbVNER4LDUXCKTe/IY7LM=
-4,-32,5x7AC65bT+FIIN/48ZytwNJ99Zc=,efBpWFUbVNER4LDUXCKTe/IY7LM=
-8,-21,5x7AC65bT+FIIN/48ZytwNJ99Zc=,efBpWFUbVNER4LDUXCKTe/IY7LM=
-3,-22,5x7AC65bT+FIIN/48ZytwNJ99Zc=,efBpWFUbVNER4LDUXCKTe/IY7LM=
-12,-22,5x7AC65bT+FIIN/48ZytwNJ99Zc=,efBpWFUbVNER4LDUXCKTe/IY7LM=
-16,-22,5x7AC65bT+FIIN/48ZytwNJ99Zc=,efBpWFUbVNER4LDUXCKTe/IY7LM=
-15,-22,5x7AC65bT+FIIN/48ZytwNJ99Zc=,efBpWFUbVNER4LDUXCKTe/IY7LM=
-7,-31,5x7AC65bT+FIIN/48ZytwNJ99Zc=,efBpWFUbVNER4LDUXCKTe/IY7LM=
-10,-22,5x7AC65bT+FIIN/48ZytwNJ99Zc=,efBpWFUbVNER4LDUXCKTe/IY7LM=
-5,-21,5x7AC65bT+FIIN/48ZytwNJ99Zc=,efBpWFUbVNER4LDUXCKTe/IY7LM=
-13,-22,5x7AC65bT+FIIN/48ZytwNJ99Zc=,efBpWFUbVNER4LDUXCKTe/IY7LM=
-3,-23,5x7AC65bT+FIIN/48ZytwNJ99Zc=,efBpWFUbVNER4LDUXCKTe/IY7LM=
-11,-22,5x7AC65bT+FIIN/48ZytwNJ99Zc=,efBpWFUbVNER4LDUXCKTe/IY7LM=
-6,-22,5x7AC65bT+FIIN/48ZytwNJ99Zc=,efBpWFUbVNER4LDUXCKTe/IY7LM=
-2,-22,5x7AC65bT+FIIN/48ZytwNJ99Zc=,efBpWFUbVNER4LDUXCKTe/IY7LM=
-7,-22,5x7AC65bT+FIIN/48ZytwNJ99Zc=,efBpWFUbVNER4LDUXCKTe/IY7LM=
-9,-22,5x7AC65bT+FIIN/48ZytwNJ99Zc=,efBpWFUbVNER4LDUXCKTe/IY7LM=
-14,-22,5x7AC65bT+FIIN/48ZytwNJ99Zc=,efBpWFUbVNER4LDUXCKTe/IY7LM=
-4,-22,5x7AC65bT+FIIN/48ZytwNJ99Zc=,efBpWFUbVNER4LDUXCKTe/IY7LM=
-2,-23,5x7AC65bT+FIIN/48ZytwNJ99Zc=,efBpWFUbVNER4LDUXCKTe/IY7LM=
-8,-22,5x7AC65bT+FIIN/48ZytwNJ99Zc=,efBpWFUbVNER4LDUXCKTe/IY7LM=
-5,-22,5x7AC65bT+FIIN/48ZytwNJ99Zc=,efBpWFUbVNER4LDUXCKTe/IY7LM=
-1,-23,5x7AC65bT+FIIN/48ZytwNJ99Zc=,efBpWFUbVNER4LDUXCKTe/IY7LM=
-17,-17,rF3NnxFGReNziCW79im7pNpmwME=,efBpWFUbVNER4LDUXCKTe/IY7LM=
-19,-30,rF3NnxFGReNziCW79im7pNpmwME=,efBpWFUbVNER4LDUXCKTe/IY7LM=
-18,-17,rF3NnxFGReNziCW79im7pNpmwME=,efBpWFUbVNER4LDUXCKTe/IY7LM=
-22,-17,rF3NnxFGReNziCW79im7pNpmwME=,efBpWFUbVNER4LDUXCKTe/IY7LM=
-19,-17,rF3NnxFGReNziCW79im7pNpmwME=,efBpWFUbVNER4LDUXCKTe/IY7LM=
-23,-17,rF3NnxFGReNziCW79im7pNpmwME=,efBpWFUbVNER4LDUXCKTe/IY7LM=
-29,-32,rF3NnxFGReNziCW79im7pNpmwME=,efBpWFUbVNER4LDUXCKTe/IY7LM=
-20,-17,rF3NnxFGReNziCW79im7pNpmwME=,efBpWFUbVNER4LDUXCKTe/IY7LM=
-24,-17,rF3NnxFGReNziCW79im7pNpmwME=,efBpWFUbVNER4LDUXCKTe/IY7LM=
-25,-17,rF3NnxFGReNziCW79im7pNpmwME=,efBpWFUbVNER4LDUXCKTe/IY7LM=
-26,-17,rF3NnxFGReNziCW79im7pNpmwME=,efBpWFUbVNER4LDUXCKTe/IY7LM=
-21,-17,rF3NnxFGReNziCW79im7pNpmwME=,efBpWFUbVNER4LDUXCKTe/IY7LM=
-17,-31,rF3NnxFGReNziCW79im7pNpmwME=,efBpWFUbVNER4LDUXCKTe/IY7LM=
-27,-17,rF3NnxFGReNziCW79im7pNpmwME=,efBpWFUbVNER4LDUXCKTe/IY7LM=
-18,-31,rF3NnxFGReNziCW79im7pNpmwME=,efBpWFUbVNER4LDUXCKTe/IY7LM=
-19,-31,rF3NnxFGReNziCW79im7pNpmwME=,efBpWFUbVNER4LDUXCKTe/IY7LM=
-22,-31,rF3NnxFGReNziCW79im7pNpmwME=,efBpWFUbVNER4LDUXCKTe/IY7LM=
-20,-31,rF3NnxFGReNziCW79im7pNpmwME=,efBpWFUbVNER4LDUXCKTe/IY7LM=
-23,-31,rF3NnxFGReNziCW79im7pNpmwME=,efBpWFUbVNER4LDUXCKTe/IY7LM=
-29,-17,rF3NnxFGReNziCW79im7pNpmwME=,efBpWFUbVNER4LDUXCKTe/IY7LM=
-24,-31,rF3NnxFGReNziCW79im7pNpmwME=,efBpWFUbVNER4LDUXCKTe/IY7LM=
-21,-31,rF3NnxFGReNziCW79im7pNpmwME=,efBpWFUbVNER4LDUXCKTe/IY7LM=
-28,-17,rF3NnxFGReNziCW79im7pNpmwME=,efBpWFUbVNER4LDUXCKTe/IY7LM=
-25,-31,rF3NnxFGReNziCW79im7pNpmwME=,efBpWFUbVNER4LDUXCKTe/IY7LM=
-30,-17,rF3NnxFGReNziCW79im7pNpmwME=,efBpWFUbVNER4LDUXCKTe/IY7LM=
-31,-17,rF3NnxFGReNziCW79im7pNpmwME=,efBpWFUbVNER4LDUXCKTe/IY7LM=
-31,-31,rF3NnxFGReNziCW79im7pNpmwME=,efBpWFUbVNER4LDUXCKTe/IY7LM=
-26,-31,rF3NnxFGReNziCW79im7pNpmwME=,efBpWFUbVNER4LDUXCKTe/IY7LM=
-27,-31,rF3NnxFGReNziCW79im7pNpmwME=,efBpWFUbVNER4LDUXCKTe/IY7LM=
-18,-30,rF3NnxFGReNziCW79im7pNpmwME=,efBpWFUbVNER4LDUXCKTe/IY7LM=
-28,-31,rF3NnxFGReNziCW79im7pNpmwME=,efBpWFUbVNER4LDUXCKTe/IY7LM=
-29,-31,rF3NnxFGReNziCW79im7pNpmwME=,efBpWFUbVNER4LDUXCKTe/IY7LM=
-32,-17,rF3NnxFGReNziCW79im7pNpmwME=,efBpWFUbVNER4LDUXCKTe/IY7LM=
-18,-18,rF3NnxFGReNziCW79im7pNpmwME=,efBpWFUbVNER4LDUXCKTe/IY7LM=
-17,-18,rF3NnxFGReNziCW79im7pNpmwME=,efBpWFUbVNER4LDUXCKTe/IY7LM=
-30,-32,rF3NnxFGReNziCW79im7pNpmwME=,efBpWFUbVNER4LDUXCKTe/IY7LM=
-17,-30,rF3NnxFGReNziCW79im7pNpmwME=,efBpWFUbVNER4LDUXCKTe/IY7LM=
-19,-18,rF3NnxFGReNziCW79im7pNpmwME=,efBpWFUbVNER4LDUXCKTe/IY7LM=
-20,-18,rF3NnxFGReNziCW79im7pNpmwME=,efBpWFUbVNER4LDUXCKTe/IY7LM=
-20,-30,rF3NnxFGReNziCW79im7pNpmwME=,efBpWFUbVNER4LDUXCKTe/IY7LM=
-21,-18,rF3NnxFGReNziCW79im7pNpmwME=,efBpWFUbVNER4LDUXCKTe/IY7LM=
-30,-31,rF3NnxFGReNziCW79im7pNpmwME=,efBpWFUbVNER4LDUXCKTe/IY7LM=
-32,-29,rF3NnxFGReNziCW79im7pNpmwME=,efBpWFUbVNER4LDUXCKTe/IY7LM=
-25,-18,rF3NnxFGReNziCW79im7pNpmwME=,efBpWFUbVNER4LDUXCKTe/IY7LM=
-24,-18,rF3NnxFGReNziCW79im7pNpmwME=,efBpWFUbVNER4LDUXCKTe/IY7LM=
-26,-18,rF3NnxFGReNziCW79im7pNpmwME=,efBpWFUbVNER4LDUXCKTe/IY7LM=
-28,-18,rF3NnxFGReNziCW79im7pNpmwME=,efBpWFUbVNER4LDUXCKTe/IY7LM=
-22,-18,rF3NnxFGReNziCW79im7pNpmwME=,efBpWFUbVNER4LDUXCKTe/IY7LM=
-31,-29,rF3NnxFGReNziCW79im7pNpmwME=,efBpWFUbVNER4LDUXCKTe/IY7LM=
-27,-18,rF3NnxFGReNziCW79im7pNpmwME=,efBpWFUbVNER4LDUXCKTe/IY7LM=
-31,-18,rF3NnxFGReNziCW79im7pNpmwME=,efBpWFUbVNER4LDUXCKTe/IY7LM=
-29,-18,rF3NnxFGReNziCW79im7pNpmwME=,efBpWFUbVNER4LDUXCKTe/IY7LM=
-30,-18,rF3NnxFGReNziCW79im7pNpmwME=,efBpWFUbVNER4LDUXCKTe/IY7LM=
-30,-29,rF3NnxFGReNziCW79im7pNpmwME=,efBpWFUbVNER4LDUXCKTe/IY7LM=
-32,-31,rF3NnxFGReNziCW79im7pNpmwME=,efBpWFUbVNER4LDUXCKTe/IY7LM=
-17,-19,rF3NnxFGReNziCW79im7pNpmwME=,efBpWFUbVNER4LDUXCKTe/IY7LM=
-32,-18,rF3NnxFGReNziCW79im7pNpmwME=,efBpWFUbVNER4LDUXCKTe/IY7LM=
-18,-19,rF3NnxFGReNziCW79im7pNpmwME=,efBpWFUbVNER4LDUXCKTe/IY7LM=
-19,-19,rF3NnxFGReNziCW79im7pNpmwME=,efBpWFUbVNER4LDUXCKTe/IY7LM=
-17,-32,rF3NnxFGReNziCW79im7pNpmwME=,efBpWFUbVNER4LDUXCKTe/IY7LM=
-21,-30,rF3NnxFGReNziCW79im7pNpmwME=,efBpWFUbVNER4LDUXCKTe/IY7LM=
-29,-29,rF3NnxFGReNziCW79im7pNpmwME=,efBpWFUbVNER4LDUXCKTe/IY7LM=
-20,-19,rF3NnxFGReNziCW79im7pNpmwME=,efBpWFUbVNER4LDUXCKTe/IY7LM=
-22,-19,rF3NnxFGReNziCW79im7pNpmwME=,efBpWFUbVNER4LDUXCKTe/IY7LM=
-23,-19,rF3NnxFGReNziCW79im7pNpmwME=,efBpWFUbVNER4LDUXCKTe/IY7LM=
-27,-19,rF3NnxFGReNziCW79im7pNpmwME=,efBpWFUbVNER4LDUXCKTe/IY7LM=
-25,-19,rF3NnxFGReNziCW79im7pNpmwME=,efBpWFUbVNER4LDUXCKTe/IY7LM=
-21,-19,rF3NnxFGReNziCW79im7pNpmwME=,efBpWFUbVNER4LDUXCKTe/IY7LM=
-26,-19,rF3NnxFGReNziCW79im7pNpmwME=,efBpWFUbVNER4LDUXCKTe/IY7LM=
-30,-19,rF3NnxFGReNziCW79im7pNpmwME=,efBpWFUbVNER4LDUXCKTe/IY7LM=
-23,-18,rF3NnxFGReNziCW79im7pNpmwME=,efBpWFUbVNER4LDUXCKTe/IY7LM=
-24,-19,rF3NnxFGReNziCW79im7pNpmwME=,efBpWFUbVNER4LDUXCKTe/IY7LM=
-29,-19,rF3NnxFGReNziCW79im7pNpmwME=,efBpWFUbVNER4LDUXCKTe/IY7LM=
-28,-29,rF3NnxFGReNziCW79im7pNpmwME=,efBpWFUbVNER4LDUXCKTe/IY7LM=
-31,-32,rF3NnxFGReNziCW79im7pNpmwME=,efBpWFUbVNER4LDUXCKTe/IY7LM=
-17,-20,rF3NnxFGReNziCW79im7pNpmwME=,efBpWFUbVNER4LDUXCKTe/IY7LM=
-31,-19,rF3NnxFGReNziCW79im7pNpmwME=,efBpWFUbVNER4LDUXCKTe/IY7LM=
-18,-20,rF3NnxFGReNziCW79im7pNpmwME=,efBpWFUbVNER4LDUXCKTe/IY7LM=
-19,-20,rF3NnxFGReNziCW79im7pNpmwME=,efBpWFUbVNER4LDUXCKTe/IY7LM=
-28,-19,rF3NnxFGReNziCW79im7pNpmwME=,efBpWFUbVNER4LDUXCKTe/IY7LM=
-32,-19,rF3NnxFGReNziCW79im7pNpmwME=,efBpWFUbVNER4LDUXCKTe/IY7LM=
-22,-20,rF3NnxFGReNziCW79im7pNpmwME=,efBpWFUbVNER4LDUXCKTe/IY7LM=
-21,-20,rF3NnxFGReNziCW79im7pNpmwME=,efBpWFUbVNER4LDUXCKTe/IY7LM=
-23,-20,rF3NnxFGReNziCW79im7pNpmwME=,efBpWFUbVNER4LDUXCKTe/IY7LM=
-18,-32,rF3NnxFGReNziCW79im7pNpmwME=,efBpWFUbVNER4LDUXCKTe/IY7LM=
-22,-30,rF3NnxFGReNziCW79im7pNpmwME=,efBpWFUbVNER4LDUXCKTe/IY7LM=
-24,-20,rF3NnxFGReNziCW79im7pNpmwME=,efBpWFUbVNER4LDUXCKTe/IY7LM=
-25,-20,rF3NnxFGReNziCW79im7pNpmwME=,efBpWFUbVNER4LDUXCKTe/IY7LM=
-32,-30,rF3NnxFGReNziCW79im7pNpmwME=,efBpWFUbVNER4LDUXCKTe/IY7LM=
-30,-20,rF3NnxFGReNziCW79im7pNpmwME=,efBpWFUbVNER4LDUXCKTe/IY7LM=
-29,-20,rF3NnxFGReNziCW79im7pNpmwME=,efBpWFUbVNER4LDUXCKTe/IY7LM=
-31,-20,rF3NnxFGReNziCW79im7pNpmwME=,efBpWFUbVNER4LDUXCKTe/IY7LM=
-27,-20,rF3NnxFGReNziCW79im7pNpmwME=,efBpWFUbVNER4LDUXCKTe/IY7LM=
-28,-20,rF3NnxFGReNziCW79im7pNpmwME=,efBpWFUbVNER4LDUXCKTe/IY7LM=
-26,-20,rF3NnxFGReNziCW79im7pNpmwME=,efBpWFUbVNER4LDUXCKTe/IY7LM=
-28,-32,rF3NnxFGReNziCW79im7pNpmwME=,efBpWFUbVNER4LDUXCKTe/IY7LM=
-18,-21,rF3NnxFGReNziCW79im7pNpmwME=,efBpWFUbVNER4LDUXCKTe/IY7LM=
-17,-21,rF3NnxFGReNziCW79im7pNpmwME=,efBpWFUbVNER4LDUXCKTe/IY7LM=
-20,-21,rF3NnxFGReNziCW79im7pNpmwME=,efBpWFUbVNER4LDUXCKTe/IY7LM=
-19,-32,rF3NnxFGReNziCW79im7pNpmwME=,efBpWFUbVNER4LDUXCKTe/IY7LM=
-23,-30,rF3NnxFGReNziCW79im7pNpmwME=,efBpWFUbVNER4LDUXCKTe/IY7LM=
-20,-20,rF3NnxFGReNziCW79im7pNpmwME=,efBpWFUbVNER4LDUXCKTe/IY7LM=
-27,-29,rF3NnxFGReNziCW79im7pNpmwME=,efBpWFUbVNER4LDUXCKTe/IY7LM=
-23,-21,rF3NnxFGReNziCW79im7pNpmwME=,efBpWFUbVNER4LDUXCKTe/IY7LM=
-25,-21,rF3NnxFGReNziCW79im7pNpmwME=,efBpWFUbVNER4LDUXCKTe/IY7LM=
-22,-21,rF3NnxFGReNziCW79im7pNpmwME=,efBpWFUbVNER4LDUXCKTe/IY7LM=
-24,-21,rF3NnxFGReNziCW79im7pNpmwME=,efBpWFUbVNER4LDUXCKTe/IY7LM=
-21,-21,rF3NnxFGReNziCW79im7pNpmwME=,efBpWFUbVNER4LDUXCKTe/IY7LM=
-19,-21,rF3NnxFGReNziCW79im7pNpmwME=,efBpWFUbVNER4LDUXCKTe/IY7LM=
-26,-21,rF3NnxFGReNziCW79im7pNpmwME=,efBpWFUbVNER4LDUXCKTe/IY7LM=
-26,-29,rF3NnxFGReNziCW79im7pNpmwME=,efBpWFUbVNER4LDUXCKTe/IY7LM=
-28,-21,rF3NnxFGReNziCW79im7pNpmwME=,efBpWFUbVNER4LDUXCKTe/IY7LM=
-30,-21,rF3NnxFGReNziCW79im7pNpmwME=,efBpWFUbVNER4LDUXCKTe/IY7LM=
-27,-21,rF3NnxFGReNziCW79im7pNpmwME=,efBpWFUbVNER4LDUXCKTe/IY7LM=
-29,-21,rF3NnxFGReNziCW79im7pNpmwME=,efBpWFUbVNER4LDUXCKTe/IY7LM=
-32,-21,rF3NnxFGReNziCW79im7pNpmwME=,efBpWFUbVNER4LDUXCKTe/IY7LM=
-31,-21,rF3NnxFGReNziCW79im7pNpmwME=,efBpWFUbVNER4LDUXCKTe/IY7LM=
-17,-22,rF3NnxFGReNziCW79im7pNpmwME=,efBpWFUbVNER4LDUXCKTe/IY7LM=
-19,-22,rF3NnxFGReNziCW79im7pNpmwME=,efBpWFUbVNER4LDUXCKTe/IY7LM=
-20,-22,rF3NnxFGReNziCW79im7pNpmwME=,efBpWFUbVNER4LDUXCKTe/IY7LM=
-25,-29,rF3NnxFGReNziCW79im7pNpmwME=,efBpWFUbVNER4LDUXCKTe/IY7LM=
-18,-22,rF3NnxFGReNziCW79im7pNpmwME=,efBpWFUbVNER4LDUXCKTe/IY7LM=
-22,-22,rF3NnxFGReNziCW79im7pNpmwME=,efBpWFUbVNER4LDUXCKTe/IY7LM=
-21,-22,rF3NnxFGReNziCW79im7pNpmwME=,efBpWFUbVNER4LDUXCKTe/IY7LM=
-24,-30,rF3NnxFGReNziCW79im7pNpmwME=,efBpWFUbVNER4LDUXCKTe/IY7LM=
-32,-20,rF3NnxFGReNziCW79im7pNpmwME=,efBpWFUbVNER4LDUXCKTe/IY7LM=
-20,-32,rF3NnxFGReNziCW79im7pNpmwME=,efBpWFUbVNER4LDUXCKTe/IY7LM=
-23,-22,rF3NnxFGReNziCW79im7pNpmwME=,efBpWFUbVNER4LDUXCKTe/IY7LM=
-24,-29,rF3NnxFGReNziCW79im7pNpmwME=,efBpWFUbVNER4LDUXCKTe/IY7LM=
-27,-22,rF3NnxFGReNziCW79im7pNpmwME=,efBpWFUbVNER4LDUXCKTe/IY7LM=
-29,-22,rF3NnxFGReNziCW79im7pNpmwME=,efBpWFUbVNER4LDUXCKTe/IY7LM=
-25,-22,rF3NnxFGReNziCW79im7pNpmwME=,efBpWFUbVNER4LDUXCKTe/IY7LM=
-28,-22,rF3NnxFGReNziCW79im7pNpmwME=,efBpWFUbVNER4LDUXCKTe/IY7LM=
-26,-22,rF3NnxFGReNziCW79im7pNpmwME=,efBpWFUbVNER4LDUXCKTe/IY7LM=
-32,-22,rF3NnxFGReNziCW79im7pNpmwME=,efBpWFUbVNER4LDUXCKTe/IY7LM=
-23,-29,rF3NnxFGReNziCW79im7pNpmwME=,efBpWFUbVNER4LDUXCKTe/IY7LM=
-31,-22,rF3NnxFGReNziCW79im7pNpmwME=,efBpWFUbVNER4LDUXCKTe/IY7LM=
-17,-23,rF3NnxFGReNziCW79im7pNpmwME=,efBpWFUbVNER4LDUXCKTe/IY7LM=
-30,-22,rF3NnxFGReNziCW79im7pNpmwME=,efBpWFUbVNER4LDUXCKTe/IY7LM=
-20,-23,rF3NnxFGReNziCW79im7pNpmwME=,efBpWFUbVNER4LDUXCKTe/IY7LM=
-24,-22,rF3NnxFGReNziCW79im7pNpmwME=,efBpWFUbVNER4LDUXCKTe/IY7LM=
-25,-30,rF3NnxFGReNziCW79im7pNpmwME=,efBpWFUbVNER4LDUXCKTe/IY7LM=
-18,-23,rF3NnxFGReNziCW79im7pNpmwME=,efBpWFUbVNER4LDUXCKTe/IY7LM=
-22,-29,rF3NnxFGReNziCW79im7pNpmwME=,efBpWFUbVNER4LDUXCKTe/IY7LM=
-19,-23,rF3NnxFGReNziCW79im7pNpmwME=,efBpWFUbVNER4LDUXCKTe/IY7LM=
-21,-32,rF3NnxFGReNziCW79im7pNpmwME=,efBpWFUbVNER4LDUXCKTe/IY7LM=
-23,-23,rF3NnxFGReNziCW79im7pNpmwME=,efBpWFUbVNER4LDUXCKTe/IY7LM=
-24,-23,rF3NnxFGReNziCW79im7pNpmwME=,efBpWFUbVNER4LDUXCKTe/IY7LM=
-25,-23,rF3NnxFGReNziCW79im7pNpmwME=,efBpWFUbVNER4LDUXCKTe/IY7LM=
-21,-23,rF3NnxFGReNziCW79im7pNpmwME=,efBpWFUbVNER4LDUXCKTe/IY7LM=
-21,-29,rF3NnxFGReNziCW79im7pNpmwME=,efBpWFUbVNER4LDUXCKTe/IY7LM=
-26,-23,rF3NnxFGReNziCW79im7pNpmwME=,efBpWFUbVNER4LDUXCKTe/IY7LM=
-27,-23,rF3NnxFGReNziCW79im7pNpmwME=,efBpWFUbVNER4LDUXCKTe/IY7LM=
-22,-23,rF3NnxFGReNziCW79im7pNpmwME=,efBpWFUbVNER4LDUXCKTe/IY7LM=
-32,-23,rF3NnxFGReNziCW79im7pNpmwME=,efBpWFUbVNER4LDUXCKTe/IY7LM=
-31,-23,rF3NnxFGReNziCW79im7pNpmwME=,efBpWFUbVNER4LDUXCKTe/IY7LM=
-17,-24,rF3NnxFGReNziCW79im7pNpmwME=,efBpWFUbVNER4LDUXCKTe/IY7LM=
-28,-23,rF3NnxFGReNziCW79im7pNpmwME=,efBpWFUbVNER4LDUXCKTe/IY7LM=
-30,-23,rF3NnxFGReNziCW79im7pNpmwME=,efBpWFUbVNER4LDUXCKTe/IY7LM=
-29,-23,rF3NnxFGReNziCW79im7pNpmwME=,efBpWFUbVNER4LDUXCKTe/IY7LM=
-20,-29,rF3NnxFGReNziCW79im7pNpmwME=,efBpWFUbVNER4LDUXCKTe/IY7LM=
-19,-24,rF3NnxFGReNziCW79im7pNpmwME=,efBpWFUbVNER4LDUXCKTe/IY7LM=
-21,-24,rF3NnxFGReNziCW79im7pNpmwME=,efBpWFUbVNER4LDUXCKTe/IY7LM=
-18,-24,rF3NnxFGReNziCW79im7pNpmwME=,efBpWFUbVNER4LDUXCKTe/IY7LM=
-22,-32,rF3NnxFGReNziCW79im7pNpmwME=,efBpWFUbVNER4LDUXCKTe/IY7LM=
-22,-24,rF3NnxFGReNziCW79im7pNpmwME=,efBpWFUbVNER4LDUXCKTe/IY7LM=
-24,-24,rF3NnxFGReNziCW79im7pNpmwME=,efBpWFUbVNER4LDUXCKTe/IY7LM=
-23,-24,rF3NnxFGReNziCW79im7pNpmwME=,efBpWFUbVNER4LDUXCKTe/IY7LM=
-20,-24,rF3NnxFGReNziCW79im7pNpmwME=,efBpWFUbVNER4LDUXCKTe/IY7LM=
-25,-24,rF3NnxFGReNziCW79im7pNpmwME=,efBpWFUbVNER4LDUXCKTe/IY7LM=
-26,-30,rF3NnxFGReNziCW79im7pNpmwME=,efBpWFUbVNER4LDUXCKTe/IY7LM=
-19,-29,rF3NnxFGReNziCW79im7pNpmwME=,efBpWFUbVNER4LDUXCKTe/IY7LM=
-28,-24,rF3NnxFGReNziCW79im7pNpmwME=,efBpWFUbVNER4LDUXCKTe/IY7LM=
-29,-24,rF3NnxFGReNziCW79im7pNpmwME=,efBpWFUbVNER4LDUXCKTe/IY7LM=
-27,-24,rF3NnxFGReNziCW79im7pNpmwME=,efBpWFUbVNER4LDUXCKTe/IY7LM=
-26,-24,rF3NnxFGReNziCW79im7pNpmwME=,efBpWFUbVNER4LDUXCKTe/IY7LM=
-30,-24,rF3NnxFGReNziCW79im7pNpmwME=,efBpWFUbVNER4LDUXCKTe/IY7LM=
-31,-24,rF3NnxFGReNziCW79im7pNpmwME=,efBpWFUbVNER4LDUXCKTe/IY7LM=
-32,-24,rF3NnxFGReNziCW79im7pNpmwME=,efBpWFUbVNER4LDUXCKTe/IY7LM=
-17,-25,rF3NnxFGReNziCW79im7pNpmwME=,efBpWFUbVNER4LDUXCKTe/IY7LM=
-18,-29,rF3NnxFGReNziCW79im7pNpmwME=,efBpWFUbVNER4LDUXCKTe/IY7LM=
-19,-25,rF3NnxFGReNziCW79im7pNpmwME=,efBpWFUbVNER4LDUXCKTe/IY7LM=
-18,-25,rF3NnxFGReNziCW79im7pNpmwME=,efBpWFUbVNER4LDUXCKTe/IY7LM=
-22,-25,rF3NnxFGReNziCW79im7pNpmwME=,efBpWFUbVNER4LDUXCKTe/IY7LM=
-20,-25,rF3NnxFGReNziCW79im7pNpmwME=,efBpWFUbVNER4LDUXCKTe/IY7LM=
-23,-32,rF3NnxFGReNziCW79im7pNpmwME=,efBpWFUbVNER4LDUXCKTe/IY7LM=
-29,-25,rF3NnxFGReNziCW79im7pNpmwME=,efBpWFUbVNER4LDUXCKTe/IY7LM=
-30,-25,rF3NnxFGReNziCW79im7pNpmwME=,efBpWFUbVNER4LDUXCKTe/IY7LM=
-17,-26,rF3NnxFGReNziCW79im7pNpmwME=,efBpWFUbVNER4LDUXCKTe/IY7LM=
-19,-26,rF3NnxFGReNziCW79im7pNpmwME=,efBpWFUbVNER4LDUXCKTe/IY7LM=
-18,-26,rF3NnxFGReNziCW79im7pNpmwME=,efBpWFUbVNER4LDUXCKTe/IY7LM=
-20,-26,rF3NnxFGReNziCW79im7pNpmwME=,efBpWFUbVNER4LDUXCKTe/IY7LM=
-21,-26,rF3NnxFGReNziCW79im7pNpmwME=,efBpWFUbVNER4LDUXCKTe/IY7LM=
-23,-26,rF3NnxFGReNziCW79im7pNpmwME=,efBpWFUbVNER4LDUXCKTe/IY7LM=
-31,-25,rF3NnxFGReNziCW79im7pNpmwME=,efBpWFUbVNER4LDUXCKTe/IY7LM=
-22,-26,rF3NnxFGReNziCW79im7pNpmwME=,efBpWFUbVNER4LDUXCKTe/IY7LM=
-24,-26,rF3NnxFGReNziCW79im7pNpmwME=,efBpWFUbVNER4LDUXCKTe/IY7LM=
-25,-26,rF3NnxFGReNziCW79im7pNpmwME=,efBpWFUbVNER4LDUXCKTe/IY7LM=
-26,-26,rF3NnxFGReNziCW79im7pNpmwME=,efBpWFUbVNER4LDUXCKTe/IY7LM=
-24,-32,rF3NnxFGReNziCW79im7pNpmwME=,efBpWFUbVNER4LDUXCKTe/IY7LM=
-27,-26,rF3NnxFGReNziCW79im7pNpmwME=,efBpWFUbVNER4LDUXCKTe/IY7LM=
-28,-30,rF3NnxFGReNziCW79im7pNpmwME=,efBpWFUbVNER4LDUXCKTe/IY7LM=
-29,-26,rF3NnxFGReNziCW79im7pNpmwME=,efBpWFUbVNER4LDUXCKTe/IY7LM=
-28,-26,rF3NnxFGReNziCW79im7pNpmwME=,efBpWFUbVNER4LDUXCKTe/IY7LM=
-32,-25,rF3NnxFGReNziCW79im7pNpmwME=,efBpWFUbVNER4LDUXCKTe/IY7LM=
-30,-26,rF3NnxFGReNziCW79im7pNpmwME=,efBpWFUbVNER4LDUXCKTe/IY7LM=
-32,-26,rF3NnxFGReNziCW79im7pNpmwME=,efBpWFUbVNER4LDUXCKTe/IY7LM=
-18,-27,rF3NnxFGReNziCW79im7pNpmwME=,efBpWFUbVNER4LDUXCKTe/IY7LM=
-17,-27,rF3NnxFGReNziCW79im7pNpmwME=,efBpWFUbVNER4LDUXCKTe/IY7LM=
-31,-26,rF3NnxFGReNziCW79im7pNpmwME=,efBpWFUbVNER4LDUXCKTe/IY7LM=
-19,-27,rF3NnxFGReNziCW79im7pNpmwME=,efBpWFUbVNER4LDUXCKTe/IY7LM=
-20,-27,rF3NnxFGReNziCW79im7pNpmwME=,efBpWFUbVNER4LDUXCKTe/IY7LM=
-27,-25,rF3NnxFGReNziCW79im7pNpmwME=,efBpWFUbVNER4LDUXCKTe/IY7LM=
-22,-27,rF3NnxFGReNziCW79im7pNpmwME=,efBpWFUbVNER4LDUXCKTe/IY7LM=
-21,-27,rF3NnxFGReNziCW79im7pNpmwME=,efBpWFUbVNER4LDUXCKTe/IY7LM=
-23,-27,rF3NnxFGReNziCW79im7pNpmwME=,efBpWFUbVNER4LDUXCKTe/IY7LM=
-25,-27,rF3NnxFGReNziCW79im7pNpmwME=,efBpWFUbVNER4LDUXCKTe/IY7LM=
-24,-27,rF3NnxFGReNziCW79im7pNpmwME=,efBpWFUbVNER4LDUXCKTe/IY7LM=
-26,-27,rF3NnxFGReNziCW79im7pNpmwME=,efBpWFUbVNER4LDUXCKTe/IY7LM=
-27,-27,rF3NnxFGReNziCW79im7pNpmwME=,efBpWFUbVNER4LDUXCKTe/IY7LM=
-29,-30,rF3NnxFGReNziCW79im7pNpmwME=,efBpWFUbVNER4LDUXCKTe/IY7LM=
-25,-32,rF3NnxFGReNziCW79im7pNpmwME=,efBpWFUbVNER4LDUXCKTe/IY7LM=
-28,-27,rF3NnxFGReNziCW79im7pNpmwME=,efBpWFUbVNER4LDUXCKTe/IY7LM=
-30,-27,rF3NnxFGReNziCW79im7pNpmwME=,efBpWFUbVNER4LDUXCKTe/IY7LM=
-32,-32,rF3NnxFGReNziCW79im7pNpmwME=,efBpWFUbVNER4LDUXCKTe/IY7LM=
-29,-27,rF3NnxFGReNziCW79im7pNpmwME=,efBpWFUbVNER4LDUXCKTe/IY7LM=
-31,-27,rF3NnxFGReNziCW79im7pNpmwME=,efBpWFUbVNER4LDUXCKTe/IY7LM=
-32,-27,rF3NnxFGReNziCW79im7pNpmwME=,efBpWFUbVNER4LDUXCKTe/IY7LM=
-17,-28,rF3NnxFGReNziCW79im7pNpmwME=,efBpWFUbVNER4LDUXCKTe/IY7LM=
-26,-32,rF3NnxFGReNziCW79im7pNpmwME=,efBpWFUbVNER4LDUXCKTe/IY7LM=
-18,-28,rF3NnxFGReNziCW79im7pNpmwME=,efBpWFUbVNER4LDUXCKTe/IY7LM=
-19,-28,rF3NnxFGReNziCW79im7pNpmwME=,efBpWFUbVNER4LDUXCKTe/IY7LM=
-20,-28,rF3NnxFGReNziCW79im7pNpmwME=,efBpWFUbVNER4LDUXCKTe/IY7LM=
-22,-28,rF3NnxFGReNziCW79im7pNpmwME=,efBpWFUbVNER4LDUXCKTe/IY7LM=
-21,-28,rF3NnxFGReNziCW79im7pNpmwME=,efBpWFUbVNER4LDUXCKTe/IY7LM=
-23,-28,rF3NnxFGReNziCW79im7pNpmwME=,efBpWFUbVNER4LDUXCKTe/IY7LM=
-26,-28,rF3NnxFGReNziCW79im7pNpmwME=,efBpWFUbVNER4LDUXCKTe/IY7LM=
-27,-30,rF3NnxFGReNziCW79im7pNpmwME=,efBpWFUbVNER4LDUXCKTe/IY7LM=
-24,-28,rF3NnxFGReNziCW79im7pNpmwME=,efBpWFUbVNER4LDUXCKTe/IY7LM=
-27,-28,rF3NnxFGReNziCW79im7pNpmwME=,efBpWFUbVNER4LDUXCKTe/IY7LM=
-27,-32,rF3NnxFGReNziCW79im7pNpmwME=,efBpWFUbVNER4LDUXCKTe/IY7LM=
-30,-30,rF3NnxFGReNziCW79im7pNpmwME=,efBpWFUbVNER4LDUXCKTe/IY7LM=
-25,-28,rF3NnxFGReNziCW79im7pNpmwME=,efBpWFUbVNER4LDUXCKTe/IY7LM=
-29,-28,rF3NnxFGReNziCW79im7pNpmwME=,efBpWFUbVNER4LDUXCKTe/IY7LM=
-31,-28,rF3NnxFGReNziCW79im7pNpmwME=,efBpWFUbVNER4LDUXCKTe/IY7LM=
-31,-30,rF3NnxFGReNziCW79im7pNpmwME=,efBpWFUbVNER4LDUXCKTe/IY7LM=
-32,-28,rF3NnxFGReNziCW79im7pNpmwME=,efBpWFUbVNER4LDUXCKTe/IY7LM=
-30,-28,rF3NnxFGReNziCW79im7pNpmwME=,efBpWFUbVNER4LDUXCKTe/IY7LM=
-28,-28,rF3NnxFGReNziCW79im7pNpmwME=,efBpWFUbVNER4LDUXCKTe/IY7LM=
-21,-25,rF3NnxFGReNziCW79im7pNpmwME=,efBpWFUbVNER4LDUXCKTe/IY7LM=
-17,-29,rF3NnxFGReNziCW79im7pNpmwME=,efBpWFUbVNER4LDUXCKTe/IY7LM=
-24,-25,rF3NnxFGReNziCW79im7pNpmwME=,efBpWFUbVNER4LDUXCKTe/IY7LM=
-23,-25,rF3NnxFGReNziCW79im7pNpmwME=,efBpWFUbVNER4LDUXCKTe/IY7LM=
-28,-25,rF3NnxFGReNziCW79im7pNpmwME=,efBpWFUbVNER4LDUXCKTe/IY7LM=
-26,-25,rF3NnxFGReNziCW79im7pNpmwME=,efBpWFUbVNER4LDUXCKTe/IY7LM=
-25,-25,rF3NnxFGReNziCW79im7pNpmwME=,efBpWFUbVNER4LDUXCKTe/IY7LM=
-29,-16,WbhMQDP9Y+GT7sNt9TOnSwGGNsU=,efBpWFUbVNER4LDUXCKTe/IY7LM=
-17,-1,WbhMQDP9Y+GT7sNt9TOnSwGGNsU=,efBpWFUbVNER4LDUXCKTe/IY7LM=
-19,-14,WbhMQDP9Y+GT7sNt9TOnSwGGNsU=,efBpWFUbVNER4LDUXCKTe/IY7LM=
-21,-14,WbhMQDP9Y+GT7sNt9TOnSwGGNsU=,efBpWFUbVNER4LDUXCKTe/IY7LM=
-24,-14,WbhMQDP9Y+GT7sNt9TOnSwGGNsU=,efBpWFUbVNER4LDUXCKTe/IY7LM=
-23,-14,WbhMQDP9Y+GT7sNt9TOnSwGGNsU=,efBpWFUbVNER4LDUXCKTe/IY7LM=
-20,-13,WbhMQDP9Y+GT7sNt9TOnSwGGNsU=,efBpWFUbVNER4LDUXCKTe/IY7LM=
-20,-14,WbhMQDP9Y+GT7sNt9TOnSwGGNsU=,efBpWFUbVNER4LDUXCKTe/IY7LM=
-22,-14,WbhMQDP9Y+GT7sNt9TOnSwGGNsU=,efBpWFUbVNER4LDUXCKTe/IY7LM=
-25,-14,WbhMQDP9Y+GT7sNt9TOnSwGGNsU=,efBpWFUbVNER4LDUXCKTe/IY7LM=
-27,-14,WbhMQDP9Y+GT7sNt9TOnSwGGNsU=,efBpWFUbVNER4LDUXCKTe/IY7LM=
-26,-14,WbhMQDP9Y+GT7sNt9TOnSwGGNsU=,efBpWFUbVNER4LDUXCKTe/IY7LM=
-21,-13,WbhMQDP9Y+GT7sNt9TOnSwGGNsU=,efBpWFUbVNER4LDUXCKTe/IY7LM=
-28,-14,WbhMQDP9Y+GT7sNt9TOnSwGGNsU=,efBpWFUbVNER4LDUXCKTe/IY7LM=
-18,-1,WbhMQDP9Y+GT7sNt9TOnSwGGNsU=,efBpWFUbVNER4LDUXCKTe/IY7LM=
-17,-15,WbhMQDP9Y+GT7sNt9TOnSwGGNsU=,efBpWFUbVNER4LDUXCKTe/IY7LM=
-21,-1,WbhMQDP9Y+GT7sNt9TOnSwGGNsU=,efBpWFUbVNER4LDUXCKTe/IY7LM=
-22,-1,WbhMQDP9Y+GT7sNt9TOnSwGGNsU=,efBpWFUbVNER4LDUXCKTe/IY7LM=
-19,-1,WbhMQDP9Y+GT7sNt9TOnSwGGNsU=,efBpWFUbVNER4LDUXCKTe/IY7LM=
-23,-1,WbhMQDP9Y+GT7sNt9TOnSwGGNsU=,efBpWFUbVNER4LDUXCKTe/IY7LM=
-24,-1,WbhMQDP9Y+GT7sNt9TOnSwGGNsU=,efBpWFUbVNER4LDUXCKTe/IY7LM=
-29,-14,WbhMQDP9Y+GT7sNt9TOnSwGGNsU=,efBpWFUbVNER4LDUXCKTe/IY7LM=
-20,-1,WbhMQDP9Y+GT7sNt9TOnSwGGNsU=,efBpWFUbVNER4LDUXCKTe/IY7LM=
-30,-14,WbhMQDP9Y+GT7sNt9TOnSwGGNsU=,efBpWFUbVNER4LDUXCKTe/IY7LM=
-25,-1,WbhMQDP9Y+GT7sNt9TOnSwGGNsU=,efBpWFUbVNER4LDUXCKTe/IY7LM=
-26,-1,WbhMQDP9Y+GT7sNt9TOnSwGGNsU=,efBpWFUbVNER4LDUXCKTe/IY7LM=
-31,-14,WbhMQDP9Y+GT7sNt9TOnSwGGNsU=,efBpWFUbVNER4LDUXCKTe/IY7LM=
-27,-1,WbhMQDP9Y+GT7sNt9TOnSwGGNsU=,efBpWFUbVNER4LDUXCKTe/IY7LM=
-28,-1,WbhMQDP9Y+GT7sNt9TOnSwGGNsU=,efBpWFUbVNER4LDUXCKTe/IY7LM=
-30,-16,WbhMQDP9Y+GT7sNt9TOnSwGGNsU=,efBpWFUbVNER4LDUXCKTe/IY7LM=
-32,-14,WbhMQDP9Y+GT7sNt9TOnSwGGNsU=,efBpWFUbVNER4LDUXCKTe/IY7LM=
-29,-1,WbhMQDP9Y+GT7sNt9TOnSwGGNsU=,efBpWFUbVNER4LDUXCKTe/IY7LM=
-30,-1,WbhMQDP9Y+GT7sNt9TOnSwGGNsU=,efBpWFUbVNER4LDUXCKTe/IY7LM=
-22,-13,WbhMQDP9Y+GT7sNt9TOnSwGGNsU=,efBpWFUbVNER4LDUXCKTe/IY7LM=
-31,-1,WbhMQDP9Y+GT7sNt9TOnSwGGNsU=,efBpWFUbVNER4LDUXCKTe/IY7LM=
-18,-15,WbhMQDP9Y+GT7sNt9TOnSwGGNsU=,efBpWFUbVNER4LDUXCKTe/IY7LM=
-18,-2,WbhMQDP9Y+GT7sNt9TOnSwGGNsU=,efBpWFUbVNER4LDUXCKTe/IY7LM=
-32,-1,WbhMQDP9Y+GT7sNt9TOnSwGGNsU=,efBpWFUbVNER4LDUXCKTe/IY7LM=
-19,-2,WbhMQDP9Y+GT7sNt9TOnSwGGNsU=,efBpWFUbVNER4LDUXCKTe/IY7LM=
-17,-2,WbhMQDP9Y+GT7sNt9TOnSwGGNsU=,efBpWFUbVNER4LDUXCKTe/IY7LM=
-22,-2,WbhMQDP9Y+GT7sNt9TOnSwGGNsU=,efBpWFUbVNER4LDUXCKTe/IY7LM=
-21,-2,WbhMQDP9Y+GT7sNt9TOnSwGGNsU=,efBpWFUbVNER4LDUXCKTe/IY7LM=
-24,-2,WbhMQDP9Y+GT7sNt9TOnSwGGNsU=,efBpWFUbVNER4LDUXCKTe/IY7LM=
-23,-2,WbhMQDP9Y+GT7sNt9TOnSwGGNsU=,efBpWFUbVNER4LDUXCKTe/IY7LM=
-26,-2,WbhMQDP9Y+GT7sNt9TOnSwGGNsU=,efBpWFUbVNER4LDUXCKTe/IY7LM=
-27,-2,WbhMQDP9Y+GT7sNt9TOnSwGGNsU=,efBpWFUbVNER4LDUXCKTe/IY7LM=
-25,-2,WbhMQDP9Y+GT7sNt9TOnSwGGNsU=,efBpWFUbVNER4LDUXCKTe/IY7LM=
-28,-2,WbhMQDP9Y+GT7sNt9TOnSwGGNsU=,efBpWFUbVNER4LDUXCKTe/IY7LM=
-29,-2,WbhMQDP9Y+GT7sNt9TOnSwGGNsU=,efBpWFUbVNER4LDUXCKTe/IY7LM=
-20,-2,WbhMQDP9Y+GT7sNt9TOnSwGGNsU=,efBpWFUbVNER4LDUXCKTe/IY7LM=
-30,-2,WbhMQDP9Y+GT7sNt9TOnSwGGNsU=,efBpWFUbVNER4LDUXCKTe/IY7LM=
-23,-13,WbhMQDP9Y+GT7sNt9TOnSwGGNsU=,efBpWFUbVNER4LDUXCKTe/IY7LM=
-32,-2,WbhMQDP9Y+GT7sNt9TOnSwGGNsU=,efBpWFUbVNER4LDUXCKTe/IY7LM=
-31,-2,WbhMQDP9Y+GT7sNt9TOnSwGGNsU=,efBpWFUbVNER4LDUXCKTe/IY7LM=
-18,-3,WbhMQDP9Y+GT7sNt9TOnSwGGNsU=,efBpWFUbVNER4LDUXCKTe/IY7LM=
-17,-3,WbhMQDP9Y+GT7sNt9TOnSwGGNsU=,efBpWFUbVNER4LDUXCKTe/IY7LM=
-32,-15,WbhMQDP9Y+GT7sNt9TOnSwGGNsU=,efBpWFUbVNER4LDUXCKTe/IY7LM=
-31,-15,WbhMQDP9Y+GT7sNt9TOnSwGGNsU=,efBpWFUbVNER4LDUXCKTe/IY7LM=
-19,-3,WbhMQDP9Y+GT7sNt9TOnSwGGNsU=,efBpWFUbVNER4LDUXCKTe/IY7LM=
-23,-3,WbhMQDP9Y+GT7sNt9TOnSwGGNsU=,efBpWFUbVNER4LDUXCKTe/IY7LM=
-24,-3,WbhMQDP9Y+GT7sNt9TOnSwGGNsU=,efBpWFUbVNER4LDUXCKTe/IY7LM=
-27,-3,WbhMQDP9Y+GT7sNt9TOnSwGGNsU=,efBpWFUbVNER4LDUXCKTe/IY7LM=
-20,-3,WbhMQDP9Y+GT7sNt9TOnSwGGNsU=,efBpWFUbVNER4LDUXCKTe/IY7LM=
-28,-3,WbhMQDP9Y+GT7sNt9TOnSwGGNsU=,efBpWFUbVNER4LDUXCKTe/IY7LM=
-26,-3,WbhMQDP9Y+GT7sNt9TOnSwGGNsU=,efBpWFUbVNER4LDUXCKTe/IY7LM=
-17,-16,WbhMQDP9Y+GT7sNt9TOnSwGGNsU=,efBpWFUbVNER4LDUXCKTe/IY7LM=
-25,-3,WbhMQDP9Y+GT7sNt9TOnSwGGNsU=,efBpWFUbVNER4LDUXCKTe/IY7LM=
-21,-3,WbhMQDP9Y+GT7sNt9TOnSwGGNsU=,efBpWFUbVNER4LDUXCKTe/IY7LM=
-22,-3,WbhMQDP9Y+GT7sNt9TOnSwGGNsU=,efBpWFUbVNER4LDUXCKTe/IY7LM=
-29,-3,WbhMQDP9Y+GT7sNt9TOnSwGGNsU=,efBpWFUbVNER4LDUXCKTe/IY7LM=
-19,-15,WbhMQDP9Y+GT7sNt9TOnSwGGNsU=,efBpWFUbVNER4LDUXCKTe/IY7LM=
-32,-3,WbhMQDP9Y+GT7sNt9TOnSwGGNsU=,efBpWFUbVNER4LDUXCKTe/IY7LM=
-17,-4,WbhMQDP9Y+GT7sNt9TOnSwGGNsU=,efBpWFUbVNER4LDUXCKTe/IY7LM=
-20,-15,WbhMQDP9Y+GT7sNt9TOnSwGGNsU=,efBpWFUbVNER4LDUXCKTe/IY7LM=
-31,-3,WbhMQDP9Y+GT7sNt9TOnSwGGNsU=,efBpWFUbVNER4LDUXCKTe/IY7LM=
-30,-3,WbhMQDP9Y+GT7sNt9TOnSwGGNsU=,efBpWFUbVNER4LDUXCKTe/IY7LM=
-18,-4,WbhMQDP9Y+GT7sNt9TOnSwGGNsU=,efBpWFUbVNER4LDUXCKTe/IY7LM=
-20,-4,WbhMQDP9Y+GT7sNt9TOnSwGGNsU=,efBpWFUbVNER4LDUXCKTe/IY7LM=
-19,-4,WbhMQDP9Y+GT7sNt9TOnSwGGNsU=,efBpWFUbVNER4LDUXCKTe/IY7LM=
-22,-4,WbhMQDP9Y+GT7sNt9TOnSwGGNsU=,efBpWFUbVNER4LDUXCKTe/IY7LM=
-26,-4,WbhMQDP9Y+GT7sNt9TOnSwGGNsU=,efBpWFUbVNER4LDUXCKTe/IY7LM=
-24,-13,WbhMQDP9Y+GT7sNt9TOnSwGGNsU=,efBpWFUbVNER4LDUXCKTe/IY7LM=
-23,-4,WbhMQDP9Y+GT7sNt9TOnSwGGNsU=,efBpWFUbVNER4LDUXCKTe/IY7LM=
-25,-4,WbhMQDP9Y+GT7sNt9TOnSwGGNsU=,efBpWFUbVNER4LDUXCKTe/IY7LM=
-27,-4,WbhMQDP9Y+GT7sNt9TOnSwGGNsU=,efBpWFUbVNER4LDUXCKTe/IY7LM=
-24,-4,WbhMQDP9Y+GT7sNt9TOnSwGGNsU=,efBpWFUbVNER4LDUXCKTe/IY7LM=
-29,-4,WbhMQDP9Y+GT7sNt9TOnSwGGNsU=,efBpWFUbVNER4LDUXCKTe/IY7LM=
-30,-4,WbhMQDP9Y+GT7sNt9TOnSwGGNsU=,efBpWFUbVNER4LDUXCKTe/IY7LM=
-18,-16,WbhMQDP9Y+GT7sNt9TOnSwGGNsU=,efBpWFUbVNER4LDUXCKTe/IY7LM=
-25,-13,WbhMQDP9Y+GT7sNt9TOnSwGGNsU=,efBpWFUbVNER4LDUXCKTe/IY7LM=
-28,-4,WbhMQDP9Y+GT7sNt9TOnSwGGNsU=,efBpWFUbVNER4LDUXCKTe/IY7LM=
-21,-15,WbhMQDP9Y+GT7sNt9TOnSwGGNsU=,efBpWFUbVNER4LDUXCKTe/IY7LM=
-17,-5,WbhMQDP9Y+GT7sNt9TOnSwGGNsU=,efBpWFUbVNER4LDUXCKTe/IY7LM=
-31,-4,WbhMQDP9Y+GT7sNt9TOnSwGGNsU=,efBpWFUbVNER4LDUXCKTe/IY7LM=
-32,-4,WbhMQDP9Y+GT7sNt9TOnSwGGNsU=,efBpWFUbVNER4LDUXCKTe/IY7LM=
-19,-5,WbhMQDP9Y+GT7sNt9TOnSwGGNsU=,efBpWFUbVNER4LDUXCKTe/IY7LM=
-18,-5,WbhMQDP9Y+GT7sNt9TOnSwGGNsU=,efBpWFUbVNER4LDUXCKTe/IY7LM=
-22,-5,WbhMQDP9Y+GT7sNt9TOnSwGGNsU=,efBpWFUbVNER4LDUXCKTe/IY7LM=
-21,-5,WbhMQDP9Y+GT7sNt9TOnSwGGNsU=,efBpWFUbVNER4LDUXCKTe/IY7LM=
-25,-5,WbhMQDP9Y+GT7sNt9TOnSwGGNsU=,efBpWFUbVNER4LDUXCKTe/IY7LM=
-31,-16,WbhMQDP9Y+GT7sNt9TOnSwGGNsU=,efBpWFUbVNER4LDUXCKTe/IY7LM=
-24,-5,WbhMQDP9Y+GT7sNt9TOnSwGGNsU=,efBpWFUbVNER4LDUXCKTe/IY7LM=
-26,-5,WbhMQDP9Y+GT7sNt9TOnSwGGNsU=,efBpWFUbVNER4LDUXCKTe/IY7LM=
-26,-13,WbhMQDP9Y+GT7sNt9TOnSwGGNsU=,efBpWFUbVNER4LDUXCKTe/IY7LM=
-21,-4,WbhMQDP9Y+GT7sNt9TOnSwGGNsU=,efBpWFUbVNER4LDUXCKTe/IY7LM=
-23,-5,WbhMQDP9Y+GT7sNt9TOnSwGGNsU=,efBpWFUbVNER4LDUXCKTe/IY7LM=
-19,-16,WbhMQDP9Y+GT7sNt9TOnSwGGNsU=,efBpWFUbVNER4LDUXCKTe/IY7LM=
-29,-5,WbhMQDP9Y+GT7sNt9TOnSwGGNsU=,efBpWFUbVNER4LDUXCKTe/IY7LM=
-27,-5,WbhMQDP9Y+GT7sNt9TOnSwGGNsU=,efBpWFUbVNER4LDUXCKTe/IY7LM=
-28,-5,WbhMQDP9Y+GT7sNt9TOnSwGGNsU=,efBpWFUbVNER4LDUXCKTe/IY7LM=
-20,-5,WbhMQDP9Y+GT7sNt9TOnSwGGNsU=,efBpWFUbVNER4LDUXCKTe/IY7LM=
-31,-5,WbhMQDP9Y+GT7sNt9TOnSwGGNsU=,efBpWFUbVNER4LDUXCKTe/IY7LM=
-30,-5,WbhMQDP9Y+GT7sNt9TOnSwGGNsU=,efBpWFUbVNER4LDUXCKTe/IY7LM=
-22,-15,WbhMQDP9Y+GT7sNt9TOnSwGGNsU=,efBpWFUbVNER4LDUXCKTe/IY7LM=
-18,-6,WbhMQDP9Y+GT7sNt9TOnSwGGNsU=,efBpWFUbVNER4LDUXCKTe/IY7LM=
-32,-5,WbhMQDP9Y+GT7sNt9TOnSwGGNsU=,efBpWFUbVNER4LDUXCKTe/IY7LM=
-19,-6,WbhMQDP9Y+GT7sNt9TOnSwGGNsU=,efBpWFUbVNER4LDUXCKTe/IY7LM=
-17,-6,WbhMQDP9Y+GT7sNt9TOnSwGGNsU=,efBpWFUbVNER4LDUXCKTe/IY7LM=
-20,-6,WbhMQDP9Y+GT7sNt9TOnSwGGNsU=,efBpWFUbVNER4LDUXCKTe/IY7LM=
-21,-6,WbhMQDP9Y+GT7sNt9TOnSwGGNsU=,efBpWFUbVNER4LDUXCKTe/IY7LM=
-22,-6,WbhMQDP9Y+GT7sNt9TOnSwGGNsU=,efBpWFUbVNER4LDUXCKTe/IY7LM=
-23,-6,WbhMQDP9Y+GT7sNt9TOnSwGGNsU=,efBpWFUbVNER4LDUXCKTe/IY7LM=
-27,-13,WbhMQDP9Y+GT7sNt9TOnSwGGNsU=,efBpWFUbVNER4LDUXCKTe/IY7LM=
-26,-6,WbhMQDP9Y+GT7sNt9TOnSwGGNsU=,efBpWFUbVNER4LDUXCKTe/IY7LM=
-25,-6,WbhMQDP9Y+GT7sNt9TOnSwGGNsU=,efBpWFUbVNER4LDUXCKTe/IY7LM=
-24,-6,WbhMQDP9Y+GT7sNt9TOnSwGGNsU=,efBpWFUbVNER4LDUXCKTe/IY7LM=
-20,-16,WbhMQDP9Y+GT7sNt9TOnSwGGNsU=,efBpWFUbVNER4LDUXCKTe/IY7LM=
-29,-6,WbhMQDP9Y+GT7sNt9TOnSwGGNsU=,efBpWFUbVNER4LDUXCKTe/IY7LM=
-23,-15,WbhMQDP9Y+GT7sNt9TOnSwGGNsU=,efBpWFUbVNER4LDUXCKTe/IY7LM=
-32,-6,WbhMQDP9Y+GT7sNt9TOnSwGGNsU=,efBpWFUbVNER4LDUXCKTe/IY7LM=
-17,-7,WbhMQDP9Y+GT7sNt9TOnSwGGNsU=,efBpWFUbVNER4LDUXCKTe/IY7LM=
-30,-6,WbhMQDP9Y+GT7sNt9TOnSwGGNsU=,efBpWFUbVNER4LDUXCKTe/IY7LM=
-27,-6,WbhMQDP9Y+GT7sNt9TOnSwGGNsU=,efBpWFUbVNER4LDUXCKTe/IY7LM=
-18,-7,WbhMQDP9Y+GT7sNt9TOnSwGGNsU=,efBpWFUbVNER4LDUXCKTe/IY7LM=
-31,-6,WbhMQDP9Y+GT7sNt9TOnSwGGNsU=,efBpWFUbVNER4LDUXCKTe/IY7LM=
-20,-7,WbhMQDP9Y+GT7sNt9TOnSwGGNsU=,efBpWFUbVNER4LDUXCKTe/IY7LM=
-22,-7,WbhMQDP9Y+GT7sNt9TOnSwGGNsU=,efBpWFUbVNER4LDUXCKTe/IY7LM=
-23,-7,WbhMQDP9Y+GT7sNt9TOnSwGGNsU=,efBpWFUbVNER4LDUXCKTe/IY7LM=
-25,-7,WbhMQDP9Y+GT7sNt9TOnSwGGNsU=,efBpWFUbVNER4LDUXCKTe/IY7LM=
-21,-7,WbhMQDP9Y+GT7sNt9TOnSwGGNsU=,efBpWFUbVNER4LDUXCKTe/IY7LM=
-19,-7,WbhMQDP9Y+GT7sNt9TOnSwGGNsU=,efBpWFUbVNER4LDUXCKTe/IY7LM=
-26,-7,WbhMQDP9Y+GT7sNt9TOnSwGGNsU=,efBpWFUbVNER4LDUXCKTe/IY7LM=
-24,-7,WbhMQDP9Y+GT7sNt9TOnSwGGNsU=,efBpWFUbVNER4LDUXCKTe/IY7LM=
-28,-13,WbhMQDP9Y+GT7sNt9TOnSwGGNsU=,efBpWFUbVNER4LDUXCKTe/IY7LM=
-21,-16,WbhMQDP9Y+GT7sNt9TOnSwGGNsU=,efBpWFUbVNER4LDUXCKTe/IY7LM=
-29,-7,WbhMQDP9Y+GT7sNt9TOnSwGGNsU=,efBpWFUbVNER4LDUXCKTe/IY7LM=
-28,-6,WbhMQDP9Y+GT7sNt9TOnSwGGNsU=,efBpWFUbVNER4LDUXCKTe/IY7LM=
-28,-7,WbhMQDP9Y+GT7sNt9TOnSwGGNsU=,efBpWFUbVNER4LDUXCKTe/IY7LM=
-30,-7,WbhMQDP9Y+GT7sNt9TOnSwGGNsU=,efBpWFUbVNER4LDUXCKTe/IY7LM=
-31,-7,WbhMQDP9Y+GT7sNt9TOnSwGGNsU=,efBpWFUbVNER4LDUXCKTe/IY7LM=
-32,-7,WbhMQDP9Y+GT7sNt9TOnSwGGNsU=,efBpWFUbVNER4LDUXCKTe/IY7LM=
-27,-7,WbhMQDP9Y+GT7sNt9TOnSwGGNsU=,efBpWFUbVNER4LDUXCKTe/IY7LM=
-17,-8,WbhMQDP9Y+GT7sNt9TOnSwGGNsU=,efBpWFUbVNER4LDUXCKTe/IY7LM=
-22,-8,WbhMQDP9Y+GT7sNt9TOnSwGGNsU=,efBpWFUbVNER4LDUXCKTe/IY7LM=
-21,-8,WbhMQDP9Y+GT7sNt9TOnSwGGNsU=,efBpWFUbVNER4LDUXCKTe/IY7LM=
-20,-8,WbhMQDP9Y+GT7sNt9TOnSwGGNsU=,efBpWFUbVNER4LDUXCKTe/IY7LM=
-19,-8,WbhMQDP9Y+GT7sNt9TOnSwGGNsU=,efBpWFUbVNER4LDUXCKTe/IY7LM=
-18,-8,WbhMQDP9Y+GT7sNt9TOnSwGGNsU=,efBpWFUbVNER4LDUXCKTe/IY7LM=
-24,-8,WbhMQDP9Y+GT7sNt9TOnSwGGNsU=,efBpWFUbVNER4LDUXCKTe/IY7LM=
-22,-16,WbhMQDP9Y+GT7sNt9TOnSwGGNsU=,efBpWFUbVNER4LDUXCKTe/IY7LM=
-29,-13,WbhMQDP9Y+GT7sNt9TOnSwGGNsU=,efBpWFUbVNER4LDUXCKTe/IY7LM=
-23,-8,WbhMQDP9Y+GT7sNt9TOnSwGGNsU=,efBpWFUbVNER4LDUXCKTe/IY7LM=
-25,-8,WbhMQDP9Y+GT7sNt9TOnSwGGNsU=,efBpWFUbVNER4LDUXCKTe/IY7LM=
-27,-8,WbhMQDP9Y+GT7sNt9TOnSwGGNsU=,efBpWFUbVNER4LDUXCKTe/IY7LM=
-26,-8,WbhMQDP9Y+GT7sNt9TOnSwGGNsU=,efBpWFUbVNER4LDUXCKTe/IY7LM=
-30,-8,WbhMQDP9Y+GT7sNt9TOnSwGGNsU=,efBpWFUbVNER4LDUXCKTe/IY7LM=
-31,-8,WbhMQDP9Y+GT7sNt9TOnSwGGNsU=,efBpWFUbVNER4LDUXCKTe/IY7LM=
-28,-8,WbhMQDP9Y+GT7sNt9TOnSwGGNsU=,efBpWFUbVNER4LDUXCKTe/IY7LM=
-29,-8,WbhMQDP9Y+GT7sNt9TOnSwGGNsU=,efBpWFUbVNER4LDUXCKTe/IY7LM=
-32,-8,WbhMQDP9Y+GT7sNt9TOnSwGGNsU=,efBpWFUbVNER4LDUXCKTe/IY7LM=
-25,-15,WbhMQDP9Y+GT7sNt9TOnSwGGNsU=,efBpWFUbVNER4LDUXCKTe/IY7LM=
-17,-9,WbhMQDP9Y+GT7sNt9TOnSwGGNsU=,efBpWFUbVNER4LDUXCKTe/IY7LM=
-18,-9,WbhMQDP9Y+GT7sNt9TOnSwGGNsU=,efBpWFUbVNER4LDUXCKTe/IY7LM=
-19,-9,WbhMQDP9Y+GT7sNt9TOnSwGGNsU=,efBpWFUbVNER4LDUXCKTe/IY7LM=
-20,-9,WbhMQDP9Y+GT7sNt9TOnSwGGNsU=,efBpWFUbVNER4LDUXCKTe/IY7LM=
-22,-9,WbhMQDP9Y+GT7sNt9TOnSwGGNsU=,efBpWFUbVNER4LDUXCKTe/IY7LM=
-21,-9,WbhMQDP9Y+GT7sNt9TOnSwGGNsU=,efBpWFUbVNER4LDUXCKTe/IY7LM=
-23,-9,WbhMQDP9Y+GT7sNt9TOnSwGGNsU=,efBpWFUbVNER4LDUXCKTe/IY7LM=
-30,-13,WbhMQDP9Y+GT7sNt9TOnSwGGNsU=,efBpWFUbVNER4LDUXCKTe/IY7LM=
-24,-9,WbhMQDP9Y+GT7sNt9TOnSwGGNsU=,efBpWFUbVNER4LDUXCKTe/IY7LM=
-26,-9,WbhMQDP9Y+GT7sNt9TOnSwGGNsU=,efBpWFUbVNER4LDUXCKTe/IY7LM=
-23,-16,WbhMQDP9Y+GT7sNt9TOnSwGGNsU=,efBpWFUbVNER4LDUXCKTe/IY7LM=
-27,-9,WbhMQDP9Y+GT7sNt9TOnSwGGNsU=,efBpWFUbVNER4LDUXCKTe/IY7LM=
-29,-9,WbhMQDP9Y+GT7sNt9TOnSwGGNsU=,efBpWFUbVNER4LDUXCKTe/IY7LM=
-25,-9,WbhMQDP9Y+GT7sNt9TOnSwGGNsU=,efBpWFUbVNER4LDUXCKTe/IY7LM=
-28,-9,WbhMQDP9Y+GT7sNt9TOnSwGGNsU=,efBpWFUbVNER4LDUXCKTe/IY7LM=
-31,-9,WbhMQDP9Y+GT7sNt9TOnSwGGNsU=,efBpWFUbVNER4LDUXCKTe/IY7LM=
-30,-9,WbhMQDP9Y+GT7sNt9TOnSwGGNsU=,efBpWFUbVNER4LDUXCKTe/IY7LM=
-32,-9,WbhMQDP9Y+GT7sNt9TOnSwGGNsU=,efBpWFUbVNER4LDUXCKTe/IY7LM=
-24,-15,WbhMQDP9Y+GT7sNt9TOnSwGGNsU=,efBpWFUbVNER4LDUXCKTe/IY7LM=
-18,-10,WbhMQDP9Y+GT7sNt9TOnSwGGNsU=,efBpWFUbVNER4LDUXCKTe/IY7LM=
-19,-10,WbhMQDP9Y+GT7sNt9TOnSwGGNsU=,efBpWFUbVNER4LDUXCKTe/IY7LM=
-22,-10,WbhMQDP9Y+GT7sNt9TOnSwGGNsU=,efBpWFUbVNER4LDUXCKTe/IY7LM=
-26,-15,WbhMQDP9Y+GT7sNt9TOnSwGGNsU=,efBpWFUbVNER4LDUXCKTe/IY7LM=
-21,-10,WbhMQDP9Y+GT7sNt9TOnSwGGNsU=,efBpWFUbVNER4LDUXCKTe/IY7LM=
-24,-16,WbhMQDP9Y+GT7sNt9TOnSwGGNsU=,efBpWFUbVNER4LDUXCKTe/IY7LM=
-17,-10,WbhMQDP9Y+GT7sNt9TOnSwGGNsU=,efBpWFUbVNER4LDUXCKTe/IY7LM=
-20,-10,WbhMQDP9Y+GT7sNt9TOnSwGGNsU=,efBpWFUbVNER4LDUXCKTe/IY7LM=
-23,-10,WbhMQDP9Y+GT7sNt9TOnSwGGNsU=,efBpWFUbVNER4LDUXCKTe/IY7LM=
-31,-13,WbhMQDP9Y+GT7sNt9TOnSwGGNsU=,efBpWFUbVNER4LDUXCKTe/IY7LM=
-24,-10,WbhMQDP9Y+GT7sNt9TOnSwGGNsU=,efBpWFUbVNER4LDUXCKTe/IY7LM=
-25,-10,WbhMQDP9Y+GT7sNt9TOnSwGGNsU=,efBpWFUbVNER4LDUXCKTe/IY7LM=
-29,-10,WbhMQDP9Y+GT7sNt9TOnSwGGNsU=,efBpWFUbVNER4LDUXCKTe/IY7LM=
-26,-10,WbhMQDP9Y+GT7sNt9TOnSwGGNsU=,efBpWFUbVNER4LDUXCKTe/IY7LM=
-27,-10,WbhMQDP9Y+GT7sNt9TOnSwGGNsU=,efBpWFUbVNER4LDUXCKTe/IY7LM=
-31,-10,WbhMQDP9Y+GT7sNt9TOnSwGGNsU=,efBpWFUbVNER4LDUXCKTe/IY7LM=
-28,-10,WbhMQDP9Y+GT7sNt9TOnSwGGNsU=,efBpWFUbVNER4LDUXCKTe/IY7LM=
-30,-10,WbhMQDP9Y+GT7sNt9TOnSwGGNsU=,efBpWFUbVNER4LDUXCKTe/IY7LM=
-27,-15,WbhMQDP9Y+GT7sNt9TOnSwGGNsU=,efBpWFUbVNER4LDUXCKTe/IY7LM=
-17,-11,WbhMQDP9Y+GT7sNt9TOnSwGGNsU=,efBpWFUbVNER4LDUXCKTe/IY7LM=
-32,-10,WbhMQDP9Y+GT7sNt9TOnSwGGNsU=,efBpWFUbVNER4LDUXCKTe/IY7LM=
-19,-11,WbhMQDP9Y+GT7sNt9TOnSwGGNsU=,efBpWFUbVNER4LDUXCKTe/IY7LM=
-32,-16,WbhMQDP9Y+GT7sNt9TOnSwGGNsU=,efBpWFUbVNER4LDUXCKTe/IY7LM=
-18,-11,WbhMQDP9Y+GT7sNt9TOnSwGGNsU=,efBpWFUbVNER4LDUXCKTe/IY7LM=
-25,-16,WbhMQDP9Y+GT7sNt9TOnSwGGNsU=,efBpWFUbVNER4LDUXCKTe/IY7LM=
-28,-15,WbhMQDP9Y+GT7sNt9TOnSwGGNsU=,efBpWFUbVNER4LDUXCKTe/IY7LM=
-32,-13,WbhMQDP9Y+GT7sNt9TOnSwGGNsU=,efBpWFUbVNER4LDUXCKTe/IY7LM=
-20,-11,WbhMQDP9Y+GT7sNt9TOnSwGGNsU=,efBpWFUbVNER4LDUXCKTe/IY7LM=
-21,-11,WbhMQDP9Y+GT7sNt9TOnSwGGNsU=,efBpWFUbVNER4LDUXCKTe/IY7LM=
-23,-11,WbhMQDP9Y+GT7sNt9TOnSwGGNsU=,efBpWFUbVNER4LDUXCKTe/IY7LM=
-22,-11,WbhMQDP9Y+GT7sNt9TOnSwGGNsU=,efBpWFUbVNER4LDUXCKTe/IY7LM=
-27,-11,WbhMQDP9Y+GT7sNt9TOnSwGGNsU=,efBpWFUbVNER4LDUXCKTe/IY7LM=
-24,-11,WbhMQDP9Y+GT7sNt9TOnSwGGNsU=,efBpWFUbVNER4LDUXCKTe/IY7LM=
-29,-11,WbhMQDP9Y+GT7sNt9TOnSwGGNsU=,efBpWFUbVNER4LDUXCKTe/IY7LM=
-25,-11,WbhMQDP9Y+GT7sNt9TOnSwGGNsU=,efBpWFUbVNER4LDUXCKTe/IY7LM=
-28,-11,WbhMQDP9Y+GT7sNt9TOnSwGGNsU=,efBpWFUbVNER4LDUXCKTe/IY7LM=
-26,-11,WbhMQDP9Y+GT7sNt9TOnSwGGNsU=,efBpWFUbVNER4LDUXCKTe/IY7LM=
-30,-11,WbhMQDP9Y+GT7sNt9TOnSwGGNsU=,efBpWFUbVNER4LDUXCKTe/IY7LM=
-29,-15,WbhMQDP9Y+GT7sNt9TOnSwGGNsU=,efBpWFUbVNER4LDUXCKTe/IY7LM=
-31,-11,WbhMQDP9Y+GT7sNt9TOnSwGGNsU=,efBpWFUbVNER4LDUXCKTe/IY7LM=
-18,-12,WbhMQDP9Y+GT7sNt9TOnSwGGNsU=,efBpWFUbVNER4LDUXCKTe/IY7LM=
-32,-11,WbhMQDP9Y+GT7sNt9TOnSwGGNsU=,efBpWFUbVNER4LDUXCKTe/IY7LM=
-17,-12,WbhMQDP9Y+GT7sNt9TOnSwGGNsU=,efBpWFUbVNER4LDUXCKTe/IY7LM=
-19,-12,WbhMQDP9Y+GT7sNt9TOnSwGGNsU=,efBpWFUbVNER4LDUXCKTe/IY7LM=
-26,-16,WbhMQDP9Y+GT7sNt9TOnSwGGNsU=,efBpWFUbVNER4LDUXCKTe/IY7LM=
-20,-12,WbhMQDP9Y+GT7sNt9TOnSwGGNsU=,efBpWFUbVNER4LDUXCKTe/IY7LM=
-25,-12,WbhMQDP9Y+GT7sNt9TOnSwGGNsU=,efBpWFUbVNER4LDUXCKTe/IY7LM=
-24,-12,WbhMQDP9Y+GT7sNt9TOnSwGGNsU=,efBpWFUbVNER4LDUXCKTe/IY7LM=
-21,-12,WbhMQDP9Y+GT7sNt9TOnSwGGNsU=,efBpWFUbVNER4LDUXCKTe/IY7LM=
-23,-12,WbhMQDP9Y+GT7sNt9TOnSwGGNsU=,efBpWFUbVNER4LDUXCKTe/IY7LM=
-22,-12,WbhMQDP9Y+GT7sNt9TOnSwGGNsU=,efBpWFUbVNER4LDUXCKTe/IY7LM=
-26,-12,WbhMQDP9Y+GT7sNt9TOnSwGGNsU=,efBpWFUbVNER4LDUXCKTe/IY7LM=
-17,-14,WbhMQDP9Y+GT7sNt9TOnSwGGNsU=,efBpWFUbVNER4LDUXCKTe/IY7LM=
-27,-12,WbhMQDP9Y+GT7sNt9TOnSwGGNsU=,efBpWFUbVNER4LDUXCKTe/IY7LM=
-28,-12,WbhMQDP9Y+GT7sNt9TOnSwGGNsU=,efBpWFUbVNER4LDUXCKTe/IY7LM=
-29,-12,WbhMQDP9Y+GT7sNt9TOnSwGGNsU=,efBpWFUbVNER4LDUXCKTe/IY7LM=
-30,-15,WbhMQDP9Y+GT7sNt9TOnSwGGNsU=,efBpWFUbVNER4LDUXCKTe/IY7LM=
-32,-12,WbhMQDP9Y+GT7sNt9TOnSwGGNsU=,efBpWFUbVNER4LDUXCKTe/IY7LM=
-30,-12,WbhMQDP9Y+GT7sNt9TOnSwGGNsU=,efBpWFUbVNER4LDUXCKTe/IY7LM=
-17,-13,WbhMQDP9Y+GT7sNt9TOnSwGGNsU=,efBpWFUbVNER4LDUXCKTe/IY7LM=
-18,-13,WbhMQDP9Y+GT7sNt9TOnSwGGNsU=,efBpWFUbVNER4LDUXCKTe/IY7LM=
-31,-12,WbhMQDP9Y+GT7sNt9TOnSwGGNsU=,efBpWFUbVNER4LDUXCKTe/IY7LM=
-27,-16,WbhMQDP9Y+GT7sNt9TOnSwGGNsU=,efBpWFUbVNER4LDUXCKTe/IY7LM=
-18,-14,WbhMQDP9Y+GT7sNt9TOnSwGGNsU=,efBpWFUbVNER4LDUXCKTe/IY7LM=
-19,-13,WbhMQDP9Y+GT7sNt9TOnSwGGNsU=,efBpWFUbVNER4LDUXCKTe/IY7LM=
-28,-16,WbhMQDP9Y+GT7sNt9TOnSwGGNsU=,efBpWFUbVNER4LDUXCKTe/IY7LM=
