-34,22,LWvahmqSL8exixl8FXQxagAvXV8=,jtIEOulFAjJoCLBwfmc3HkQ7Mj8=
-40,16,LWvahmqSL8exixl8FXQxagAvXV8=,jtIEOulFAjJoCLBwfmc3HkQ7Mj8=
-33,22,LWvahmqSL8exixl8FXQxagAvXV8=,jtIEOulFAjJoCLBwfmc3HkQ7Mj8=
-36,22,LWvahmqSL8exixl8FXQxagAvXV8=,jtIEOulFAjJoCLBwfmc3HkQ7Mj8=
-35,22,LWvahmqSL8exixl8FXQxagAvXV8=,jtIEOulFAjJoCLBwfmc3HkQ7Mj8=
-37,22,LWvahmqSL8exixl8FXQxagAvXV8=,jtIEOulFAjJoCLBwfmc3HkQ7Mj8=
-38,22,LWvahmqSL8exixl8FXQxagAvXV8=,jtIEOulFAjJoCLBwfmc3HkQ7Mj8=
-39,22,LWvahmqSL8exixl8FXQxagAvXV8=,jtIEOulFAjJoCLBwfmc3HkQ7Mj8=
-40,22,LWvahmqSL8exixl8FXQxagAvXV8=,jtIEOulFAjJoCLBwfmc3HkQ7Mj8=
-33,21,LWvahmqSL8exixl8FXQxagAvXV8=,jtIEOulFAjJoCLBwfmc3HkQ7Mj8=
-34,21,LWvahmqSL8exixl8FXQxagAvXV8=,jtIEOulFAjJoCLBwfmc3HkQ7Mj8=
-35,21,LWvahmqSL8exixl8FXQxagAvXV8=,jtIEOulFAjJoCLBwfmc3HkQ7Mj8=
-36,21,LWvahmqSL8exixl8FXQxagAvXV8=,jtIEOulFAjJoCLBwfmc3HkQ7Mj8=
-37,21,LWvahmqSL8exixl8FXQxagAvXV8=,jtIEOulFAjJoCLBwfmc3HkQ7Mj8=
-39,21,LWvahmqSL8exixl8FXQxagAvXV8=,jtIEOulFAjJoCLBwfmc3HkQ7Mj8=
-38,21,LWvahmqSL8exixl8FXQxagAvXV8=,jtIEOulFAjJoCLBwfmc3HkQ7Mj8=
-40,21,LWvahmqSL8exixl8FXQxagAvXV8=,jtIEOulFAjJoCLBwfmc3HkQ7Mj8=
-33,20,LWvahmqSL8exixl8FXQxagAvXV8=,jtIEOulFAjJoCLBwfmc3HkQ7Mj8=
-35,20,LWvahmqSL8exixl8FXQxagAvXV8=,jtIEOulFAjJoCLBwfmc3HkQ7Mj8=
-34,20,LWvahmqSL8exixl8FXQxagAvXV8=,jtIEOulFAjJoCLBwfmc3HkQ7Mj8=
-36,20,LWvahmqSL8exixl8FXQxagAvXV8=,jtIEOulFAjJoCLBwfmc3HkQ7Mj8=
-37,20,LWvahmqSL8exixl8FXQxagAvXV8=,jtIEOulFAjJoCLBwfmc3HkQ7Mj8=
-38,20,LWvahmqSL8exixl8FXQxagAvXV8=,jtIEOulFAjJoCLBwfmc3HkQ7Mj8=
-40,20,LWvahmqSL8exixl8FXQxagAvXV8=,jtIEOulFAjJoCLBwfmc3HkQ7Mj8=
-39,20,LWvahmqSL8exixl8FXQxagAvXV8=,jtIEOulFAjJoCLBwfmc3HkQ7Mj8=
-33,19,LWvahmqSL8exixl8FXQxagAvXV8=,jtIEOulFAjJoCLBwfmc3HkQ7Mj8=
-34,19,LWvahmqSL8exixl8FXQxagAvXV8=,jtIEOulFAjJoCLBwfmc3HkQ7Mj8=
-35,19,LWvahmqSL8exixl8FXQxagAvXV8=,jtIEOulFAjJoCLBwfmc3HkQ7Mj8=
-37,19,LWvahmqSL8exixl8FXQxagAvXV8=,jtIEOulFAjJoCLBwfmc3HkQ7Mj8=
-36,19,LWvahmqSL8exixl8FXQxagAvXV8=,jtIEOulFAjJoCLBwfmc3HkQ7Mj8=
-38,19,LWvahmqSL8exixl8FXQxagAvXV8=,jtIEOulFAjJoCLBwfmc3HkQ7Mj8=
-33,18,LWvahmqSL8exixl8FXQxagAvXV8=,jtIEOulFAjJoCLBwfmc3HkQ7Mj8=
-39,19,LWvahmqSL8exixl8FXQxagAvXV8=,jtIEOulFAjJoCLBwfmc3HkQ7Mj8=
-40,19,LWvahmqSL8exixl8FXQxagAvXV8=,jtIEOulFAjJoCLBwfmc3HkQ7Mj8=
-35,18,LWvahmqSL8exixl8FXQxagAvXV8=,jtIEOulFAjJoCLBwfmc3HkQ7Mj8=
-36,18,LWvahmqSL8exixl8FXQxagAvXV8=,jtIEOulFAjJoCLBwfmc3HkQ7Mj8=
-34,18,LWvahmqSL8exixl8FXQxagAvXV8=,jtIEOulFAjJoCLBwfmc3HkQ7Mj8=
-37,18,LWvahmqSL8exixl8FXQxagAvXV8=,jtIEOulFAjJoCLBwfmc3HkQ7Mj8=
-39,18,LWvahmqSL8exixl8FXQxagAvXV8=,jtIEOulFAjJoCLBwfmc3HkQ7Mj8=
-38,18,LWvahmqSL8exixl8FXQxagAvXV8=,jtIEOulFAjJoCLBwfmc3HkQ7Mj8=
-40,18,LWvahmqSL8exixl8FXQxagAvXV8=,jtIEOulFAjJoCLBwfmc3HkQ7Mj8=
-33,17,LWvahmqSL8exixl8FXQxagAvXV8=,jtIEOulFAjJoCLBwfmc3HkQ7Mj8=
-34,17,LWvahmqSL8exixl8FXQxagAvXV8=,jtIEOulFAjJoCLBwfmc3HkQ7Mj8=
-35,17,LWvahmqSL8exixl8FXQxagAvXV8=,jtIEOulFAjJoCLBwfmc3HkQ7Mj8=
-36,17,LWvahmqSL8exixl8FXQxagAvXV8=,jtIEOulFAjJoCLBwfmc3HkQ7Mj8=
-37,17,LWvahmqSL8exixl8FXQxagAvXV8=,jtIEOulFAjJoCLBwfmc3HkQ7Mj8=
-38,17,LWvahmqSL8exixl8FXQxagAvXV8=,jtIEOulFAjJoCLBwfmc3HkQ7Mj8=
-39,17,LWvahmqSL8exixl8FXQxagAvXV8=,jtIEOulFAjJoCLBwfmc3HkQ7Mj8=
-40,17,LWvahmqSL8exixl8FXQxagAvXV8=,jtIEOulFAjJoCLBwfmc3HkQ7Mj8=
-33,16,LWvahmqSL8exixl8FXQxagAvXV8=,jtIEOulFAjJoCLBwfmc3HkQ7Mj8=
-34,16,LWvahmqSL8exixl8FXQxagAvXV8=,jtIEOulFAjJoCLBwfmc3HkQ7Mj8=
-39,16,LWvahmqSL8exixl8FXQxagAvXV8=,jtIEOulFAjJoCLBwfmc3HkQ7Mj8=
-35,16,LWvahmqSL8exixl8FXQxagAvXV8=,jtIEOulFAjJoCLBwfmc3HkQ7Mj8=
-36,16,LWvahmqSL8exixl8FXQxagAvXV8=,jtIEOulFAjJoCLBwfmc3HkQ7Mj8=
-37,16,LWvahmqSL8exixl8FXQxagAvXV8=,jtIEOulFAjJoCLBwfmc3HkQ7Mj8=
-38,16,LWvahmqSL8exixl8FXQxagAvXV8=,jtIEOulFAjJoCLBwfmc3HkQ7Mj8=
-37,23,LWvahmqSL8exixl8FXQxagAvXV8=,jtIEOulFAjJoCLBwfmc3HkQ7Mj8=
-35,30,LWvahmqSL8exixl8FXQxagAvXV8=,Yug/7QBWqcwRks4NxeJfMzlg18c=
-37,31,LWvahmqSL8exixl8FXQxagAvXV8=,Yug/7QBWqcwRks4NxeJfMzlg18c=
-35,29,LWvahmqSL8exixl8FXQxagAvXV8=,Yug/7QBWqcwRks4NxeJfMzlg18c=
-40,29,LWvahmqSL8exixl8FXQxagAvXV8=,Yug/7QBWqcwRks4NxeJfMzlg18c=
-36,30,LWvahmqSL8exixl8FXQxagAvXV8=,Yug/7QBWqcwRks4NxeJfMzlg18c=
-36,29,LWvahmqSL8exixl8FXQxagAvXV8=,Yug/7QBWqcwRks4NxeJfMzlg18c=
-38,23,LWvahmqSL8exixl8FXQxagAvXV8=,jtIEOulFAjJoCLBwfmc3HkQ7Mj8=
-39,29,LWvahmqSL8exixl8FXQxagAvXV8=,Yug/7QBWqcwRks4NxeJfMzlg18c=
-37,26,LWvahmqSL8exixl8FXQxagAvXV8=,Yug/7QBWqcwRks4NxeJfMzlg18c=
-36,31,LWvahmqSL8exixl8FXQxagAvXV8=,Yug/7QBWqcwRks4NxeJfMzlg18c=
-37,25,LWvahmqSL8exixl8FXQxagAvXV8=,Yug/7QBWqcwRks4NxeJfMzlg18c=
-35,31,LWvahmqSL8exixl8FXQxagAvXV8=,Yug/7QBWqcwRks4NxeJfMzlg18c=
-39,23,LWvahmqSL8exixl8FXQxagAvXV8=,jtIEOulFAjJoCLBwfmc3HkQ7Mj8=
-37,24,LWvahmqSL8exixl8FXQxagAvXV8=,Yug/7QBWqcwRks4NxeJfMzlg18c=
-37,29,LWvahmqSL8exixl8FXQxagAvXV8=,Yug/7QBWqcwRks4NxeJfMzlg18c=
-34,31,LWvahmqSL8exixl8FXQxagAvXV8=,Yug/7QBWqcwRks4NxeJfMzlg18c=
-38,31,LWvahmqSL8exixl8FXQxagAvXV8=,Yug/7QBWqcwRks4NxeJfMzlg18c=
-39,31,LWvahmqSL8exixl8FXQxagAvXV8=,Yug/7QBWqcwRks4NxeJfMzlg18c=
-33,31,LWvahmqSL8exixl8FXQxagAvXV8=,Yug/7QBWqcwRks4NxeJfMzlg18c=
-33,28,LWvahmqSL8exixl8FXQxagAvXV8=,Yug/7QBWqcwRks4NxeJfMzlg18c=
-36,23,LWvahmqSL8exixl8FXQxagAvXV8=,jtIEOulFAjJoCLBwfmc3HkQ7Mj8=
-40,23,LWvahmqSL8exixl8FXQxagAvXV8=,jtIEOulFAjJoCLBwfmc3HkQ7Mj8=
-38,29,LWvahmqSL8exixl8FXQxagAvXV8=,Yug/7QBWqcwRks4NxeJfMzlg18c=
-40,24,LWvahmqSL8exixl8FXQxagAvXV8=,Yug/7QBWqcwRks4NxeJfMzlg18c=
-38,24,LWvahmqSL8exixl8FXQxagAvXV8=,Yug/7QBWqcwRks4NxeJfMzlg18c=
-38,26,LWvahmqSL8exixl8FXQxagAvXV8=,Yug/7QBWqcwRks4NxeJfMzlg18c=
-36,24,LWvahmqSL8exixl8FXQxagAvXV8=,Yug/7QBWqcwRks4NxeJfMzlg18c=
-37,30,LWvahmqSL8exixl8FXQxagAvXV8=,Yug/7QBWqcwRks4NxeJfMzlg18c=
-39,28,LWvahmqSL8exixl8FXQxagAvXV8=,Yug/7QBWqcwRks4NxeJfMzlg18c=
-36,26,LWvahmqSL8exixl8FXQxagAvXV8=,Yug/7QBWqcwRks4NxeJfMzlg18c=
-38,25,LWvahmqSL8exixl8FXQxagAvXV8=,Yug/7QBWqcwRks4NxeJfMzlg18c=
-34,30,LWvahmqSL8exixl8FXQxagAvXV8=,Yug/7QBWqcwRks4NxeJfMzlg18c=
-40,28,LWvahmqSL8exixl8FXQxagAvXV8=,Yug/7QBWqcwRks4NxeJfMzlg18c=
-33,27,LWvahmqSL8exixl8FXQxagAvXV8=,Yug/7QBWqcwRks4NxeJfMzlg18c=
-34,27,LWvahmqSL8exixl8FXQxagAvXV8=,Yug/7QBWqcwRks4NxeJfMzlg18c=
-35,24,LWvahmqSL8exixl8FXQxagAvXV8=,Yug/7QBWqcwRks4NxeJfMzlg18c=
-35,27,LWvahmqSL8exixl8FXQxagAvXV8=,Yug/7QBWqcwRks4NxeJfMzlg18c=
-34,28,LWvahmqSL8exixl8FXQxagAvXV8=,Yug/7QBWqcwRks4NxeJfMzlg18c=
-35,23,LWvahmqSL8exixl8FXQxagAvXV8=,jtIEOulFAjJoCLBwfmc3HkQ7Mj8=
-40,31,LWvahmqSL8exixl8FXQxagAvXV8=,Yug/7QBWqcwRks4NxeJfMzlg18c=
-36,25,LWvahmqSL8exixl8FXQxagAvXV8=,Yug/7QBWqcwRks4NxeJfMzlg18c=
-39,25,LWvahmqSL8exixl8FXQxagAvXV8=,Yug/7QBWqcwRks4NxeJfMzlg18c=
-36,27,LWvahmqSL8exixl8FXQxagAvXV8=,Yug/7QBWqcwRks4NxeJfMzlg18c=
-34,23,LWvahmqSL8exixl8FXQxagAvXV8=,jtIEOulFAjJoCLBwfmc3HkQ7Mj8=
-39,26,LWvahmqSL8exixl8FXQxagAvXV8=,Yug/7QBWqcwRks4NxeJfMzlg18c=
-34,29,LWvahmqSL8exixl8FXQxagAvXV8=,Yug/7QBWqcwRks4NxeJfMzlg18c=
-33,25,LWvahmqSL8exixl8FXQxagAvXV8=,Yug/7QBWqcwRks4NxeJfMzlg18c=
-33,23,LWvahmqSL8exixl8FXQxagAvXV8=,jtIEOulFAjJoCLBwfmc3HkQ7Mj8=
-35,28,LWvahmqSL8exixl8FXQxagAvXV8=,Yug/7QBWqcwRks4NxeJfMzlg18c=
-38,28,LWvahmqSL8exixl8FXQxagAvXV8=,Yug/7QBWqcwRks4NxeJfMzlg18c=
-34,25,LWvahmqSL8exixl8FXQxagAvXV8=,Yug/7QBWqcwRks4NxeJfMzlg18c=
-33,29,LWvahmqSL8exixl8FXQxagAvXV8=,Yug/7QBWqcwRks4NxeJfMzlg18c=
-38,30,LWvahmqSL8exixl8FXQxagAvXV8=,Yug/7QBWqcwRks4NxeJfMzlg18c=
-35,26,LWvahmqSL8exixl8FXQxagAvXV8=,Yug/7QBWqcwRks4NxeJfMzlg18c=
-40,25,LWvahmqSL8exixl8FXQxagAvXV8=,Yug/7QBWqcwRks4NxeJfMzlg18c=
-34,26,LWvahmqSL8exixl8FXQxagAvXV8=,Yug/7QBWqcwRks4NxeJfMzlg18c=
-36,28,LWvahmqSL8exixl8FXQxagAvXV8=,Yug/7QBWqcwRks4NxeJfMzlg18c=
-33,26,LWvahmqSL8exixl8FXQxagAvXV8=,Yug/7QBWqcwRks4NxeJfMzlg18c=
-39,30,LWvahmqSL8exixl8FXQxagAvXV8=,Yug/7QBWqcwRks4NxeJfMzlg18c=
-40,30,LWvahmqSL8exixl8FXQxagAvXV8=,Yug/7QBWqcwRks4NxeJfMzlg18c=
-33,24,LWvahmqSL8exixl8FXQxagAvXV8=,Yug/7QBWqcwRks4NxeJfMzlg18c=
-35,25,LWvahmqSL8exixl8FXQxagAvXV8=,Yug/7QBWqcwRks4NxeJfMzlg18c=
-37,28,LWvahmqSL8exixl8FXQxagAvXV8=,Yug/7QBWqcwRks4NxeJfMzlg18c=
-40,27,LWvahmqSL8exixl8FXQxagAvXV8=,Yug/7QBWqcwRks4NxeJfMzlg18c=
-40,26,LWvahmqSL8exixl8FXQxagAvXV8=,Yug/7QBWqcwRks4NxeJfMzlg18c=
-39,27,LWvahmqSL8exixl8FXQxagAvXV8=,Yug/7QBWqcwRks4NxeJfMzlg18c=
-33,30,LWvahmqSL8exixl8FXQxagAvXV8=,Yug/7QBWqcwRks4NxeJfMzlg18c=
-38,27,LWvahmqSL8exixl8FXQxagAvXV8=,Yug/7QBWqcwRks4NxeJfMzlg18c=
-37,27,LWvahmqSL8exixl8FXQxagAvXV8=,Yug/7QBWqcwRks4NxeJfMzlg18c=
-39,24,LWvahmqSL8exixl8FXQxagAvXV8=,Yug/7QBWqcwRks4NxeJfMzlg18c=
-34,24,LWvahmqSL8exixl8FXQxagAvXV8=,Yug/7QBWqcwRks4NxeJfMzlg18c=
-34,11,LWvahmqSL8exixl8FXQxagAvXV8=,VmZCQbqAwG+XZECSGH2ZMYEZh74=
-38,9,LWvahmqSL8exixl8FXQxagAvXV8=,VmZCQbqAwG+XZECSGH2ZMYEZh74=
-37,9,LWvahmqSL8exixl8FXQxagAvXV8=,VmZCQbqAwG+XZECSGH2ZMYEZh74=
-36,9,LWvahmqSL8exixl8FXQxagAvXV8=,VmZCQbqAwG+XZECSGH2ZMYEZh74=
-36,13,LWvahmqSL8exixl8FXQxagAvXV8=,VmZCQbqAwG+XZECSGH2ZMYEZh74=
-35,13,LWvahmqSL8exixl8FXQxagAvXV8=,VmZCQbqAwG+XZECSGH2ZMYEZh74=
-33,13,LWvahmqSL8exixl8FXQxagAvXV8=,VmZCQbqAwG+XZECSGH2ZMYEZh74=
-34,13,LWvahmqSL8exixl8FXQxagAvXV8=,VmZCQbqAwG+XZECSGH2ZMYEZh74=
-40,14,LWvahmqSL8exixl8FXQxagAvXV8=,VmZCQbqAwG+XZECSGH2ZMYEZh74=
-40,10,LWvahmqSL8exixl8FXQxagAvXV8=,VmZCQbqAwG+XZECSGH2ZMYEZh74=
-40,9,LWvahmqSL8exixl8FXQxagAvXV8=,VmZCQbqAwG+XZECSGH2ZMYEZh74=
-39,9,LWvahmqSL8exixl8FXQxagAvXV8=,VmZCQbqAwG+XZECSGH2ZMYEZh74=
-34,12,LWvahmqSL8exixl8FXQxagAvXV8=,VmZCQbqAwG+XZECSGH2ZMYEZh74=
-39,14,LWvahmqSL8exixl8FXQxagAvXV8=,VmZCQbqAwG+XZECSGH2ZMYEZh74=
-38,14,LWvahmqSL8exixl8FXQxagAvXV8=,VmZCQbqAwG+XZECSGH2ZMYEZh74=
-37,14,LWvahmqSL8exixl8FXQxagAvXV8=,VmZCQbqAwG+XZECSGH2ZMYEZh74=
-39,10,LWvahmqSL8exixl8FXQxagAvXV8=,VmZCQbqAwG+XZECSGH2ZMYEZh74=
-36,14,LWvahmqSL8exixl8FXQxagAvXV8=,VmZCQbqAwG+XZECSGH2ZMYEZh74=
-35,14,LWvahmqSL8exixl8FXQxagAvXV8=,VmZCQbqAwG+XZECSGH2ZMYEZh74=
-38,10,LWvahmqSL8exixl8FXQxagAvXV8=,VmZCQbqAwG+XZECSGH2ZMYEZh74=
-34,14,LWvahmqSL8exixl8FXQxagAvXV8=,VmZCQbqAwG+XZECSGH2ZMYEZh74=
-40,11,LWvahmqSL8exixl8FXQxagAvXV8=,VmZCQbqAwG+XZECSGH2ZMYEZh74=
-40,12,LWvahmqSL8exixl8FXQxagAvXV8=,VmZCQbqAwG+XZECSGH2ZMYEZh74=
-33,14,LWvahmqSL8exixl8FXQxagAvXV8=,VmZCQbqAwG+XZECSGH2ZMYEZh74=
-40,15,LWvahmqSL8exixl8FXQxagAvXV8=,VmZCQbqAwG+XZECSGH2ZMYEZh74=
-39,15,LWvahmqSL8exixl8FXQxagAvXV8=,VmZCQbqAwG+XZECSGH2ZMYEZh74=
-38,15,LWvahmqSL8exixl8FXQxagAvXV8=,VmZCQbqAwG+XZECSGH2ZMYEZh74=
-37,15,LWvahmqSL8exixl8FXQxagAvXV8=,VmZCQbqAwG+XZECSGH2ZMYEZh74=
-36,15,LWvahmqSL8exixl8FXQxagAvXV8=,VmZCQbqAwG+XZECSGH2ZMYEZh74=
-35,15,LWvahmqSL8exixl8FXQxagAvXV8=,VmZCQbqAwG+XZECSGH2ZMYEZh74=
-34,15,LWvahmqSL8exixl8FXQxagAvXV8=,VmZCQbqAwG+XZECSGH2ZMYEZh74=
-37,10,LWvahmqSL8exixl8FXQxagAvXV8=,VmZCQbqAwG+XZECSGH2ZMYEZh74=
-36,10,LWvahmqSL8exixl8FXQxagAvXV8=,VmZCQbqAwG+XZECSGH2ZMYEZh74=
-39,11,LWvahmqSL8exixl8FXQxagAvXV8=,VmZCQbqAwG+XZECSGH2ZMYEZh74=
-40,13,LWvahmqSL8exixl8FXQxagAvXV8=,VmZCQbqAwG+XZECSGH2ZMYEZh74=
-33,15,LWvahmqSL8exixl8FXQxagAvXV8=,VmZCQbqAwG+XZECSGH2ZMYEZh74=
-38,11,LWvahmqSL8exixl8FXQxagAvXV8=,VmZCQbqAwG+XZECSGH2ZMYEZh74=
-39,12,LWvahmqSL8exixl8FXQxagAvXV8=,VmZCQbqAwG+XZECSGH2ZMYEZh74=
-39,13,LWvahmqSL8exixl8FXQxagAvXV8=,VmZCQbqAwG+XZECSGH2ZMYEZh74=
-33,12,LWvahmqSL8exixl8FXQxagAvXV8=,VmZCQbqAwG+XZECSGH2ZMYEZh74=
-38,12,LWvahmqSL8exixl8FXQxagAvXV8=,VmZCQbqAwG+XZECSGH2ZMYEZh74=
-37,11,LWvahmqSL8exixl8FXQxagAvXV8=,VmZCQbqAwG+XZECSGH2ZMYEZh74=
-38,13,LWvahmqSL8exixl8FXQxagAvXV8=,VmZCQbqAwG+XZECSGH2ZMYEZh74=
-33,11,LWvahmqSL8exixl8FXQxagAvXV8=,VmZCQbqAwG+XZECSGH2ZMYEZh74=
-37,12,LWvahmqSL8exixl8FXQxagAvXV8=,VmZCQbqAwG+XZECSGH2ZMYEZh74=
-36,11,LWvahmqSL8exixl8FXQxagAvXV8=,VmZCQbqAwG+XZECSGH2ZMYEZh74=
-36,12,LWvahmqSL8exixl8FXQxagAvXV8=,VmZCQbqAwG+XZECSGH2ZMYEZh74=
-37,13,LWvahmqSL8exixl8FXQxagAvXV8=,VmZCQbqAwG+XZECSGH2ZMYEZh74=
-35,12,LWvahmqSL8exixl8FXQxagAvXV8=,VmZCQbqAwG+XZECSGH2ZMYEZh74=
-35,11,LWvahmqSL8exixl8FXQxagAvXV8=,VmZCQbqAwG+XZECSGH2ZMYEZh74=
-33,10,LWvahmqSL8exixl8FXQxagAvXV8=,VmZCQbqAwG+XZECSGH2ZMYEZh74=
-35,9,LWvahmqSL8exixl8FXQxagAvXV8=,VmZCQbqAwG+XZECSGH2ZMYEZh74=
-34,9,LWvahmqSL8exixl8FXQxagAvXV8=,VmZCQbqAwG+XZECSGH2ZMYEZh74=
-34,10,LWvahmqSL8exixl8FXQxagAvXV8=,VmZCQbqAwG+XZECSGH2ZMYEZh74=
-35,10,LWvahmqSL8exixl8FXQxagAvXV8=,VmZCQbqAwG+XZECSGH2ZMYEZh74=
-37,3,LWvahmqSL8exixl8FXQxagAvXV8=,gXDVQl3yyZi2zi6q/cpI0z2ffUk=
-33,9,LWvahmqSL8exixl8FXQxagAvXV8=,VmZCQbqAwG+XZECSGH2ZMYEZh74=
-36,3,LWvahmqSL8exixl8FXQxagAvXV8=,gXDVQl3yyZi2zi6q/cpI0z2ffUk=
-40,8,LWvahmqSL8exixl8FXQxagAvXV8=,VmZCQbqAwG+XZECSGH2ZMYEZh74=
-33,7,LWvahmqSL8exixl8FXQxagAvXV8=,gXDVQl3yyZi2zi6q/cpI0z2ffUk=
-35,7,LWvahmqSL8exixl8FXQxagAvXV8=,gXDVQl3yyZi2zi6q/cpI0z2ffUk=
-38,3,LWvahmqSL8exixl8FXQxagAvXV8=,gXDVQl3yyZi2zi6q/cpI0z2ffUk=
-37,7,LWvahmqSL8exixl8FXQxagAvXV8=,gXDVQl3yyZi2zi6q/cpI0z2ffUk=
-36,7,LWvahmqSL8exixl8FXQxagAvXV8=,gXDVQl3yyZi2zi6q/cpI0z2ffUk=
-39,3,LWvahmqSL8exixl8FXQxagAvXV8=,gXDVQl3yyZi2zi6q/cpI0z2ffUk=
-38,7,LWvahmqSL8exixl8FXQxagAvXV8=,gXDVQl3yyZi2zi6q/cpI0z2ffUk=
-39,7,LWvahmqSL8exixl8FXQxagAvXV8=,gXDVQl3yyZi2zi6q/cpI0z2ffUk=
-40,3,LWvahmqSL8exixl8FXQxagAvXV8=,gXDVQl3yyZi2zi6q/cpI0z2ffUk=
-33,2,LWvahmqSL8exixl8FXQxagAvXV8=,gXDVQl3yyZi2zi6q/cpI0z2ffUk=
-35,3,LWvahmqSL8exixl8FXQxagAvXV8=,gXDVQl3yyZi2zi6q/cpI0z2ffUk=
-34,2,LWvahmqSL8exixl8FXQxagAvXV8=,gXDVQl3yyZi2zi6q/cpI0z2ffUk=
-36,2,LWvahmqSL8exixl8FXQxagAvXV8=,gXDVQl3yyZi2zi6q/cpI0z2ffUk=
-37,2,LWvahmqSL8exixl8FXQxagAvXV8=,gXDVQl3yyZi2zi6q/cpI0z2ffUk=
-34,7,LWvahmqSL8exixl8FXQxagAvXV8=,gXDVQl3yyZi2zi6q/cpI0z2ffUk=
-38,2,LWvahmqSL8exixl8FXQxagAvXV8=,gXDVQl3yyZi2zi6q/cpI0z2ffUk=
-39,2,LWvahmqSL8exixl8FXQxagAvXV8=,gXDVQl3yyZi2zi6q/cpI0z2ffUk=
-40,7,LWvahmqSL8exixl8FXQxagAvXV8=,gXDVQl3yyZi2zi6q/cpI0z2ffUk=
-40,2,LWvahmqSL8exixl8FXQxagAvXV8=,gXDVQl3yyZi2zi6q/cpI0z2ffUk=
-34,3,LWvahmqSL8exixl8FXQxagAvXV8=,gXDVQl3yyZi2zi6q/cpI0z2ffUk=
-35,2,LWvahmqSL8exixl8FXQxagAvXV8=,gXDVQl3yyZi2zi6q/cpI0z2ffUk=
-33,6,LWvahmqSL8exixl8FXQxagAvXV8=,gXDVQl3yyZi2zi6q/cpI0z2ffUk=
-35,6,LWvahmqSL8exixl8FXQxagAvXV8=,gXDVQl3yyZi2zi6q/cpI0z2ffUk=
-36,6,LWvahmqSL8exixl8FXQxagAvXV8=,gXDVQl3yyZi2zi6q/cpI0z2ffUk=
-33,1,LWvahmqSL8exixl8FXQxagAvXV8=,gXDVQl3yyZi2zi6q/cpI0z2ffUk=
-37,6,LWvahmqSL8exixl8FXQxagAvXV8=,gXDVQl3yyZi2zi6q/cpI0z2ffUk=
-34,1,LWvahmqSL8exixl8FXQxagAvXV8=,gXDVQl3yyZi2zi6q/cpI0z2ffUk=
-33,3,LWvahmqSL8exixl8FXQxagAvXV8=,gXDVQl3yyZi2zi6q/cpI0z2ffUk=
-39,8,LWvahmqSL8exixl8FXQxagAvXV8=,VmZCQbqAwG+XZECSGH2ZMYEZh74=
-40,4,LWvahmqSL8exixl8FXQxagAvXV8=,gXDVQl3yyZi2zi6q/cpI0z2ffUk=
-36,8,LWvahmqSL8exixl8FXQxagAvXV8=,VmZCQbqAwG+XZECSGH2ZMYEZh74=
-39,4,LWvahmqSL8exixl8FXQxagAvXV8=,gXDVQl3yyZi2zi6q/cpI0z2ffUk=
-36,1,LWvahmqSL8exixl8FXQxagAvXV8=,gXDVQl3yyZi2zi6q/cpI0z2ffUk=
-37,1,LWvahmqSL8exixl8FXQxagAvXV8=,gXDVQl3yyZi2zi6q/cpI0z2ffUk=
-38,6,LWvahmqSL8exixl8FXQxagAvXV8=,gXDVQl3yyZi2zi6q/cpI0z2ffUk=
-37,8,LWvahmqSL8exixl8FXQxagAvXV8=,VmZCQbqAwG+XZECSGH2ZMYEZh74=
-39,6,LWvahmqSL8exixl8FXQxagAvXV8=,gXDVQl3yyZi2zi6q/cpI0z2ffUk=
-40,6,LWvahmqSL8exixl8FXQxagAvXV8=,gXDVQl3yyZi2zi6q/cpI0z2ffUk=
-34,6,LWvahmqSL8exixl8FXQxagAvXV8=,gXDVQl3yyZi2zi6q/cpI0z2ffUk=
-38,1,LWvahmqSL8exixl8FXQxagAvXV8=,gXDVQl3yyZi2zi6q/cpI0z2ffUk=
-39,1,LWvahmqSL8exixl8FXQxagAvXV8=,gXDVQl3yyZi2zi6q/cpI0z2ffUk=
-40,1,LWvahmqSL8exixl8FXQxagAvXV8=,gXDVQl3yyZi2zi6q/cpI0z2ffUk=
-34,0,LWvahmqSL8exixl8FXQxagAvXV8=,gXDVQl3yyZi2zi6q/cpI0z2ffUk=
-35,0,LWvahmqSL8exixl8FXQxagAvXV8=,gXDVQl3yyZi2zi6q/cpI0z2ffUk=
-33,0,LWvahmqSL8exixl8FXQxagAvXV8=,gXDVQl3yyZi2zi6q/cpI0z2ffUk=
-35,8,LWvahmqSL8exixl8FXQxagAvXV8=,VmZCQbqAwG+XZECSGH2ZMYEZh74=
-33,5,LWvahmqSL8exixl8FXQxagAvXV8=,gXDVQl3yyZi2zi6q/cpI0z2ffUk=
-35,1,LWvahmqSL8exixl8FXQxagAvXV8=,gXDVQl3yyZi2zi6q/cpI0z2ffUk=
-36,5,LWvahmqSL8exixl8FXQxagAvXV8=,gXDVQl3yyZi2zi6q/cpI0z2ffUk=
-36,0,LWvahmqSL8exixl8FXQxagAvXV8=,gXDVQl3yyZi2zi6q/cpI0z2ffUk=
-37,0,LWvahmqSL8exixl8FXQxagAvXV8=,gXDVQl3yyZi2zi6q/cpI0z2ffUk=
-38,0,LWvahmqSL8exixl8FXQxagAvXV8=,gXDVQl3yyZi2zi6q/cpI0z2ffUk=
-39,0,LWvahmqSL8exixl8FXQxagAvXV8=,gXDVQl3yyZi2zi6q/cpI0z2ffUk=
-40,0,LWvahmqSL8exixl8FXQxagAvXV8=,gXDVQl3yyZi2zi6q/cpI0z2ffUk=
-37,5,LWvahmqSL8exixl8FXQxagAvXV8=,gXDVQl3yyZi2zi6q/cpI0z2ffUk=
-39,5,LWvahmqSL8exixl8FXQxagAvXV8=,gXDVQl3yyZi2zi6q/cpI0z2ffUk=
-40,5,LWvahmqSL8exixl8FXQxagAvXV8=,gXDVQl3yyZi2zi6q/cpI0z2ffUk=
-38,5,LWvahmqSL8exixl8FXQxagAvXV8=,gXDVQl3yyZi2zi6q/cpI0z2ffUk=
-33,4,LWvahmqSL8exixl8FXQxagAvXV8=,gXDVQl3yyZi2zi6q/cpI0z2ffUk=
-35,5,LWvahmqSL8exixl8FXQxagAvXV8=,gXDVQl3yyZi2zi6q/cpI0z2ffUk=
-34,8,LWvahmqSL8exixl8FXQxagAvXV8=,VmZCQbqAwG+XZECSGH2ZMYEZh74=
-36,4,LWvahmqSL8exixl8FXQxagAvXV8=,gXDVQl3yyZi2zi6q/cpI0z2ffUk=
-37,4,LWvahmqSL8exixl8FXQxagAvXV8=,gXDVQl3yyZi2zi6q/cpI0z2ffUk=
-38,4,LWvahmqSL8exixl8FXQxagAvXV8=,gXDVQl3yyZi2zi6q/cpI0z2ffUk=
-38,8,LWvahmqSL8exixl8FXQxagAvXV8=,VmZCQbqAwG+XZECSGH2ZMYEZh74=
-34,4,LWvahmqSL8exixl8FXQxagAvXV8=,gXDVQl3yyZi2zi6q/cpI0z2ffUk=
-34,5,LWvahmqSL8exixl8FXQxagAvXV8=,gXDVQl3yyZi2zi6q/cpI0z2ffUk=
-33,8,LWvahmqSL8exixl8FXQxagAvXV8=,VmZCQbqAwG+XZECSGH2ZMYEZh74=
-35,4,LWvahmqSL8exixl8FXQxagAvXV8=,gXDVQl3yyZi2zi6q/cpI0z2ffUk=
