9,-15,w0Lpk+4f9A1n5Y3dCNZKjbqJnEw=,1jMhU9q2frGBphOqIxH7JXn8Pmg=
10,-15,w0Lpk+4f9A1n5Y3dCNZKjbqJnEw=,1jMhU9q2frGBphOqIxH7JXn8Pmg=
11,-15,w0Lpk+4f9A1n5Y3dCNZKjbqJnEw=,1jMhU9q2frGBphOqIxH7JXn8Pmg=
12,-15,w0Lpk+4f9A1n5Y3dCNZKjbqJnEw=,1jMhU9q2frGBphOqIxH7JXn8Pmg=
13,-15,w0Lpk+4f9A1n5Y3dCNZKjbqJnEw=,1jMhU9q2frGBphOqIxH7JXn8Pmg=
14,-10,w0Lpk+4f9A1n5Y3dCNZKjbqJnEw=,1jMhU9q2frGBphOqIxH7JXn8Pmg=
13,-10,w0Lpk+4f9A1n5Y3dCNZKjbqJnEw=,1jMhU9q2frGBphOqIxH7JXn8Pmg=
14,-9,w0Lpk+4f9A1n5Y3dCNZKjbqJnEw=,1jMhU9q2frGBphOqIxH7JXn8Pmg=
12,-9,w0Lpk+4f9A1n5Y3dCNZKjbqJnEw=,1jMhU9q2frGBphOqIxH7JXn8Pmg=
14,-3,w0Lpk+4f9A1n5Y3dCNZKjbqJnEw=,XO1aZd0JZyesalOXijYw6peXknI=
14,-2,w0Lpk+4f9A1n5Y3dCNZKjbqJnEw=,XO1aZd0JZyesalOXijYw6peXknI=
12,-7,w0Lpk+4f9A1n5Y3dCNZKjbqJnEw=,XO1aZd0JZyesalOXijYw6peXknI=
13,-9,w0Lpk+4f9A1n5Y3dCNZKjbqJnEw=,1jMhU9q2frGBphOqIxH7JXn8Pmg=
12,-8,w0Lpk+4f9A1n5Y3dCNZKjbqJnEw=,XO1aZd0JZyesalOXijYw6peXknI=
13,-8,w0Lpk+4f9A1n5Y3dCNZKjbqJnEw=,XO1aZd0JZyesalOXijYw6peXknI=
13,-7,w0Lpk+4f9A1n5Y3dCNZKjbqJnEw=,XO1aZd0JZyesalOXijYw6peXknI=
14,-8,w0Lpk+4f9A1n5Y3dCNZKjbqJnEw=,XO1aZd0JZyesalOXijYw6peXknI=
9,-2,w0Lpk+4f9A1n5Y3dCNZKjbqJnEw=,XO1aZd0JZyesalOXijYw6peXknI=
10,-2,w0Lpk+4f9A1n5Y3dCNZKjbqJnEw=,XO1aZd0JZyesalOXijYw6peXknI=
10,-5,w0Lpk+4f9A1n5Y3dCNZKjbqJnEw=,XO1aZd0JZyesalOXijYw6peXknI=
9,-7,w0Lpk+4f9A1n5Y3dCNZKjbqJnEw=,XO1aZd0JZyesalOXijYw6peXknI=
10,-7,w0Lpk+4f9A1n5Y3dCNZKjbqJnEw=,XO1aZd0JZyesalOXijYw6peXknI=
11,-5,w0Lpk+4f9A1n5Y3dCNZKjbqJnEw=,XO1aZd0JZyesalOXijYw6peXknI=
14,-7,w0Lpk+4f9A1n5Y3dCNZKjbqJnEw=,XO1aZd0JZyesalOXijYw6peXknI=
12,-5,w0Lpk+4f9A1n5Y3dCNZKjbqJnEw=,XO1aZd0JZyesalOXijYw6peXknI=
13,-5,w0Lpk+4f9A1n5Y3dCNZKjbqJnEw=,XO1aZd0JZyesalOXijYw6peXknI=
14,-5,w0Lpk+4f9A1n5Y3dCNZKjbqJnEw=,XO1aZd0JZyesalOXijYw6peXknI=
9,-8,w0Lpk+4f9A1n5Y3dCNZKjbqJnEw=,XO1aZd0JZyesalOXijYw6peXknI=
12,-6,w0Lpk+4f9A1n5Y3dCNZKjbqJnEw=,XO1aZd0JZyesalOXijYw6peXknI=
11,-7,w0Lpk+4f9A1n5Y3dCNZKjbqJnEw=,XO1aZd0JZyesalOXijYw6peXknI=
13,-6,w0Lpk+4f9A1n5Y3dCNZKjbqJnEw=,XO1aZd0JZyesalOXijYw6peXknI=
14,-6,w0Lpk+4f9A1n5Y3dCNZKjbqJnEw=,XO1aZd0JZyesalOXijYw6peXknI=
9,-3,w0Lpk+4f9A1n5Y3dCNZKjbqJnEw=,XO1aZd0JZyesalOXijYw6peXknI=
9,-6,w0Lpk+4f9A1n5Y3dCNZKjbqJnEw=,XO1aZd0JZyesalOXijYw6peXknI=
10,-3,w0Lpk+4f9A1n5Y3dCNZKjbqJnEw=,XO1aZd0JZyesalOXijYw6peXknI=
10,-8,w0Lpk+4f9A1n5Y3dCNZKjbqJnEw=,XO1aZd0JZyesalOXijYw6peXknI=
9,-5,w0Lpk+4f9A1n5Y3dCNZKjbqJnEw=,XO1aZd0JZyesalOXijYw6peXknI=
10,-6,w0Lpk+4f9A1n5Y3dCNZKjbqJnEw=,XO1aZd0JZyesalOXijYw6peXknI=
11,-3,w0Lpk+4f9A1n5Y3dCNZKjbqJnEw=,XO1aZd0JZyesalOXijYw6peXknI=
12,-3,w0Lpk+4f9A1n5Y3dCNZKjbqJnEw=,XO1aZd0JZyesalOXijYw6peXknI=
11,-2,w0Lpk+4f9A1n5Y3dCNZKjbqJnEw=,XO1aZd0JZyesalOXijYw6peXknI=
11,-8,w0Lpk+4f9A1n5Y3dCNZKjbqJnEw=,XO1aZd0JZyesalOXijYw6peXknI=
10,-4,w0Lpk+4f9A1n5Y3dCNZKjbqJnEw=,XO1aZd0JZyesalOXijYw6peXknI=
11,-4,w0Lpk+4f9A1n5Y3dCNZKjbqJnEw=,XO1aZd0JZyesalOXijYw6peXknI=
13,-4,w0Lpk+4f9A1n5Y3dCNZKjbqJnEw=,XO1aZd0JZyesalOXijYw6peXknI=
12,-2,w0Lpk+4f9A1n5Y3dCNZKjbqJnEw=,XO1aZd0JZyesalOXijYw6peXknI=
12,-4,w0Lpk+4f9A1n5Y3dCNZKjbqJnEw=,XO1aZd0JZyesalOXijYw6peXknI=
14,-4,w0Lpk+4f9A1n5Y3dCNZKjbqJnEw=,XO1aZd0JZyesalOXijYw6peXknI=
9,-4,w0Lpk+4f9A1n5Y3dCNZKjbqJnEw=,XO1aZd0JZyesalOXijYw6peXknI=
11,-6,w0Lpk+4f9A1n5Y3dCNZKjbqJnEw=,XO1aZd0JZyesalOXijYw6peXknI=
9,-9,w0Lpk+4f9A1n5Y3dCNZKjbqJnEw=,1jMhU9q2frGBphOqIxH7JXn8Pmg=
13,-3,w0Lpk+4f9A1n5Y3dCNZKjbqJnEw=,XO1aZd0JZyesalOXijYw6peXknI=
11,-9,w0Lpk+4f9A1n5Y3dCNZKjbqJnEw=,1jMhU9q2frGBphOqIxH7JXn8Pmg=
10,-9,w0Lpk+4f9A1n5Y3dCNZKjbqJnEw=,1jMhU9q2frGBphOqIxH7JXn8Pmg=
13,-2,w0Lpk+4f9A1n5Y3dCNZKjbqJnEw=,XO1aZd0JZyesalOXijYw6peXknI=
12,-10,w0Lpk+4f9A1n5Y3dCNZKjbqJnEw=,1jMhU9q2frGBphOqIxH7JXn8Pmg=
4,-11,w0Lpk+4f9A1n5Y3dCNZKjbqJnEw=,8sFRULb92s1elBu0bh3QQnaSCTI=
5,-11,w0Lpk+4f9A1n5Y3dCNZKjbqJnEw=,8sFRULb92s1elBu0bh3QQnaSCTI=
6,-11,w0Lpk+4f9A1n5Y3dCNZKjbqJnEw=,8sFRULb92s1elBu0bh3QQnaSCTI=
7,-11,w0Lpk+4f9A1n5Y3dCNZKjbqJnEw=,8sFRULb92s1elBu0bh3QQnaSCTI=
1,-10,w0Lpk+4f9A1n5Y3dCNZKjbqJnEw=,8sFRULb92s1elBu0bh3QQnaSCTI=
2,-10,w0Lpk+4f9A1n5Y3dCNZKjbqJnEw=,8sFRULb92s1elBu0bh3QQnaSCTI=
3,-10,w0Lpk+4f9A1n5Y3dCNZKjbqJnEw=,8sFRULb92s1elBu0bh3QQnaSCTI=
5,-10,w0Lpk+4f9A1n5Y3dCNZKjbqJnEw=,8sFRULb92s1elBu0bh3QQnaSCTI=
4,-10,w0Lpk+4f9A1n5Y3dCNZKjbqJnEw=,8sFRULb92s1elBu0bh3QQnaSCTI=
7,-10,w0Lpk+4f9A1n5Y3dCNZKjbqJnEw=,8sFRULb92s1elBu0bh3QQnaSCTI=
6,-10,w0Lpk+4f9A1n5Y3dCNZKjbqJnEw=,8sFRULb92s1elBu0bh3QQnaSCTI=
8,-15,w0Lpk+4f9A1n5Y3dCNZKjbqJnEw=,1jMhU9q2frGBphOqIxH7JXn8Pmg=
8,-14,w0Lpk+4f9A1n5Y3dCNZKjbqJnEw=,1jMhU9q2frGBphOqIxH7JXn8Pmg=
1,-15,w0Lpk+4f9A1n5Y3dCNZKjbqJnEw=,8sFRULb92s1elBu0bh3QQnaSCTI=
8,-13,w0Lpk+4f9A1n5Y3dCNZKjbqJnEw=,1jMhU9q2frGBphOqIxH7JXn8Pmg=
2,-15,w0Lpk+4f9A1n5Y3dCNZKjbqJnEw=,8sFRULb92s1elBu0bh3QQnaSCTI=
3,-15,w0Lpk+4f9A1n5Y3dCNZKjbqJnEw=,8sFRULb92s1elBu0bh3QQnaSCTI=
4,-15,w0Lpk+4f9A1n5Y3dCNZKjbqJnEw=,8sFRULb92s1elBu0bh3QQnaSCTI=
5,-15,w0Lpk+4f9A1n5Y3dCNZKjbqJnEw=,8sFRULb92s1elBu0bh3QQnaSCTI=
6,-15,w0Lpk+4f9A1n5Y3dCNZKjbqJnEw=,8sFRULb92s1elBu0bh3QQnaSCTI=
8,-12,w0Lpk+4f9A1n5Y3dCNZKjbqJnEw=,1jMhU9q2frGBphOqIxH7JXn8Pmg=
7,-15,w0Lpk+4f9A1n5Y3dCNZKjbqJnEw=,8sFRULb92s1elBu0bh3QQnaSCTI=
1,-14,w0Lpk+4f9A1n5Y3dCNZKjbqJnEw=,8sFRULb92s1elBu0bh3QQnaSCTI=
11,-10,w0Lpk+4f9A1n5Y3dCNZKjbqJnEw=,1jMhU9q2frGBphOqIxH7JXn8Pmg=
2,-14,w0Lpk+4f9A1n5Y3dCNZKjbqJnEw=,8sFRULb92s1elBu0bh3QQnaSCTI=
10,-10,w0Lpk+4f9A1n5Y3dCNZKjbqJnEw=,1jMhU9q2frGBphOqIxH7JXn8Pmg=
3,-14,w0Lpk+4f9A1n5Y3dCNZKjbqJnEw=,8sFRULb92s1elBu0bh3QQnaSCTI=
8,-11,w0Lpk+4f9A1n5Y3dCNZKjbqJnEw=,1jMhU9q2frGBphOqIxH7JXn8Pmg=
5,-14,w0Lpk+4f9A1n5Y3dCNZKjbqJnEw=,8sFRULb92s1elBu0bh3QQnaSCTI=
4,-14,w0Lpk+4f9A1n5Y3dCNZKjbqJnEw=,8sFRULb92s1elBu0bh3QQnaSCTI=
6,-14,w0Lpk+4f9A1n5Y3dCNZKjbqJnEw=,8sFRULb92s1elBu0bh3QQnaSCTI=
7,-14,w0Lpk+4f9A1n5Y3dCNZKjbqJnEw=,8sFRULb92s1elBu0bh3QQnaSCTI=
1,-13,w0Lpk+4f9A1n5Y3dCNZKjbqJnEw=,8sFRULb92s1elBu0bh3QQnaSCTI=
3,-13,w0Lpk+4f9A1n5Y3dCNZKjbqJnEw=,8sFRULb92s1elBu0bh3QQnaSCTI=
4,-13,w0Lpk+4f9A1n5Y3dCNZKjbqJnEw=,8sFRULb92s1elBu0bh3QQnaSCTI=
2,-13,w0Lpk+4f9A1n5Y3dCNZKjbqJnEw=,8sFRULb92s1elBu0bh3QQnaSCTI=
7,-13,w0Lpk+4f9A1n5Y3dCNZKjbqJnEw=,8sFRULb92s1elBu0bh3QQnaSCTI=
6,-13,w0Lpk+4f9A1n5Y3dCNZKjbqJnEw=,8sFRULb92s1elBu0bh3QQnaSCTI=
8,-10,w0Lpk+4f9A1n5Y3dCNZKjbqJnEw=,1jMhU9q2frGBphOqIxH7JXn8Pmg=
5,-13,w0Lpk+4f9A1n5Y3dCNZKjbqJnEw=,8sFRULb92s1elBu0bh3QQnaSCTI=
1,-12,w0Lpk+4f9A1n5Y3dCNZKjbqJnEw=,8sFRULb92s1elBu0bh3QQnaSCTI=
9,-10,w0Lpk+4f9A1n5Y3dCNZKjbqJnEw=,1jMhU9q2frGBphOqIxH7JXn8Pmg=
2,-12,w0Lpk+4f9A1n5Y3dCNZKjbqJnEw=,8sFRULb92s1elBu0bh3QQnaSCTI=
3,-12,w0Lpk+4f9A1n5Y3dCNZKjbqJnEw=,8sFRULb92s1elBu0bh3QQnaSCTI=
4,-12,w0Lpk+4f9A1n5Y3dCNZKjbqJnEw=,8sFRULb92s1elBu0bh3QQnaSCTI=
14,-11,w0Lpk+4f9A1n5Y3dCNZKjbqJnEw=,1jMhU9q2frGBphOqIxH7JXn8Pmg=
13,-11,w0Lpk+4f9A1n5Y3dCNZKjbqJnEw=,1jMhU9q2frGBphOqIxH7JXn8Pmg=
6,-12,w0Lpk+4f9A1n5Y3dCNZKjbqJnEw=,8sFRULb92s1elBu0bh3QQnaSCTI=
5,-12,w0Lpk+4f9A1n5Y3dCNZKjbqJnEw=,8sFRULb92s1elBu0bh3QQnaSCTI=
11,-11,w0Lpk+4f9A1n5Y3dCNZKjbqJnEw=,1jMhU9q2frGBphOqIxH7JXn8Pmg=
12,-11,w0Lpk+4f9A1n5Y3dCNZKjbqJnEw=,1jMhU9q2frGBphOqIxH7JXn8Pmg=
7,-12,w0Lpk+4f9A1n5Y3dCNZKjbqJnEw=,8sFRULb92s1elBu0bh3QQnaSCTI=
2,-11,w0Lpk+4f9A1n5Y3dCNZKjbqJnEw=,8sFRULb92s1elBu0bh3QQnaSCTI=
3,-11,w0Lpk+4f9A1n5Y3dCNZKjbqJnEw=,8sFRULb92s1elBu0bh3QQnaSCTI=
1,-11,w0Lpk+4f9A1n5Y3dCNZKjbqJnEw=,8sFRULb92s1elBu0bh3QQnaSCTI=
10,-11,w0Lpk+4f9A1n5Y3dCNZKjbqJnEw=,1jMhU9q2frGBphOqIxH7JXn8Pmg=
9,-11,w0Lpk+4f9A1n5Y3dCNZKjbqJnEw=,1jMhU9q2frGBphOqIxH7JXn8Pmg=
13,-12,w0Lpk+4f9A1n5Y3dCNZKjbqJnEw=,1jMhU9q2frGBphOqIxH7JXn8Pmg=
11,-12,w0Lpk+4f9A1n5Y3dCNZKjbqJnEw=,1jMhU9q2frGBphOqIxH7JXn8Pmg=
14,-12,w0Lpk+4f9A1n5Y3dCNZKjbqJnEw=,1jMhU9q2frGBphOqIxH7JXn8Pmg=
12,-12,w0Lpk+4f9A1n5Y3dCNZKjbqJnEw=,1jMhU9q2frGBphOqIxH7JXn8Pmg=
9,-12,w0Lpk+4f9A1n5Y3dCNZKjbqJnEw=,1jMhU9q2frGBphOqIxH7JXn8Pmg=
10,-12,w0Lpk+4f9A1n5Y3dCNZKjbqJnEw=,1jMhU9q2frGBphOqIxH7JXn8Pmg=
14,-13,w0Lpk+4f9A1n5Y3dCNZKjbqJnEw=,1jMhU9q2frGBphOqIxH7JXn8Pmg=
13,-13,w0Lpk+4f9A1n5Y3dCNZKjbqJnEw=,1jMhU9q2frGBphOqIxH7JXn8Pmg=
11,-13,w0Lpk+4f9A1n5Y3dCNZKjbqJnEw=,1jMhU9q2frGBphOqIxH7JXn8Pmg=
10,-13,w0Lpk+4f9A1n5Y3dCNZKjbqJnEw=,1jMhU9q2frGBphOqIxH7JXn8Pmg=
12,-13,w0Lpk+4f9A1n5Y3dCNZKjbqJnEw=,1jMhU9q2frGBphOqIxH7JXn8Pmg=
9,-13,w0Lpk+4f9A1n5Y3dCNZKjbqJnEw=,1jMhU9q2frGBphOqIxH7JXn8Pmg=
14,-14,w0Lpk+4f9A1n5Y3dCNZKjbqJnEw=,1jMhU9q2frGBphOqIxH7JXn8Pmg=
13,-14,w0Lpk+4f9A1n5Y3dCNZKjbqJnEw=,1jMhU9q2frGBphOqIxH7JXn8Pmg=
12,-14,w0Lpk+4f9A1n5Y3dCNZKjbqJnEw=,1jMhU9q2frGBphOqIxH7JXn8Pmg=
11,-14,w0Lpk+4f9A1n5Y3dCNZKjbqJnEw=,1jMhU9q2frGBphOqIxH7JXn8Pmg=
10,-14,w0Lpk+4f9A1n5Y3dCNZKjbqJnEw=,1jMhU9q2frGBphOqIxH7JXn8Pmg=
9,-14,w0Lpk+4f9A1n5Y3dCNZKjbqJnEw=,1jMhU9q2frGBphOqIxH7JXn8Pmg=
14,-15,w0Lpk+4f9A1n5Y3dCNZKjbqJnEw=,1jMhU9q2frGBphOqIxH7JXn8Pmg=
12,-1,w0Lpk+4f9A1n5Y3dCNZKjbqJnEw=,XO1aZd0JZyesalOXijYw6peXknI=
13,-1,w0Lpk+4f9A1n5Y3dCNZKjbqJnEw=,XO1aZd0JZyesalOXijYw6peXknI=
9,-1,w0Lpk+4f9A1n5Y3dCNZKjbqJnEw=,XO1aZd0JZyesalOXijYw6peXknI=
14,-1,w0Lpk+4f9A1n5Y3dCNZKjbqJnEw=,XO1aZd0JZyesalOXijYw6peXknI=
10,-1,w0Lpk+4f9A1n5Y3dCNZKjbqJnEw=,XO1aZd0JZyesalOXijYw6peXknI=
15,-3,w0Lpk+4f9A1n5Y3dCNZKjbqJnEw=,XO1aZd0JZyesalOXijYw6peXknI=
15,-2,w0Lpk+4f9A1n5Y3dCNZKjbqJnEw=,XO1aZd0JZyesalOXijYw6peXknI=
15,-5,w0Lpk+4f9A1n5Y3dCNZKjbqJnEw=,XO1aZd0JZyesalOXijYw6peXknI=
15,-7,w0Lpk+4f9A1n5Y3dCNZKjbqJnEw=,XO1aZd0JZyesalOXijYw6peXknI=
11,-1,w0Lpk+4f9A1n5Y3dCNZKjbqJnEw=,XO1aZd0JZyesalOXijYw6peXknI=
15,-6,w0Lpk+4f9A1n5Y3dCNZKjbqJnEw=,XO1aZd0JZyesalOXijYw6peXknI=
15,-4,w0Lpk+4f9A1n5Y3dCNZKjbqJnEw=,XO1aZd0JZyesalOXijYw6peXknI=
0,-10,w0Lpk+4f9A1n5Y3dCNZKjbqJnEw=,8sFRULb92s1elBu0bh3QQnaSCTI=
0,-14,w0Lpk+4f9A1n5Y3dCNZKjbqJnEw=,8sFRULb92s1elBu0bh3QQnaSCTI=
0,-15,w0Lpk+4f9A1n5Y3dCNZKjbqJnEw=,8sFRULb92s1elBu0bh3QQnaSCTI=
0,-13,w0Lpk+4f9A1n5Y3dCNZKjbqJnEw=,8sFRULb92s1elBu0bh3QQnaSCTI=
0,-12,w0Lpk+4f9A1n5Y3dCNZKjbqJnEw=,8sFRULb92s1elBu0bh3QQnaSCTI=
0,-11,w0Lpk+4f9A1n5Y3dCNZKjbqJnEw=,8sFRULb92s1elBu0bh3QQnaSCTI=
2,-16,w0Lpk+4f9A1n5Y3dCNZKjbqJnEw=,8sFRULb92s1elBu0bh3QQnaSCTI=
3,-16,w0Lpk+4f9A1n5Y3dCNZKjbqJnEw=,8sFRULb92s1elBu0bh3QQnaSCTI=
1,-16,w0Lpk+4f9A1n5Y3dCNZKjbqJnEw=,8sFRULb92s1elBu0bh3QQnaSCTI=
4,-16,w0Lpk+4f9A1n5Y3dCNZKjbqJnEw=,8sFRULb92s1elBu0bh3QQnaSCTI=
5,-16,w0Lpk+4f9A1n5Y3dCNZKjbqJnEw=,8sFRULb92s1elBu0bh3QQnaSCTI=
6,-16,w0Lpk+4f9A1n5Y3dCNZKjbqJnEw=,8sFRULb92s1elBu0bh3QQnaSCTI=
15,-9,w0Lpk+4f9A1n5Y3dCNZKjbqJnEw=,1jMhU9q2frGBphOqIxH7JXn8Pmg=
15,-8,w0Lpk+4f9A1n5Y3dCNZKjbqJnEw=,XO1aZd0JZyesalOXijYw6peXknI=
15,-14,w0Lpk+4f9A1n5Y3dCNZKjbqJnEw=,1jMhU9q2frGBphOqIxH7JXn8Pmg=
15,-13,w0Lpk+4f9A1n5Y3dCNZKjbqJnEw=,1jMhU9q2frGBphOqIxH7JXn8Pmg=
15,-15,w0Lpk+4f9A1n5Y3dCNZKjbqJnEw=,1jMhU9q2frGBphOqIxH7JXn8Pmg=
15,-11,w0Lpk+4f9A1n5Y3dCNZKjbqJnEw=,1jMhU9q2frGBphOqIxH7JXn8Pmg=
15,-12,w0Lpk+4f9A1n5Y3dCNZKjbqJnEw=,1jMhU9q2frGBphOqIxH7JXn8Pmg=
15,-10,w0Lpk+4f9A1n5Y3dCNZKjbqJnEw=,1jMhU9q2frGBphOqIxH7JXn8Pmg=
9,-16,w0Lpk+4f9A1n5Y3dCNZKjbqJnEw=,1jMhU9q2frGBphOqIxH7JXn8Pmg=
8,-16,w0Lpk+4f9A1n5Y3dCNZKjbqJnEw=,1jMhU9q2frGBphOqIxH7JXn8Pmg=
10,-16,w0Lpk+4f9A1n5Y3dCNZKjbqJnEw=,1jMhU9q2frGBphOqIxH7JXn8Pmg=
11,-16,w0Lpk+4f9A1n5Y3dCNZKjbqJnEw=,1jMhU9q2frGBphOqIxH7JXn8Pmg=
13,-16,w0Lpk+4f9A1n5Y3dCNZKjbqJnEw=,1jMhU9q2frGBphOqIxH7JXn8Pmg=
14,-16,w0Lpk+4f9A1n5Y3dCNZKjbqJnEw=,1jMhU9q2frGBphOqIxH7JXn8Pmg=
12,-16,w0Lpk+4f9A1n5Y3dCNZKjbqJnEw=,1jMhU9q2frGBphOqIxH7JXn8Pmg=
15,-16,w0Lpk+4f9A1n5Y3dCNZKjbqJnEw=,1jMhU9q2frGBphOqIxH7JXn8Pmg=
7,-16,w0Lpk+4f9A1n5Y3dCNZKjbqJnEw=,8sFRULb92s1elBu0bh3QQnaSCTI=
0,-16,w0Lpk+4f9A1n5Y3dCNZKjbqJnEw=,8sFRULb92s1elBu0bh3QQnaSCTI=
15,-1,w0Lpk+4f9A1n5Y3dCNZKjbqJnEw=,XO1aZd0JZyesalOXijYw6peXknI=
5,-1,w0Lpk+4f9A1n5Y3dCNZKjbqJnEw=,gejbf+SOdeMqvu0hOeyn1IQLOWY=
6,-1,w0Lpk+4f9A1n5Y3dCNZKjbqJnEw=,gejbf+SOdeMqvu0hOeyn1IQLOWY=
7,-1,w0Lpk+4f9A1n5Y3dCNZKjbqJnEw=,gejbf+SOdeMqvu0hOeyn1IQLOWY=
3,-5,w0Lpk+4f9A1n5Y3dCNZKjbqJnEw=,gejbf+SOdeMqvu0hOeyn1IQLOWY=
0,-5,w0Lpk+4f9A1n5Y3dCNZKjbqJnEw=,gejbf+SOdeMqvu0hOeyn1IQLOWY=
1,-5,w0Lpk+4f9A1n5Y3dCNZKjbqJnEw=,gejbf+SOdeMqvu0hOeyn1IQLOWY=
2,-5,w0Lpk+4f9A1n5Y3dCNZKjbqJnEw=,gejbf+SOdeMqvu0hOeyn1IQLOWY=
4,-5,w0Lpk+4f9A1n5Y3dCNZKjbqJnEw=,gejbf+SOdeMqvu0hOeyn1IQLOWY=
7,-6,w0Lpk+4f9A1n5Y3dCNZKjbqJnEw=,gejbf+SOdeMqvu0hOeyn1IQLOWY=
6,-6,w0Lpk+4f9A1n5Y3dCNZKjbqJnEw=,gejbf+SOdeMqvu0hOeyn1IQLOWY=
8,-9,w0Lpk+4f9A1n5Y3dCNZKjbqJnEw=,1jMhU9q2frGBphOqIxH7JXn8Pmg=
3,-1,w0Lpk+4f9A1n5Y3dCNZKjbqJnEw=,gejbf+SOdeMqvu0hOeyn1IQLOWY=
4,-1,w0Lpk+4f9A1n5Y3dCNZKjbqJnEw=,gejbf+SOdeMqvu0hOeyn1IQLOWY=
2,-1,w0Lpk+4f9A1n5Y3dCNZKjbqJnEw=,gejbf+SOdeMqvu0hOeyn1IQLOWY=
5,-6,w0Lpk+4f9A1n5Y3dCNZKjbqJnEw=,gejbf+SOdeMqvu0hOeyn1IQLOWY=
3,-6,w0Lpk+4f9A1n5Y3dCNZKjbqJnEw=,gejbf+SOdeMqvu0hOeyn1IQLOWY=
5,-5,w0Lpk+4f9A1n5Y3dCNZKjbqJnEw=,gejbf+SOdeMqvu0hOeyn1IQLOWY=
4,-6,w0Lpk+4f9A1n5Y3dCNZKjbqJnEw=,gejbf+SOdeMqvu0hOeyn1IQLOWY=
1,-6,w0Lpk+4f9A1n5Y3dCNZKjbqJnEw=,gejbf+SOdeMqvu0hOeyn1IQLOWY=
2,-6,w0Lpk+4f9A1n5Y3dCNZKjbqJnEw=,gejbf+SOdeMqvu0hOeyn1IQLOWY=
7,-2,w0Lpk+4f9A1n5Y3dCNZKjbqJnEw=,gejbf+SOdeMqvu0hOeyn1IQLOWY=
5,-2,w0Lpk+4f9A1n5Y3dCNZKjbqJnEw=,gejbf+SOdeMqvu0hOeyn1IQLOWY=
6,-5,w0Lpk+4f9A1n5Y3dCNZKjbqJnEw=,gejbf+SOdeMqvu0hOeyn1IQLOWY=
4,-2,w0Lpk+4f9A1n5Y3dCNZKjbqJnEw=,gejbf+SOdeMqvu0hOeyn1IQLOWY=
6,-2,w0Lpk+4f9A1n5Y3dCNZKjbqJnEw=,gejbf+SOdeMqvu0hOeyn1IQLOWY=
7,-7,w0Lpk+4f9A1n5Y3dCNZKjbqJnEw=,gejbf+SOdeMqvu0hOeyn1IQLOWY=
0,-6,w0Lpk+4f9A1n5Y3dCNZKjbqJnEw=,gejbf+SOdeMqvu0hOeyn1IQLOWY=
7,-5,w0Lpk+4f9A1n5Y3dCNZKjbqJnEw=,gejbf+SOdeMqvu0hOeyn1IQLOWY=
2,-2,w0Lpk+4f9A1n5Y3dCNZKjbqJnEw=,gejbf+SOdeMqvu0hOeyn1IQLOWY=
3,-2,w0Lpk+4f9A1n5Y3dCNZKjbqJnEw=,gejbf+SOdeMqvu0hOeyn1IQLOWY=
6,-7,w0Lpk+4f9A1n5Y3dCNZKjbqJnEw=,gejbf+SOdeMqvu0hOeyn1IQLOWY=
7,-3,w0Lpk+4f9A1n5Y3dCNZKjbqJnEw=,gejbf+SOdeMqvu0hOeyn1IQLOWY=
5,-7,w0Lpk+4f9A1n5Y3dCNZKjbqJnEw=,gejbf+SOdeMqvu0hOeyn1IQLOWY=
0,-4,w0Lpk+4f9A1n5Y3dCNZKjbqJnEw=,gejbf+SOdeMqvu0hOeyn1IQLOWY=
4,-7,w0Lpk+4f9A1n5Y3dCNZKjbqJnEw=,gejbf+SOdeMqvu0hOeyn1IQLOWY=
3,-7,w0Lpk+4f9A1n5Y3dCNZKjbqJnEw=,gejbf+SOdeMqvu0hOeyn1IQLOWY=
2,-7,w0Lpk+4f9A1n5Y3dCNZKjbqJnEw=,gejbf+SOdeMqvu0hOeyn1IQLOWY=
5,-3,w0Lpk+4f9A1n5Y3dCNZKjbqJnEw=,gejbf+SOdeMqvu0hOeyn1IQLOWY=
4,-3,w0Lpk+4f9A1n5Y3dCNZKjbqJnEw=,gejbf+SOdeMqvu0hOeyn1IQLOWY=
3,-3,w0Lpk+4f9A1n5Y3dCNZKjbqJnEw=,gejbf+SOdeMqvu0hOeyn1IQLOWY=
6,-3,w0Lpk+4f9A1n5Y3dCNZKjbqJnEw=,gejbf+SOdeMqvu0hOeyn1IQLOWY=
8,-3,w0Lpk+4f9A1n5Y3dCNZKjbqJnEw=,XO1aZd0JZyesalOXijYw6peXknI=
0,-7,w0Lpk+4f9A1n5Y3dCNZKjbqJnEw=,gejbf+SOdeMqvu0hOeyn1IQLOWY=
1,-7,w0Lpk+4f9A1n5Y3dCNZKjbqJnEw=,gejbf+SOdeMqvu0hOeyn1IQLOWY=
7,-8,w0Lpk+4f9A1n5Y3dCNZKjbqJnEw=,gejbf+SOdeMqvu0hOeyn1IQLOWY=
8,-1,w0Lpk+4f9A1n5Y3dCNZKjbqJnEw=,XO1aZd0JZyesalOXijYw6peXknI=
8,-5,w0Lpk+4f9A1n5Y3dCNZKjbqJnEw=,XO1aZd0JZyesalOXijYw6peXknI=
1,-4,w0Lpk+4f9A1n5Y3dCNZKjbqJnEw=,gejbf+SOdeMqvu0hOeyn1IQLOWY=
5,-8,w0Lpk+4f9A1n5Y3dCNZKjbqJnEw=,gejbf+SOdeMqvu0hOeyn1IQLOWY=
6,-8,w0Lpk+4f9A1n5Y3dCNZKjbqJnEw=,gejbf+SOdeMqvu0hOeyn1IQLOWY=
1,-3,w0Lpk+4f9A1n5Y3dCNZKjbqJnEw=,gejbf+SOdeMqvu0hOeyn1IQLOWY=
2,-3,w0Lpk+4f9A1n5Y3dCNZKjbqJnEw=,gejbf+SOdeMqvu0hOeyn1IQLOWY=
0,-3,w0Lpk+4f9A1n5Y3dCNZKjbqJnEw=,gejbf+SOdeMqvu0hOeyn1IQLOWY=
8,-6,w0Lpk+4f9A1n5Y3dCNZKjbqJnEw=,XO1aZd0JZyesalOXijYw6peXknI=
0,-9,w0Lpk+4f9A1n5Y3dCNZKjbqJnEw=,8sFRULb92s1elBu0bh3QQnaSCTI=
7,-4,w0Lpk+4f9A1n5Y3dCNZKjbqJnEw=,gejbf+SOdeMqvu0hOeyn1IQLOWY=
8,-4,w0Lpk+4f9A1n5Y3dCNZKjbqJnEw=,XO1aZd0JZyesalOXijYw6peXknI=
6,-4,w0Lpk+4f9A1n5Y3dCNZKjbqJnEw=,gejbf+SOdeMqvu0hOeyn1IQLOWY=
3,-8,w0Lpk+4f9A1n5Y3dCNZKjbqJnEw=,gejbf+SOdeMqvu0hOeyn1IQLOWY=
4,-8,w0Lpk+4f9A1n5Y3dCNZKjbqJnEw=,gejbf+SOdeMqvu0hOeyn1IQLOWY=
5,-4,w0Lpk+4f9A1n5Y3dCNZKjbqJnEw=,gejbf+SOdeMqvu0hOeyn1IQLOWY=
2,-8,w0Lpk+4f9A1n5Y3dCNZKjbqJnEw=,gejbf+SOdeMqvu0hOeyn1IQLOWY=
8,-2,w0Lpk+4f9A1n5Y3dCNZKjbqJnEw=,XO1aZd0JZyesalOXijYw6peXknI=
1,-8,w0Lpk+4f9A1n5Y3dCNZKjbqJnEw=,gejbf+SOdeMqvu0hOeyn1IQLOWY=
1,-9,w0Lpk+4f9A1n5Y3dCNZKjbqJnEw=,8sFRULb92s1elBu0bh3QQnaSCTI=
1,-2,w0Lpk+4f9A1n5Y3dCNZKjbqJnEw=,gejbf+SOdeMqvu0hOeyn1IQLOWY=
3,-4,w0Lpk+4f9A1n5Y3dCNZKjbqJnEw=,gejbf+SOdeMqvu0hOeyn1IQLOWY=
8,-7,w0Lpk+4f9A1n5Y3dCNZKjbqJnEw=,XO1aZd0JZyesalOXijYw6peXknI=
4,-4,w0Lpk+4f9A1n5Y3dCNZKjbqJnEw=,gejbf+SOdeMqvu0hOeyn1IQLOWY=
0,-8,w0Lpk+4f9A1n5Y3dCNZKjbqJnEw=,gejbf+SOdeMqvu0hOeyn1IQLOWY=
8,-8,w0Lpk+4f9A1n5Y3dCNZKjbqJnEw=,XO1aZd0JZyesalOXijYw6peXknI=
2,-9,w0Lpk+4f9A1n5Y3dCNZKjbqJnEw=,8sFRULb92s1elBu0bh3QQnaSCTI=
7,-9,w0Lpk+4f9A1n5Y3dCNZKjbqJnEw=,8sFRULb92s1elBu0bh3QQnaSCTI=
5,-9,w0Lpk+4f9A1n5Y3dCNZKjbqJnEw=,8sFRULb92s1elBu0bh3QQnaSCTI=
6,-9,w0Lpk+4f9A1n5Y3dCNZKjbqJnEw=,8sFRULb92s1elBu0bh3QQnaSCTI=
4,-9,w0Lpk+4f9A1n5Y3dCNZKjbqJnEw=,8sFRULb92s1elBu0bh3QQnaSCTI=
3,-9,w0Lpk+4f9A1n5Y3dCNZKjbqJnEw=,8sFRULb92s1elBu0bh3QQnaSCTI=
0,-2,w0Lpk+4f9A1n5Y3dCNZKjbqJnEw=,gejbf+SOdeMqvu0hOeyn1IQLOWY=
2,-4,w0Lpk+4f9A1n5Y3dCNZKjbqJnEw=,gejbf+SOdeMqvu0hOeyn1IQLOWY=
0,-1,w0Lpk+4f9A1n5Y3dCNZKjbqJnEw=,gejbf+SOdeMqvu0hOeyn1IQLOWY=
1,-1,w0Lpk+4f9A1n5Y3dCNZKjbqJnEw=,gejbf+SOdeMqvu0hOeyn1IQLOWY=
