-3,-14,sWxwf5pr3Zxpv3Qg/TVTSnoCIRk=,m/xL+4lAC+Q3Ds0796DMFOyxAMc=
-13,-16,sWxwf5pr3Zxpv3Qg/TVTSnoCIRk=,m/xL+4lAC+Q3Ds0796DMFOyxAMc=
-1,-15,sWxwf5pr3Zxpv3Qg/TVTSnoCIRk=,m/xL+4lAC+Q3Ds0796DMFOyxAMc=
-4,-13,sWxwf5pr3Zxpv3Qg/TVTSnoCIRk=,m/xL+4lAC+Q3Ds0796DMFOyxAMc=
-4,-14,sWxwf5pr3Zxpv3Qg/TVTSnoCIRk=,m/xL+4lAC+Q3Ds0796DMFOyxAMc=
-2,-14,sWxwf5pr3Zxpv3Qg/TVTSnoCIRk=,m/xL+4lAC+Q3Ds0796DMFOyxAMc=
-5,-14,sWxwf5pr3Zxpv3Qg/TVTSnoCIRk=,m/xL+4lAC+Q3Ds0796DMFOyxAMc=
-12,-16,sWxwf5pr3Zxpv3Qg/TVTSnoCIRk=,m/xL+4lAC+Q3Ds0796DMFOyxAMc=
-3,-13,sWxwf5pr3Zxpv3Qg/TVTSnoCIRk=,m/xL+4lAC+Q3Ds0796DMFOyxAMc=
-6,-14,sWxwf5pr3Zxpv3Qg/TVTSnoCIRk=,m/xL+4lAC+Q3Ds0796DMFOyxAMc=
-2,-13,sWxwf5pr3Zxpv3Qg/TVTSnoCIRk=,m/xL+4lAC+Q3Ds0796DMFOyxAMc=
-7,-14,sWxwf5pr3Zxpv3Qg/TVTSnoCIRk=,m/xL+4lAC+Q3Ds0796DMFOyxAMc=
-1,-13,sWxwf5pr3Zxpv3Qg/TVTSnoCIRk=,m/xL+4lAC+Q3Ds0796DMFOyxAMc=
-8,-14,sWxwf5pr3Zxpv3Qg/TVTSnoCIRk=,m/xL+4lAC+Q3Ds0796DMFOyxAMc=
-16,-12,sWxwf5pr3Zxpv3Qg/TVTSnoCIRk=,m/xL+4lAC+Q3Ds0796DMFOyxAMc=
-9,-14,sWxwf5pr3Zxpv3Qg/TVTSnoCIRk=,m/xL+4lAC+Q3Ds0796DMFOyxAMc=
-11,-16,sWxwf5pr3Zxpv3Qg/TVTSnoCIRk=,m/xL+4lAC+Q3Ds0796DMFOyxAMc=
-10,-14,sWxwf5pr3Zxpv3Qg/TVTSnoCIRk=,m/xL+4lAC+Q3Ds0796DMFOyxAMc=
-11,-14,sWxwf5pr3Zxpv3Qg/TVTSnoCIRk=,m/xL+4lAC+Q3Ds0796DMFOyxAMc=
-14,-15,sWxwf5pr3Zxpv3Qg/TVTSnoCIRk=,m/xL+4lAC+Q3Ds0796DMFOyxAMc=
-12,-14,sWxwf5pr3Zxpv3Qg/TVTSnoCIRk=,m/xL+4lAC+Q3Ds0796DMFOyxAMc=
-15,-12,sWxwf5pr3Zxpv3Qg/TVTSnoCIRk=,m/xL+4lAC+Q3Ds0796DMFOyxAMc=
-5,-13,sWxwf5pr3Zxpv3Qg/TVTSnoCIRk=,m/xL+4lAC+Q3Ds0796DMFOyxAMc=
-14,-12,sWxwf5pr3Zxpv3Qg/TVTSnoCIRk=,m/xL+4lAC+Q3Ds0796DMFOyxAMc=
-13,-14,sWxwf5pr3Zxpv3Qg/TVTSnoCIRk=,m/xL+4lAC+Q3Ds0796DMFOyxAMc=
-13,-12,sWxwf5pr3Zxpv3Qg/TVTSnoCIRk=,m/xL+4lAC+Q3Ds0796DMFOyxAMc=
-12,-12,sWxwf5pr3Zxpv3Qg/TVTSnoCIRk=,m/xL+4lAC+Q3Ds0796DMFOyxAMc=
-11,-12,sWxwf5pr3Zxpv3Qg/TVTSnoCIRk=,m/xL+4lAC+Q3Ds0796DMFOyxAMc=
-10,-12,sWxwf5pr3Zxpv3Qg/TVTSnoCIRk=,m/xL+4lAC+Q3Ds0796DMFOyxAMc=
-9,-12,sWxwf5pr3Zxpv3Qg/TVTSnoCIRk=,m/xL+4lAC+Q3Ds0796DMFOyxAMc=
-8,-12,sWxwf5pr3Zxpv3Qg/TVTSnoCIRk=,m/xL+4lAC+Q3Ds0796DMFOyxAMc=
-7,-12,sWxwf5pr3Zxpv3Qg/TVTSnoCIRk=,m/xL+4lAC+Q3Ds0796DMFOyxAMc=
-6,-12,sWxwf5pr3Zxpv3Qg/TVTSnoCIRk=,m/xL+4lAC+Q3Ds0796DMFOyxAMc=
-1,-14,sWxwf5pr3Zxpv3Qg/TVTSnoCIRk=,m/xL+4lAC+Q3Ds0796DMFOyxAMc=
-5,-12,sWxwf5pr3Zxpv3Qg/TVTSnoCIRk=,m/xL+4lAC+Q3Ds0796DMFOyxAMc=
-10,-16,sWxwf5pr3Zxpv3Qg/TVTSnoCIRk=,m/xL+4lAC+Q3Ds0796DMFOyxAMc=
-4,-12,sWxwf5pr3Zxpv3Qg/TVTSnoCIRk=,m/xL+4lAC+Q3Ds0796DMFOyxAMc=
-3,-12,sWxwf5pr3Zxpv3Qg/TVTSnoCIRk=,m/xL+4lAC+Q3Ds0796DMFOyxAMc=
-2,-12,sWxwf5pr3Zxpv3Qg/TVTSnoCIRk=,m/xL+4lAC+Q3Ds0796DMFOyxAMc=
-1,-12,sWxwf5pr3Zxpv3Qg/TVTSnoCIRk=,m/xL+4lAC+Q3Ds0796DMFOyxAMc=
-16,-11,sWxwf5pr3Zxpv3Qg/TVTSnoCIRk=,m/xL+4lAC+Q3Ds0796DMFOyxAMc=
-13,-15,sWxwf5pr3Zxpv3Qg/TVTSnoCIRk=,m/xL+4lAC+Q3Ds0796DMFOyxAMc=
-15,-11,sWxwf5pr3Zxpv3Qg/TVTSnoCIRk=,m/xL+4lAC+Q3Ds0796DMFOyxAMc=
-14,-11,sWxwf5pr3Zxpv3Qg/TVTSnoCIRk=,m/xL+4lAC+Q3Ds0796DMFOyxAMc=
-13,-11,sWxwf5pr3Zxpv3Qg/TVTSnoCIRk=,m/xL+4lAC+Q3Ds0796DMFOyxAMc=
-12,-11,sWxwf5pr3Zxpv3Qg/TVTSnoCIRk=,m/xL+4lAC+Q3Ds0796DMFOyxAMc=
-11,-11,sWxwf5pr3Zxpv3Qg/TVTSnoCIRk=,m/xL+4lAC+Q3Ds0796DMFOyxAMc=
-10,-11,sWxwf5pr3Zxpv3Qg/TVTSnoCIRk=,m/xL+4lAC+Q3Ds0796DMFOyxAMc=
-9,-11,sWxwf5pr3Zxpv3Qg/TVTSnoCIRk=,m/xL+4lAC+Q3Ds0796DMFOyxAMc=
-8,-11,sWxwf5pr3Zxpv3Qg/TVTSnoCIRk=,m/xL+4lAC+Q3Ds0796DMFOyxAMc=
-7,-11,sWxwf5pr3Zxpv3Qg/TVTSnoCIRk=,m/xL+4lAC+Q3Ds0796DMFOyxAMc=
-6,-11,sWxwf5pr3Zxpv3Qg/TVTSnoCIRk=,m/xL+4lAC+Q3Ds0796DMFOyxAMc=
-16,-13,sWxwf5pr3Zxpv3Qg/TVTSnoCIRk=,m/xL+4lAC+Q3Ds0796DMFOyxAMc=
-12,-15,sWxwf5pr3Zxpv3Qg/TVTSnoCIRk=,m/xL+4lAC+Q3Ds0796DMFOyxAMc=
-9,-16,sWxwf5pr3Zxpv3Qg/TVTSnoCIRk=,m/xL+4lAC+Q3Ds0796DMFOyxAMc=
-5,-11,sWxwf5pr3Zxpv3Qg/TVTSnoCIRk=,m/xL+4lAC+Q3Ds0796DMFOyxAMc=
-4,-11,sWxwf5pr3Zxpv3Qg/TVTSnoCIRk=,m/xL+4lAC+Q3Ds0796DMFOyxAMc=
-3,-11,sWxwf5pr3Zxpv3Qg/TVTSnoCIRk=,m/xL+4lAC+Q3Ds0796DMFOyxAMc=
-2,-11,sWxwf5pr3Zxpv3Qg/TVTSnoCIRk=,m/xL+4lAC+Q3Ds0796DMFOyxAMc=
-1,-11,sWxwf5pr3Zxpv3Qg/TVTSnoCIRk=,m/xL+4lAC+Q3Ds0796DMFOyxAMc=
-16,-10,sWxwf5pr3Zxpv3Qg/TVTSnoCIRk=,m/xL+4lAC+Q3Ds0796DMFOyxAMc=
-11,-15,sWxwf5pr3Zxpv3Qg/TVTSnoCIRk=,m/xL+4lAC+Q3Ds0796DMFOyxAMc=
-15,-10,sWxwf5pr3Zxpv3Qg/TVTSnoCIRk=,m/xL+4lAC+Q3Ds0796DMFOyxAMc=
-14,-10,sWxwf5pr3Zxpv3Qg/TVTSnoCIRk=,m/xL+4lAC+Q3Ds0796DMFOyxAMc=
-13,-10,sWxwf5pr3Zxpv3Qg/TVTSnoCIRk=,m/xL+4lAC+Q3Ds0796DMFOyxAMc=
-12,-10,sWxwf5pr3Zxpv3Qg/TVTSnoCIRk=,m/xL+4lAC+Q3Ds0796DMFOyxAMc=
-11,-10,sWxwf5pr3Zxpv3Qg/TVTSnoCIRk=,m/xL+4lAC+Q3Ds0796DMFOyxAMc=
-10,-10,sWxwf5pr3Zxpv3Qg/TVTSnoCIRk=,m/xL+4lAC+Q3Ds0796DMFOyxAMc=
-9,-10,sWxwf5pr3Zxpv3Qg/TVTSnoCIRk=,m/xL+4lAC+Q3Ds0796DMFOyxAMc=
-8,-10,sWxwf5pr3Zxpv3Qg/TVTSnoCIRk=,m/xL+4lAC+Q3Ds0796DMFOyxAMc=
-7,-10,sWxwf5pr3Zxpv3Qg/TVTSnoCIRk=,m/xL+4lAC+Q3Ds0796DMFOyxAMc=
-15,-13,sWxwf5pr3Zxpv3Qg/TVTSnoCIRk=,m/xL+4lAC+Q3Ds0796DMFOyxAMc=
-8,-16,sWxwf5pr3Zxpv3Qg/TVTSnoCIRk=,m/xL+4lAC+Q3Ds0796DMFOyxAMc=
-6,-10,sWxwf5pr3Zxpv3Qg/TVTSnoCIRk=,m/xL+4lAC+Q3Ds0796DMFOyxAMc=
-5,-10,sWxwf5pr3Zxpv3Qg/TVTSnoCIRk=,m/xL+4lAC+Q3Ds0796DMFOyxAMc=
-4,-10,sWxwf5pr3Zxpv3Qg/TVTSnoCIRk=,m/xL+4lAC+Q3Ds0796DMFOyxAMc=
-3,-10,sWxwf5pr3Zxpv3Qg/TVTSnoCIRk=,m/xL+4lAC+Q3Ds0796DMFOyxAMc=
-2,-10,sWxwf5pr3Zxpv3Qg/TVTSnoCIRk=,m/xL+4lAC+Q3Ds0796DMFOyxAMc=
-1,-10,sWxwf5pr3Zxpv3Qg/TVTSnoCIRk=,m/xL+4lAC+Q3Ds0796DMFOyxAMc=
-16,-9,sWxwf5pr3Zxpv3Qg/TVTSnoCIRk=,m/xL+4lAC+Q3Ds0796DMFOyxAMc=
-10,-15,sWxwf5pr3Zxpv3Qg/TVTSnoCIRk=,m/xL+4lAC+Q3Ds0796DMFOyxAMc=
-15,-9,sWxwf5pr3Zxpv3Qg/TVTSnoCIRk=,m/xL+4lAC+Q3Ds0796DMFOyxAMc=
-14,-9,sWxwf5pr3Zxpv3Qg/TVTSnoCIRk=,m/xL+4lAC+Q3Ds0796DMFOyxAMc=
-13,-9,sWxwf5pr3Zxpv3Qg/TVTSnoCIRk=,m/xL+4lAC+Q3Ds0796DMFOyxAMc=
-12,-9,sWxwf5pr3Zxpv3Qg/TVTSnoCIRk=,m/xL+4lAC+Q3Ds0796DMFOyxAMc=
-11,-9,sWxwf5pr3Zxpv3Qg/TVTSnoCIRk=,m/xL+4lAC+Q3Ds0796DMFOyxAMc=
-10,-9,sWxwf5pr3Zxpv3Qg/TVTSnoCIRk=,m/xL+4lAC+Q3Ds0796DMFOyxAMc=
-9,-9,sWxwf5pr3Zxpv3Qg/TVTSnoCIRk=,m/xL+4lAC+Q3Ds0796DMFOyxAMc=
-8,-9,sWxwf5pr3Zxpv3Qg/TVTSnoCIRk=,m/xL+4lAC+Q3Ds0796DMFOyxAMc=
-14,-13,sWxwf5pr3Zxpv3Qg/TVTSnoCIRk=,m/xL+4lAC+Q3Ds0796DMFOyxAMc=
-7,-16,sWxwf5pr3Zxpv3Qg/TVTSnoCIRk=,m/xL+4lAC+Q3Ds0796DMFOyxAMc=
-7,-9,sWxwf5pr3Zxpv3Qg/TVTSnoCIRk=,m/xL+4lAC+Q3Ds0796DMFOyxAMc=
-6,-9,sWxwf5pr3Zxpv3Qg/TVTSnoCIRk=,m/xL+4lAC+Q3Ds0796DMFOyxAMc=
-5,-9,sWxwf5pr3Zxpv3Qg/TVTSnoCIRk=,m/xL+4lAC+Q3Ds0796DMFOyxAMc=
-4,-9,sWxwf5pr3Zxpv3Qg/TVTSnoCIRk=,m/xL+4lAC+Q3Ds0796DMFOyxAMc=
-3,-9,sWxwf5pr3Zxpv3Qg/TVTSnoCIRk=,m/xL+4lAC+Q3Ds0796DMFOyxAMc=
-16,-16,sWxwf5pr3Zxpv3Qg/TVTSnoCIRk=,m/xL+4lAC+Q3Ds0796DMFOyxAMc=
-2,-9,sWxwf5pr3Zxpv3Qg/TVTSnoCIRk=,m/xL+4lAC+Q3Ds0796DMFOyxAMc=
-1,-9,sWxwf5pr3Zxpv3Qg/TVTSnoCIRk=,m/xL+4lAC+Q3Ds0796DMFOyxAMc=
-16,-8,sWxwf5pr3Zxpv3Qg/TVTSnoCIRk=,m/xL+4lAC+Q3Ds0796DMFOyxAMc=
-9,-15,sWxwf5pr3Zxpv3Qg/TVTSnoCIRk=,m/xL+4lAC+Q3Ds0796DMFOyxAMc=
-15,-8,sWxwf5pr3Zxpv3Qg/TVTSnoCIRk=,m/xL+4lAC+Q3Ds0796DMFOyxAMc=
-14,-8,sWxwf5pr3Zxpv3Qg/TVTSnoCIRk=,m/xL+4lAC+Q3Ds0796DMFOyxAMc=
-13,-8,sWxwf5pr3Zxpv3Qg/TVTSnoCIRk=,m/xL+4lAC+Q3Ds0796DMFOyxAMc=
-12,-8,sWxwf5pr3Zxpv3Qg/TVTSnoCIRk=,m/xL+4lAC+Q3Ds0796DMFOyxAMc=
-1,-1,sWxwf5pr3Zxpv3Qg/TVTSnoCIRk=,m/xL+4lAC+Q3Ds0796DMFOyxAMc=
-11,-8,sWxwf5pr3Zxpv3Qg/TVTSnoCIRk=,m/xL+4lAC+Q3Ds0796DMFOyxAMc=
-10,-8,sWxwf5pr3Zxpv3Qg/TVTSnoCIRk=,m/xL+4lAC+Q3Ds0796DMFOyxAMc=
-9,-8,sWxwf5pr3Zxpv3Qg/TVTSnoCIRk=,m/xL+4lAC+Q3Ds0796DMFOyxAMc=
-13,-13,sWxwf5pr3Zxpv3Qg/TVTSnoCIRk=,m/xL+4lAC+Q3Ds0796DMFOyxAMc=
-6,-16,sWxwf5pr3Zxpv3Qg/TVTSnoCIRk=,m/xL+4lAC+Q3Ds0796DMFOyxAMc=
-8,-8,sWxwf5pr3Zxpv3Qg/TVTSnoCIRk=,m/xL+4lAC+Q3Ds0796DMFOyxAMc=
-7,-8,sWxwf5pr3Zxpv3Qg/TVTSnoCIRk=,m/xL+4lAC+Q3Ds0796DMFOyxAMc=
-6,-8,sWxwf5pr3Zxpv3Qg/TVTSnoCIRk=,m/xL+4lAC+Q3Ds0796DMFOyxAMc=
-5,-8,sWxwf5pr3Zxpv3Qg/TVTSnoCIRk=,m/xL+4lAC+Q3Ds0796DMFOyxAMc=
-4,-8,sWxwf5pr3Zxpv3Qg/TVTSnoCIRk=,m/xL+4lAC+Q3Ds0796DMFOyxAMc=
-3,-8,sWxwf5pr3Zxpv3Qg/TVTSnoCIRk=,m/xL+4lAC+Q3Ds0796DMFOyxAMc=
-2,-8,sWxwf5pr3Zxpv3Qg/TVTSnoCIRk=,m/xL+4lAC+Q3Ds0796DMFOyxAMc=
-1,-8,sWxwf5pr3Zxpv3Qg/TVTSnoCIRk=,m/xL+4lAC+Q3Ds0796DMFOyxAMc=
-8,-15,sWxwf5pr3Zxpv3Qg/TVTSnoCIRk=,m/xL+4lAC+Q3Ds0796DMFOyxAMc=
-16,-7,sWxwf5pr3Zxpv3Qg/TVTSnoCIRk=,m/xL+4lAC+Q3Ds0796DMFOyxAMc=
-15,-7,sWxwf5pr3Zxpv3Qg/TVTSnoCIRk=,m/xL+4lAC+Q3Ds0796DMFOyxAMc=
-14,-7,sWxwf5pr3Zxpv3Qg/TVTSnoCIRk=,m/xL+4lAC+Q3Ds0796DMFOyxAMc=
-13,-7,sWxwf5pr3Zxpv3Qg/TVTSnoCIRk=,m/xL+4lAC+Q3Ds0796DMFOyxAMc=
-11,-7,sWxwf5pr3Zxpv3Qg/TVTSnoCIRk=,m/xL+4lAC+Q3Ds0796DMFOyxAMc=
-12,-7,sWxwf5pr3Zxpv3Qg/TVTSnoCIRk=,m/xL+4lAC+Q3Ds0796DMFOyxAMc=
-10,-7,sWxwf5pr3Zxpv3Qg/TVTSnoCIRk=,m/xL+4lAC+Q3Ds0796DMFOyxAMc=
-12,-13,sWxwf5pr3Zxpv3Qg/TVTSnoCIRk=,m/xL+4lAC+Q3Ds0796DMFOyxAMc=
-5,-16,sWxwf5pr3Zxpv3Qg/TVTSnoCIRk=,m/xL+4lAC+Q3Ds0796DMFOyxAMc=
-9,-7,sWxwf5pr3Zxpv3Qg/TVTSnoCIRk=,m/xL+4lAC+Q3Ds0796DMFOyxAMc=
-8,-7,sWxwf5pr3Zxpv3Qg/TVTSnoCIRk=,m/xL+4lAC+Q3Ds0796DMFOyxAMc=
-7,-7,sWxwf5pr3Zxpv3Qg/TVTSnoCIRk=,m/xL+4lAC+Q3Ds0796DMFOyxAMc=
-6,-7,sWxwf5pr3Zxpv3Qg/TVTSnoCIRk=,m/xL+4lAC+Q3Ds0796DMFOyxAMc=
-5,-7,sWxwf5pr3Zxpv3Qg/TVTSnoCIRk=,m/xL+4lAC+Q3Ds0796DMFOyxAMc=
-4,-7,sWxwf5pr3Zxpv3Qg/TVTSnoCIRk=,m/xL+4lAC+Q3Ds0796DMFOyxAMc=
-3,-7,sWxwf5pr3Zxpv3Qg/TVTSnoCIRk=,m/xL+4lAC+Q3Ds0796DMFOyxAMc=
-2,-7,sWxwf5pr3Zxpv3Qg/TVTSnoCIRk=,m/xL+4lAC+Q3Ds0796DMFOyxAMc=
-1,-7,sWxwf5pr3Zxpv3Qg/TVTSnoCIRk=,m/xL+4lAC+Q3Ds0796DMFOyxAMc=
-16,-6,sWxwf5pr3Zxpv3Qg/TVTSnoCIRk=,m/xL+4lAC+Q3Ds0796DMFOyxAMc=
-7,-15,sWxwf5pr3Zxpv3Qg/TVTSnoCIRk=,m/xL+4lAC+Q3Ds0796DMFOyxAMc=
-15,-6,sWxwf5pr3Zxpv3Qg/TVTSnoCIRk=,m/xL+4lAC+Q3Ds0796DMFOyxAMc=
-14,-6,sWxwf5pr3Zxpv3Qg/TVTSnoCIRk=,m/xL+4lAC+Q3Ds0796DMFOyxAMc=
-13,-6,sWxwf5pr3Zxpv3Qg/TVTSnoCIRk=,m/xL+4lAC+Q3Ds0796DMFOyxAMc=
-12,-6,sWxwf5pr3Zxpv3Qg/TVTSnoCIRk=,m/xL+4lAC+Q3Ds0796DMFOyxAMc=
-11,-6,sWxwf5pr3Zxpv3Qg/TVTSnoCIRk=,m/xL+4lAC+Q3Ds0796DMFOyxAMc=
-11,-13,sWxwf5pr3Zxpv3Qg/TVTSnoCIRk=,m/xL+4lAC+Q3Ds0796DMFOyxAMc=
-4,-16,sWxwf5pr3Zxpv3Qg/TVTSnoCIRk=,m/xL+4lAC+Q3Ds0796DMFOyxAMc=
-10,-6,sWxwf5pr3Zxpv3Qg/TVTSnoCIRk=,m/xL+4lAC+Q3Ds0796DMFOyxAMc=
-9,-6,sWxwf5pr3Zxpv3Qg/TVTSnoCIRk=,m/xL+4lAC+Q3Ds0796DMFOyxAMc=
-8,-6,sWxwf5pr3Zxpv3Qg/TVTSnoCIRk=,m/xL+4lAC+Q3Ds0796DMFOyxAMc=
-7,-6,sWxwf5pr3Zxpv3Qg/TVTSnoCIRk=,m/xL+4lAC+Q3Ds0796DMFOyxAMc=
-6,-6,sWxwf5pr3Zxpv3Qg/TVTSnoCIRk=,m/xL+4lAC+Q3Ds0796DMFOyxAMc=
-5,-6,sWxwf5pr3Zxpv3Qg/TVTSnoCIRk=,m/xL+4lAC+Q3Ds0796DMFOyxAMc=
-4,-6,sWxwf5pr3Zxpv3Qg/TVTSnoCIRk=,m/xL+4lAC+Q3Ds0796DMFOyxAMc=
-3,-6,sWxwf5pr3Zxpv3Qg/TVTSnoCIRk=,m/xL+4lAC+Q3Ds0796DMFOyxAMc=
-2,-6,sWxwf5pr3Zxpv3Qg/TVTSnoCIRk=,m/xL+4lAC+Q3Ds0796DMFOyxAMc=
-1,-6,sWxwf5pr3Zxpv3Qg/TVTSnoCIRk=,m/xL+4lAC+Q3Ds0796DMFOyxAMc=
-16,-5,sWxwf5pr3Zxpv3Qg/TVTSnoCIRk=,m/xL+4lAC+Q3Ds0796DMFOyxAMc=
-6,-15,sWxwf5pr3Zxpv3Qg/TVTSnoCIRk=,m/xL+4lAC+Q3Ds0796DMFOyxAMc=
-15,-5,sWxwf5pr3Zxpv3Qg/TVTSnoCIRk=,m/xL+4lAC+Q3Ds0796DMFOyxAMc=
-14,-5,sWxwf5pr3Zxpv3Qg/TVTSnoCIRk=,m/xL+4lAC+Q3Ds0796DMFOyxAMc=
-13,-5,sWxwf5pr3Zxpv3Qg/TVTSnoCIRk=,m/xL+4lAC+Q3Ds0796DMFOyxAMc=
-12,-5,sWxwf5pr3Zxpv3Qg/TVTSnoCIRk=,m/xL+4lAC+Q3Ds0796DMFOyxAMc=
-10,-13,sWxwf5pr3Zxpv3Qg/TVTSnoCIRk=,m/xL+4lAC+Q3Ds0796DMFOyxAMc=
-3,-16,sWxwf5pr3Zxpv3Qg/TVTSnoCIRk=,m/xL+4lAC+Q3Ds0796DMFOyxAMc=
-11,-5,sWxwf5pr3Zxpv3Qg/TVTSnoCIRk=,m/xL+4lAC+Q3Ds0796DMFOyxAMc=
-10,-5,sWxwf5pr3Zxpv3Qg/TVTSnoCIRk=,m/xL+4lAC+Q3Ds0796DMFOyxAMc=
-9,-5,sWxwf5pr3Zxpv3Qg/TVTSnoCIRk=,m/xL+4lAC+Q3Ds0796DMFOyxAMc=
-8,-5,sWxwf5pr3Zxpv3Qg/TVTSnoCIRk=,m/xL+4lAC+Q3Ds0796DMFOyxAMc=
-7,-5,sWxwf5pr3Zxpv3Qg/TVTSnoCIRk=,m/xL+4lAC+Q3Ds0796DMFOyxAMc=
-6,-5,sWxwf5pr3Zxpv3Qg/TVTSnoCIRk=,m/xL+4lAC+Q3Ds0796DMFOyxAMc=
-5,-5,sWxwf5pr3Zxpv3Qg/TVTSnoCIRk=,m/xL+4lAC+Q3Ds0796DMFOyxAMc=
-4,-5,sWxwf5pr3Zxpv3Qg/TVTSnoCIRk=,m/xL+4lAC+Q3Ds0796DMFOyxAMc=
-3,-5,sWxwf5pr3Zxpv3Qg/TVTSnoCIRk=,m/xL+4lAC+Q3Ds0796DMFOyxAMc=
-1,-5,sWxwf5pr3Zxpv3Qg/TVTSnoCIRk=,m/xL+4lAC+Q3Ds0796DMFOyxAMc=
-2,-5,sWxwf5pr3Zxpv3Qg/TVTSnoCIRk=,m/xL+4lAC+Q3Ds0796DMFOyxAMc=
-16,-4,sWxwf5pr3Zxpv3Qg/TVTSnoCIRk=,m/xL+4lAC+Q3Ds0796DMFOyxAMc=
-5,-15,sWxwf5pr3Zxpv3Qg/TVTSnoCIRk=,m/xL+4lAC+Q3Ds0796DMFOyxAMc=
-15,-4,sWxwf5pr3Zxpv3Qg/TVTSnoCIRk=,m/xL+4lAC+Q3Ds0796DMFOyxAMc=
-14,-4,sWxwf5pr3Zxpv3Qg/TVTSnoCIRk=,m/xL+4lAC+Q3Ds0796DMFOyxAMc=
-13,-4,sWxwf5pr3Zxpv3Qg/TVTSnoCIRk=,m/xL+4lAC+Q3Ds0796DMFOyxAMc=
-9,-13,sWxwf5pr3Zxpv3Qg/TVTSnoCIRk=,m/xL+4lAC+Q3Ds0796DMFOyxAMc=
-2,-16,sWxwf5pr3Zxpv3Qg/TVTSnoCIRk=,m/xL+4lAC+Q3Ds0796DMFOyxAMc=
-12,-4,sWxwf5pr3Zxpv3Qg/TVTSnoCIRk=,m/xL+4lAC+Q3Ds0796DMFOyxAMc=
-11,-4,sWxwf5pr3Zxpv3Qg/TVTSnoCIRk=,m/xL+4lAC+Q3Ds0796DMFOyxAMc=
-10,-4,sWxwf5pr3Zxpv3Qg/TVTSnoCIRk=,m/xL+4lAC+Q3Ds0796DMFOyxAMc=
-9,-4,sWxwf5pr3Zxpv3Qg/TVTSnoCIRk=,m/xL+4lAC+Q3Ds0796DMFOyxAMc=
-8,-4,sWxwf5pr3Zxpv3Qg/TVTSnoCIRk=,m/xL+4lAC+Q3Ds0796DMFOyxAMc=
-7,-4,sWxwf5pr3Zxpv3Qg/TVTSnoCIRk=,m/xL+4lAC+Q3Ds0796DMFOyxAMc=
-6,-4,sWxwf5pr3Zxpv3Qg/TVTSnoCIRk=,m/xL+4lAC+Q3Ds0796DMFOyxAMc=
-5,-4,sWxwf5pr3Zxpv3Qg/TVTSnoCIRk=,m/xL+4lAC+Q3Ds0796DMFOyxAMc=
-4,-4,sWxwf5pr3Zxpv3Qg/TVTSnoCIRk=,m/xL+4lAC+Q3Ds0796DMFOyxAMc=
-3,-4,sWxwf5pr3Zxpv3Qg/TVTSnoCIRk=,m/xL+4lAC+Q3Ds0796DMFOyxAMc=
-2,-4,sWxwf5pr3Zxpv3Qg/TVTSnoCIRk=,m/xL+4lAC+Q3Ds0796DMFOyxAMc=
-1,-4,sWxwf5pr3Zxpv3Qg/TVTSnoCIRk=,m/xL+4lAC+Q3Ds0796DMFOyxAMc=
-16,-3,sWxwf5pr3Zxpv3Qg/TVTSnoCIRk=,m/xL+4lAC+Q3Ds0796DMFOyxAMc=
-4,-15,sWxwf5pr3Zxpv3Qg/TVTSnoCIRk=,m/xL+4lAC+Q3Ds0796DMFOyxAMc=
-15,-3,sWxwf5pr3Zxpv3Qg/TVTSnoCIRk=,m/xL+4lAC+Q3Ds0796DMFOyxAMc=
-14,-3,sWxwf5pr3Zxpv3Qg/TVTSnoCIRk=,m/xL+4lAC+Q3Ds0796DMFOyxAMc=
-8,-13,sWxwf5pr3Zxpv3Qg/TVTSnoCIRk=,m/xL+4lAC+Q3Ds0796DMFOyxAMc=
-1,-16,sWxwf5pr3Zxpv3Qg/TVTSnoCIRk=,m/xL+4lAC+Q3Ds0796DMFOyxAMc=
-3,-15,sWxwf5pr3Zxpv3Qg/TVTSnoCIRk=,m/xL+4lAC+Q3Ds0796DMFOyxAMc=
-13,-3,sWxwf5pr3Zxpv3Qg/TVTSnoCIRk=,m/xL+4lAC+Q3Ds0796DMFOyxAMc=
-12,-3,sWxwf5pr3Zxpv3Qg/TVTSnoCIRk=,m/xL+4lAC+Q3Ds0796DMFOyxAMc=
-11,-3,sWxwf5pr3Zxpv3Qg/TVTSnoCIRk=,m/xL+4lAC+Q3Ds0796DMFOyxAMc=
-10,-3,sWxwf5pr3Zxpv3Qg/TVTSnoCIRk=,m/xL+4lAC+Q3Ds0796DMFOyxAMc=
-9,-3,sWxwf5pr3Zxpv3Qg/TVTSnoCIRk=,m/xL+4lAC+Q3Ds0796DMFOyxAMc=
-8,-3,sWxwf5pr3Zxpv3Qg/TVTSnoCIRk=,m/xL+4lAC+Q3Ds0796DMFOyxAMc=
-7,-3,sWxwf5pr3Zxpv3Qg/TVTSnoCIRk=,m/xL+4lAC+Q3Ds0796DMFOyxAMc=
-6,-3,sWxwf5pr3Zxpv3Qg/TVTSnoCIRk=,m/xL+4lAC+Q3Ds0796DMFOyxAMc=
-5,-3,sWxwf5pr3Zxpv3Qg/TVTSnoCIRk=,m/xL+4lAC+Q3Ds0796DMFOyxAMc=
-4,-3,sWxwf5pr3Zxpv3Qg/TVTSnoCIRk=,m/xL+4lAC+Q3Ds0796DMFOyxAMc=
-2,-1,sWxwf5pr3Zxpv3Qg/TVTSnoCIRk=,m/xL+4lAC+Q3Ds0796DMFOyxAMc=
-3,-3,sWxwf5pr3Zxpv3Qg/TVTSnoCIRk=,m/xL+4lAC+Q3Ds0796DMFOyxAMc=
-3,-1,sWxwf5pr3Zxpv3Qg/TVTSnoCIRk=,m/xL+4lAC+Q3Ds0796DMFOyxAMc=
-14,-14,sWxwf5pr3Zxpv3Qg/TVTSnoCIRk=,m/xL+4lAC+Q3Ds0796DMFOyxAMc=
-15,-14,sWxwf5pr3Zxpv3Qg/TVTSnoCIRk=,m/xL+4lAC+Q3Ds0796DMFOyxAMc=
-5,-1,sWxwf5pr3Zxpv3Qg/TVTSnoCIRk=,m/xL+4lAC+Q3Ds0796DMFOyxAMc=
-16,-14,sWxwf5pr3Zxpv3Qg/TVTSnoCIRk=,m/xL+4lAC+Q3Ds0796DMFOyxAMc=
-6,-1,sWxwf5pr3Zxpv3Qg/TVTSnoCIRk=,m/xL+4lAC+Q3Ds0796DMFOyxAMc=
-7,-1,sWxwf5pr3Zxpv3Qg/TVTSnoCIRk=,m/xL+4lAC+Q3Ds0796DMFOyxAMc=
-8,-1,sWxwf5pr3Zxpv3Qg/TVTSnoCIRk=,m/xL+4lAC+Q3Ds0796DMFOyxAMc=
-9,-1,sWxwf5pr3Zxpv3Qg/TVTSnoCIRk=,m/xL+4lAC+Q3Ds0796DMFOyxAMc=
-10,-1,sWxwf5pr3Zxpv3Qg/TVTSnoCIRk=,m/xL+4lAC+Q3Ds0796DMFOyxAMc=
-11,-1,sWxwf5pr3Zxpv3Qg/TVTSnoCIRk=,m/xL+4lAC+Q3Ds0796DMFOyxAMc=
-12,-1,sWxwf5pr3Zxpv3Qg/TVTSnoCIRk=,m/xL+4lAC+Q3Ds0796DMFOyxAMc=
-13,-1,sWxwf5pr3Zxpv3Qg/TVTSnoCIRk=,m/xL+4lAC+Q3Ds0796DMFOyxAMc=
-14,-16,sWxwf5pr3Zxpv3Qg/TVTSnoCIRk=,m/xL+4lAC+Q3Ds0796DMFOyxAMc=
-14,-1,sWxwf5pr3Zxpv3Qg/TVTSnoCIRk=,m/xL+4lAC+Q3Ds0796DMFOyxAMc=
-6,-13,sWxwf5pr3Zxpv3Qg/TVTSnoCIRk=,m/xL+4lAC+Q3Ds0796DMFOyxAMc=
-15,-1,sWxwf5pr3Zxpv3Qg/TVTSnoCIRk=,m/xL+4lAC+Q3Ds0796DMFOyxAMc=
-16,-1,sWxwf5pr3Zxpv3Qg/TVTSnoCIRk=,m/xL+4lAC+Q3Ds0796DMFOyxAMc=
-2,-15,sWxwf5pr3Zxpv3Qg/TVTSnoCIRk=,m/xL+4lAC+Q3Ds0796DMFOyxAMc=
-4,-1,sWxwf5pr3Zxpv3Qg/TVTSnoCIRk=,m/xL+4lAC+Q3Ds0796DMFOyxAMc=
-1,-2,sWxwf5pr3Zxpv3Qg/TVTSnoCIRk=,m/xL+4lAC+Q3Ds0796DMFOyxAMc=
-4,-2,sWxwf5pr3Zxpv3Qg/TVTSnoCIRk=,m/xL+4lAC+Q3Ds0796DMFOyxAMc=
-5,-2,sWxwf5pr3Zxpv3Qg/TVTSnoCIRk=,m/xL+4lAC+Q3Ds0796DMFOyxAMc=
-6,-2,sWxwf5pr3Zxpv3Qg/TVTSnoCIRk=,m/xL+4lAC+Q3Ds0796DMFOyxAMc=
-7,-2,sWxwf5pr3Zxpv3Qg/TVTSnoCIRk=,m/xL+4lAC+Q3Ds0796DMFOyxAMc=
-8,-2,sWxwf5pr3Zxpv3Qg/TVTSnoCIRk=,m/xL+4lAC+Q3Ds0796DMFOyxAMc=
-9,-2,sWxwf5pr3Zxpv3Qg/TVTSnoCIRk=,m/xL+4lAC+Q3Ds0796DMFOyxAMc=
-10,-2,sWxwf5pr3Zxpv3Qg/TVTSnoCIRk=,m/xL+4lAC+Q3Ds0796DMFOyxAMc=
-11,-2,sWxwf5pr3Zxpv3Qg/TVTSnoCIRk=,m/xL+4lAC+Q3Ds0796DMFOyxAMc=
-12,-2,sWxwf5pr3Zxpv3Qg/TVTSnoCIRk=,m/xL+4lAC+Q3Ds0796DMFOyxAMc=
-13,-2,sWxwf5pr3Zxpv3Qg/TVTSnoCIRk=,m/xL+4lAC+Q3Ds0796DMFOyxAMc=
-14,-2,sWxwf5pr3Zxpv3Qg/TVTSnoCIRk=,m/xL+4lAC+Q3Ds0796DMFOyxAMc=
-15,-15,sWxwf5pr3Zxpv3Qg/TVTSnoCIRk=,m/xL+4lAC+Q3Ds0796DMFOyxAMc=
-7,-13,sWxwf5pr3Zxpv3Qg/TVTSnoCIRk=,m/xL+4lAC+Q3Ds0796DMFOyxAMc=
-15,-2,sWxwf5pr3Zxpv3Qg/TVTSnoCIRk=,m/xL+4lAC+Q3Ds0796DMFOyxAMc=
-16,-15,sWxwf5pr3Zxpv3Qg/TVTSnoCIRk=,m/xL+4lAC+Q3Ds0796DMFOyxAMc=
-16,-2,sWxwf5pr3Zxpv3Qg/TVTSnoCIRk=,m/xL+4lAC+Q3Ds0796DMFOyxAMc=
-15,-16,sWxwf5pr3Zxpv3Qg/TVTSnoCIRk=,m/xL+4lAC+Q3Ds0796DMFOyxAMc=
-2,-2,sWxwf5pr3Zxpv3Qg/TVTSnoCIRk=,m/xL+4lAC+Q3Ds0796DMFOyxAMc=
-2,-3,sWxwf5pr3Zxpv3Qg/TVTSnoCIRk=,m/xL+4lAC+Q3Ds0796DMFOyxAMc=
-3,-2,sWxwf5pr3Zxpv3Qg/TVTSnoCIRk=,m/xL+4lAC+Q3Ds0796DMFOyxAMc=
-1,-3,sWxwf5pr3Zxpv3Qg/TVTSnoCIRk=,m/xL+4lAC+Q3Ds0796DMFOyxAMc=
-1,-31,OrPRgoZyoB58PUlC+63FXsl3t3k=,xsw15gzzGefAeHPGrI9DR6WZKkk=
-3,-30,OrPRgoZyoB58PUlC+63FXsl3t3k=,xsw15gzzGefAeHPGrI9DR6WZKkk=
-13,-32,OrPRgoZyoB58PUlC+63FXsl3t3k=,xsw15gzzGefAeHPGrI9DR6WZKkk=
-1,-17,OrPRgoZyoB58PUlC+63FXsl3t3k=,xsw15gzzGefAeHPGrI9DR6WZKkk=
-4,-30,OrPRgoZyoB58PUlC+63FXsl3t3k=,xsw15gzzGefAeHPGrI9DR6WZKkk=
-5,-30,OrPRgoZyoB58PUlC+63FXsl3t3k=,xsw15gzzGefAeHPGrI9DR6WZKkk=
-6,-30,OrPRgoZyoB58PUlC+63FXsl3t3k=,xsw15gzzGefAeHPGrI9DR6WZKkk=
-7,-30,OrPRgoZyoB58PUlC+63FXsl3t3k=,xsw15gzzGefAeHPGrI9DR6WZKkk=
-8,-30,OrPRgoZyoB58PUlC+63FXsl3t3k=,xsw15gzzGefAeHPGrI9DR6WZKkk=
-9,-30,OrPRgoZyoB58PUlC+63FXsl3t3k=,xsw15gzzGefAeHPGrI9DR6WZKkk=
-4,-29,OrPRgoZyoB58PUlC+63FXsl3t3k=,xsw15gzzGefAeHPGrI9DR6WZKkk=
-10,-30,OrPRgoZyoB58PUlC+63FXsl3t3k=,xsw15gzzGefAeHPGrI9DR6WZKkk=
-11,-30,OrPRgoZyoB58PUlC+63FXsl3t3k=,xsw15gzzGefAeHPGrI9DR6WZKkk=
-12,-30,OrPRgoZyoB58PUlC+63FXsl3t3k=,xsw15gzzGefAeHPGrI9DR6WZKkk=
-2,-30,OrPRgoZyoB58PUlC+63FXsl3t3k=,xsw15gzzGefAeHPGrI9DR6WZKkk=
-13,-30,OrPRgoZyoB58PUlC+63FXsl3t3k=,xsw15gzzGefAeHPGrI9DR6WZKkk=
-12,-32,OrPRgoZyoB58PUlC+63FXsl3t3k=,xsw15gzzGefAeHPGrI9DR6WZKkk=
-14,-30,OrPRgoZyoB58PUlC+63FXsl3t3k=,xsw15gzzGefAeHPGrI9DR6WZKkk=
-5,-29,OrPRgoZyoB58PUlC+63FXsl3t3k=,xsw15gzzGefAeHPGrI9DR6WZKkk=
-3,-29,OrPRgoZyoB58PUlC+63FXsl3t3k=,xsw15gzzGefAeHPGrI9DR6WZKkk=
-2,-17,OrPRgoZyoB58PUlC+63FXsl3t3k=,xsw15gzzGefAeHPGrI9DR6WZKkk=
-3,-17,OrPRgoZyoB58PUlC+63FXsl3t3k=,xsw15gzzGefAeHPGrI9DR6WZKkk=
-2,-29,OrPRgoZyoB58PUlC+63FXsl3t3k=,xsw15gzzGefAeHPGrI9DR6WZKkk=
-15,-30,OrPRgoZyoB58PUlC+63FXsl3t3k=,xsw15gzzGefAeHPGrI9DR6WZKkk=
-16,-30,OrPRgoZyoB58PUlC+63FXsl3t3k=,xsw15gzzGefAeHPGrI9DR6WZKkk=
-11,-32,OrPRgoZyoB58PUlC+63FXsl3t3k=,xsw15gzzGefAeHPGrI9DR6WZKkk=
-4,-17,OrPRgoZyoB58PUlC+63FXsl3t3k=,xsw15gzzGefAeHPGrI9DR6WZKkk=
-14,-31,OrPRgoZyoB58PUlC+63FXsl3t3k=,xsw15gzzGefAeHPGrI9DR6WZKkk=
-5,-17,OrPRgoZyoB58PUlC+63FXsl3t3k=,xsw15gzzGefAeHPGrI9DR6WZKkk=
-6,-17,OrPRgoZyoB58PUlC+63FXsl3t3k=,xsw15gzzGefAeHPGrI9DR6WZKkk=
-1,-29,OrPRgoZyoB58PUlC+63FXsl3t3k=,xsw15gzzGefAeHPGrI9DR6WZKkk=
-7,-17,OrPRgoZyoB58PUlC+63FXsl3t3k=,xsw15gzzGefAeHPGrI9DR6WZKkk=
-8,-17,OrPRgoZyoB58PUlC+63FXsl3t3k=,xsw15gzzGefAeHPGrI9DR6WZKkk=
-16,-28,OrPRgoZyoB58PUlC+63FXsl3t3k=,xsw15gzzGefAeHPGrI9DR6WZKkk=
-9,-17,OrPRgoZyoB58PUlC+63FXsl3t3k=,xsw15gzzGefAeHPGrI9DR6WZKkk=
-15,-28,OrPRgoZyoB58PUlC+63FXsl3t3k=,xsw15gzzGefAeHPGrI9DR6WZKkk=
-11,-17,OrPRgoZyoB58PUlC+63FXsl3t3k=,xsw15gzzGefAeHPGrI9DR6WZKkk=
-10,-17,OrPRgoZyoB58PUlC+63FXsl3t3k=,xsw15gzzGefAeHPGrI9DR6WZKkk=
-14,-28,OrPRgoZyoB58PUlC+63FXsl3t3k=,xsw15gzzGefAeHPGrI9DR6WZKkk=
-12,-17,OrPRgoZyoB58PUlC+63FXsl3t3k=,xsw15gzzGefAeHPGrI9DR6WZKkk=
-13,-28,OrPRgoZyoB58PUlC+63FXsl3t3k=,xsw15gzzGefAeHPGrI9DR6WZKkk=
-13,-17,OrPRgoZyoB58PUlC+63FXsl3t3k=,xsw15gzzGefAeHPGrI9DR6WZKkk=
-12,-28,OrPRgoZyoB58PUlC+63FXsl3t3k=,xsw15gzzGefAeHPGrI9DR6WZKkk=
-14,-32,OrPRgoZyoB58PUlC+63FXsl3t3k=,xsw15gzzGefAeHPGrI9DR6WZKkk=
-11,-28,OrPRgoZyoB58PUlC+63FXsl3t3k=,xsw15gzzGefAeHPGrI9DR6WZKkk=
-14,-17,OrPRgoZyoB58PUlC+63FXsl3t3k=,xsw15gzzGefAeHPGrI9DR6WZKkk=
-10,-28,OrPRgoZyoB58PUlC+63FXsl3t3k=,xsw15gzzGefAeHPGrI9DR6WZKkk=
-6,-29,OrPRgoZyoB58PUlC+63FXsl3t3k=,xsw15gzzGefAeHPGrI9DR6WZKkk=
-9,-28,OrPRgoZyoB58PUlC+63FXsl3t3k=,xsw15gzzGefAeHPGrI9DR6WZKkk=
-15,-17,OrPRgoZyoB58PUlC+63FXsl3t3k=,xsw15gzzGefAeHPGrI9DR6WZKkk=
-8,-28,OrPRgoZyoB58PUlC+63FXsl3t3k=,xsw15gzzGefAeHPGrI9DR6WZKkk=
-2,-31,OrPRgoZyoB58PUlC+63FXsl3t3k=,xsw15gzzGefAeHPGrI9DR6WZKkk=
-7,-28,OrPRgoZyoB58PUlC+63FXsl3t3k=,xsw15gzzGefAeHPGrI9DR6WZKkk=
-16,-17,OrPRgoZyoB58PUlC+63FXsl3t3k=,xsw15gzzGefAeHPGrI9DR6WZKkk=
-6,-28,OrPRgoZyoB58PUlC+63FXsl3t3k=,xsw15gzzGefAeHPGrI9DR6WZKkk=
-1,-18,OrPRgoZyoB58PUlC+63FXsl3t3k=,xsw15gzzGefAeHPGrI9DR6WZKkk=
-5,-28,OrPRgoZyoB58PUlC+63FXsl3t3k=,xsw15gzzGefAeHPGrI9DR6WZKkk=
-2,-18,OrPRgoZyoB58PUlC+63FXsl3t3k=,xsw15gzzGefAeHPGrI9DR6WZKkk=
-1,-30,OrPRgoZyoB58PUlC+63FXsl3t3k=,xsw15gzzGefAeHPGrI9DR6WZKkk=
-3,-18,OrPRgoZyoB58PUlC+63FXsl3t3k=,xsw15gzzGefAeHPGrI9DR6WZKkk=
-10,-32,OrPRgoZyoB58PUlC+63FXsl3t3k=,xsw15gzzGefAeHPGrI9DR6WZKkk=
-4,-18,OrPRgoZyoB58PUlC+63FXsl3t3k=,xsw15gzzGefAeHPGrI9DR6WZKkk=
-4,-28,OrPRgoZyoB58PUlC+63FXsl3t3k=,xsw15gzzGefAeHPGrI9DR6WZKkk=
-5,-18,OrPRgoZyoB58PUlC+63FXsl3t3k=,xsw15gzzGefAeHPGrI9DR6WZKkk=
-3,-28,OrPRgoZyoB58PUlC+63FXsl3t3k=,xsw15gzzGefAeHPGrI9DR6WZKkk=
-6,-18,OrPRgoZyoB58PUlC+63FXsl3t3k=,xsw15gzzGefAeHPGrI9DR6WZKkk=
-2,-28,OrPRgoZyoB58PUlC+63FXsl3t3k=,xsw15gzzGefAeHPGrI9DR6WZKkk=
-7,-18,OrPRgoZyoB58PUlC+63FXsl3t3k=,xsw15gzzGefAeHPGrI9DR6WZKkk=
-1,-28,OrPRgoZyoB58PUlC+63FXsl3t3k=,xsw15gzzGefAeHPGrI9DR6WZKkk=
-13,-31,OrPRgoZyoB58PUlC+63FXsl3t3k=,xsw15gzzGefAeHPGrI9DR6WZKkk=
-8,-18,OrPRgoZyoB58PUlC+63FXsl3t3k=,xsw15gzzGefAeHPGrI9DR6WZKkk=
-16,-27,OrPRgoZyoB58PUlC+63FXsl3t3k=,xsw15gzzGefAeHPGrI9DR6WZKkk=
-10,-18,OrPRgoZyoB58PUlC+63FXsl3t3k=,xsw15gzzGefAeHPGrI9DR6WZKkk=
-15,-27,OrPRgoZyoB58PUlC+63FXsl3t3k=,xsw15gzzGefAeHPGrI9DR6WZKkk=
-9,-18,OrPRgoZyoB58PUlC+63FXsl3t3k=,xsw15gzzGefAeHPGrI9DR6WZKkk=
-12,-18,OrPRgoZyoB58PUlC+63FXsl3t3k=,xsw15gzzGefAeHPGrI9DR6WZKkk=
-14,-27,OrPRgoZyoB58PUlC+63FXsl3t3k=,xsw15gzzGefAeHPGrI9DR6WZKkk=
-11,-18,OrPRgoZyoB58PUlC+63FXsl3t3k=,xsw15gzzGefAeHPGrI9DR6WZKkk=
-13,-18,OrPRgoZyoB58PUlC+63FXsl3t3k=,xsw15gzzGefAeHPGrI9DR6WZKkk=
-14,-18,OrPRgoZyoB58PUlC+63FXsl3t3k=,xsw15gzzGefAeHPGrI9DR6WZKkk=
-13,-27,OrPRgoZyoB58PUlC+63FXsl3t3k=,xsw15gzzGefAeHPGrI9DR6WZKkk=
-15,-31,OrPRgoZyoB58PUlC+63FXsl3t3k=,xsw15gzzGefAeHPGrI9DR6WZKkk=
-7,-29,OrPRgoZyoB58PUlC+63FXsl3t3k=,xsw15gzzGefAeHPGrI9DR6WZKkk=
-12,-27,OrPRgoZyoB58PUlC+63FXsl3t3k=,xsw15gzzGefAeHPGrI9DR6WZKkk=
-15,-18,OrPRgoZyoB58PUlC+63FXsl3t3k=,xsw15gzzGefAeHPGrI9DR6WZKkk=
-11,-27,OrPRgoZyoB58PUlC+63FXsl3t3k=,xsw15gzzGefAeHPGrI9DR6WZKkk=
-16,-31,OrPRgoZyoB58PUlC+63FXsl3t3k=,xsw15gzzGefAeHPGrI9DR6WZKkk=
-15,-32,OrPRgoZyoB58PUlC+63FXsl3t3k=,xsw15gzzGefAeHPGrI9DR6WZKkk=
-10,-27,OrPRgoZyoB58PUlC+63FXsl3t3k=,xsw15gzzGefAeHPGrI9DR6WZKkk=
-16,-18,OrPRgoZyoB58PUlC+63FXsl3t3k=,xsw15gzzGefAeHPGrI9DR6WZKkk=
-1,-19,OrPRgoZyoB58PUlC+63FXsl3t3k=,xsw15gzzGefAeHPGrI9DR6WZKkk=
-2,-19,OrPRgoZyoB58PUlC+63FXsl3t3k=,xsw15gzzGefAeHPGrI9DR6WZKkk=
-9,-27,OrPRgoZyoB58PUlC+63FXsl3t3k=,xsw15gzzGefAeHPGrI9DR6WZKkk=
-3,-19,OrPRgoZyoB58PUlC+63FXsl3t3k=,xsw15gzzGefAeHPGrI9DR6WZKkk=
-4,-19,OrPRgoZyoB58PUlC+63FXsl3t3k=,xsw15gzzGefAeHPGrI9DR6WZKkk=
-8,-27,OrPRgoZyoB58PUlC+63FXsl3t3k=,xsw15gzzGefAeHPGrI9DR6WZKkk=
-5,-19,OrPRgoZyoB58PUlC+63FXsl3t3k=,xsw15gzzGefAeHPGrI9DR6WZKkk=
-7,-27,OrPRgoZyoB58PUlC+63FXsl3t3k=,xsw15gzzGefAeHPGrI9DR6WZKkk=
-6,-19,OrPRgoZyoB58PUlC+63FXsl3t3k=,xsw15gzzGefAeHPGrI9DR6WZKkk=
-7,-19,OrPRgoZyoB58PUlC+63FXsl3t3k=,xsw15gzzGefAeHPGrI9DR6WZKkk=
-8,-19,OrPRgoZyoB58PUlC+63FXsl3t3k=,xsw15gzzGefAeHPGrI9DR6WZKkk=
-6,-27,OrPRgoZyoB58PUlC+63FXsl3t3k=,xsw15gzzGefAeHPGrI9DR6WZKkk=
-9,-19,OrPRgoZyoB58PUlC+63FXsl3t3k=,xsw15gzzGefAeHPGrI9DR6WZKkk=
-12,-31,OrPRgoZyoB58PUlC+63FXsl3t3k=,xsw15gzzGefAeHPGrI9DR6WZKkk=
-11,-19,OrPRgoZyoB58PUlC+63FXsl3t3k=,xsw15gzzGefAeHPGrI9DR6WZKkk=
-10,-19,OrPRgoZyoB58PUlC+63FXsl3t3k=,xsw15gzzGefAeHPGrI9DR6WZKkk=
-16,-29,OrPRgoZyoB58PUlC+63FXsl3t3k=,xsw15gzzGefAeHPGrI9DR6WZKkk=
-13,-19,OrPRgoZyoB58PUlC+63FXsl3t3k=,xsw15gzzGefAeHPGrI9DR6WZKkk=
-12,-19,OrPRgoZyoB58PUlC+63FXsl3t3k=,xsw15gzzGefAeHPGrI9DR6WZKkk=
-1,-32,OrPRgoZyoB58PUlC+63FXsl3t3k=,xsw15gzzGefAeHPGrI9DR6WZKkk=
-9,-32,OrPRgoZyoB58PUlC+63FXsl3t3k=,xsw15gzzGefAeHPGrI9DR6WZKkk=
-3,-31,OrPRgoZyoB58PUlC+63FXsl3t3k=,xsw15gzzGefAeHPGrI9DR6WZKkk=
-8,-29,OrPRgoZyoB58PUlC+63FXsl3t3k=,xsw15gzzGefAeHPGrI9DR6WZKkk=
-14,-19,OrPRgoZyoB58PUlC+63FXsl3t3k=,xsw15gzzGefAeHPGrI9DR6WZKkk=
-5,-27,OrPRgoZyoB58PUlC+63FXsl3t3k=,xsw15gzzGefAeHPGrI9DR6WZKkk=
-15,-19,OrPRgoZyoB58PUlC+63FXsl3t3k=,xsw15gzzGefAeHPGrI9DR6WZKkk=
-4,-27,OrPRgoZyoB58PUlC+63FXsl3t3k=,xsw15gzzGefAeHPGrI9DR6WZKkk=
-16,-19,OrPRgoZyoB58PUlC+63FXsl3t3k=,xsw15gzzGefAeHPGrI9DR6WZKkk=
-4,-31,OrPRgoZyoB58PUlC+63FXsl3t3k=,xsw15gzzGefAeHPGrI9DR6WZKkk=
-3,-27,OrPRgoZyoB58PUlC+63FXsl3t3k=,xsw15gzzGefAeHPGrI9DR6WZKkk=
-1,-20,OrPRgoZyoB58PUlC+63FXsl3t3k=,xsw15gzzGefAeHPGrI9DR6WZKkk=
-2,-20,OrPRgoZyoB58PUlC+63FXsl3t3k=,xsw15gzzGefAeHPGrI9DR6WZKkk=
-2,-27,OrPRgoZyoB58PUlC+63FXsl3t3k=,xsw15gzzGefAeHPGrI9DR6WZKkk=
-3,-20,OrPRgoZyoB58PUlC+63FXsl3t3k=,xsw15gzzGefAeHPGrI9DR6WZKkk=
-4,-20,OrPRgoZyoB58PUlC+63FXsl3t3k=,xsw15gzzGefAeHPGrI9DR6WZKkk=
-1,-27,OrPRgoZyoB58PUlC+63FXsl3t3k=,xsw15gzzGefAeHPGrI9DR6WZKkk=
-5,-20,OrPRgoZyoB58PUlC+63FXsl3t3k=,xsw15gzzGefAeHPGrI9DR6WZKkk=
-6,-20,OrPRgoZyoB58PUlC+63FXsl3t3k=,xsw15gzzGefAeHPGrI9DR6WZKkk=
-11,-31,OrPRgoZyoB58PUlC+63FXsl3t3k=,xsw15gzzGefAeHPGrI9DR6WZKkk=
-7,-20,OrPRgoZyoB58PUlC+63FXsl3t3k=,xsw15gzzGefAeHPGrI9DR6WZKkk=
-8,-20,OrPRgoZyoB58PUlC+63FXsl3t3k=,xsw15gzzGefAeHPGrI9DR6WZKkk=
-16,-26,OrPRgoZyoB58PUlC+63FXsl3t3k=,xsw15gzzGefAeHPGrI9DR6WZKkk=
-9,-20,OrPRgoZyoB58PUlC+63FXsl3t3k=,xsw15gzzGefAeHPGrI9DR6WZKkk=
-15,-26,OrPRgoZyoB58PUlC+63FXsl3t3k=,xsw15gzzGefAeHPGrI9DR6WZKkk=
-10,-20,OrPRgoZyoB58PUlC+63FXsl3t3k=,xsw15gzzGefAeHPGrI9DR6WZKkk=
-11,-20,OrPRgoZyoB58PUlC+63FXsl3t3k=,xsw15gzzGefAeHPGrI9DR6WZKkk=
-14,-26,OrPRgoZyoB58PUlC+63FXsl3t3k=,xsw15gzzGefAeHPGrI9DR6WZKkk=
-12,-20,OrPRgoZyoB58PUlC+63FXsl3t3k=,xsw15gzzGefAeHPGrI9DR6WZKkk=
-2,-32,OrPRgoZyoB58PUlC+63FXsl3t3k=,xsw15gzzGefAeHPGrI9DR6WZKkk=
-13,-26,OrPRgoZyoB58PUlC+63FXsl3t3k=,xsw15gzzGefAeHPGrI9DR6WZKkk=
-9,-29,OrPRgoZyoB58PUlC+63FXsl3t3k=,xsw15gzzGefAeHPGrI9DR6WZKkk=
-12,-26,OrPRgoZyoB58PUlC+63FXsl3t3k=,xsw15gzzGefAeHPGrI9DR6WZKkk=
-13,-20,OrPRgoZyoB58PUlC+63FXsl3t3k=,xsw15gzzGefAeHPGrI9DR6WZKkk=
-14,-20,OrPRgoZyoB58PUlC+63FXsl3t3k=,xsw15gzzGefAeHPGrI9DR6WZKkk=
-11,-26,OrPRgoZyoB58PUlC+63FXsl3t3k=,xsw15gzzGefAeHPGrI9DR6WZKkk=
-15,-20,OrPRgoZyoB58PUlC+63FXsl3t3k=,xsw15gzzGefAeHPGrI9DR6WZKkk=
-16,-20,OrPRgoZyoB58PUlC+63FXsl3t3k=,xsw15gzzGefAeHPGrI9DR6WZKkk=
-10,-26,OrPRgoZyoB58PUlC+63FXsl3t3k=,xsw15gzzGefAeHPGrI9DR6WZKkk=
-5,-31,OrPRgoZyoB58PUlC+63FXsl3t3k=,xsw15gzzGefAeHPGrI9DR6WZKkk=
-1,-21,OrPRgoZyoB58PUlC+63FXsl3t3k=,xsw15gzzGefAeHPGrI9DR6WZKkk=
-9,-26,OrPRgoZyoB58PUlC+63FXsl3t3k=,xsw15gzzGefAeHPGrI9DR6WZKkk=
-2,-21,OrPRgoZyoB58PUlC+63FXsl3t3k=,xsw15gzzGefAeHPGrI9DR6WZKkk=
-3,-21,OrPRgoZyoB58PUlC+63FXsl3t3k=,xsw15gzzGefAeHPGrI9DR6WZKkk=
-8,-26,OrPRgoZyoB58PUlC+63FXsl3t3k=,xsw15gzzGefAeHPGrI9DR6WZKkk=
-4,-21,OrPRgoZyoB58PUlC+63FXsl3t3k=,xsw15gzzGefAeHPGrI9DR6WZKkk=
-5,-21,OrPRgoZyoB58PUlC+63FXsl3t3k=,xsw15gzzGefAeHPGrI9DR6WZKkk=
-7,-26,OrPRgoZyoB58PUlC+63FXsl3t3k=,xsw15gzzGefAeHPGrI9DR6WZKkk=
-6,-21,OrPRgoZyoB58PUlC+63FXsl3t3k=,xsw15gzzGefAeHPGrI9DR6WZKkk=
-7,-21,OrPRgoZyoB58PUlC+63FXsl3t3k=,xsw15gzzGefAeHPGrI9DR6WZKkk=
-8,-21,OrPRgoZyoB58PUlC+63FXsl3t3k=,xsw15gzzGefAeHPGrI9DR6WZKkk=
-15,-29,OrPRgoZyoB58PUlC+63FXsl3t3k=,xsw15gzzGefAeHPGrI9DR6WZKkk=
-9,-21,OrPRgoZyoB58PUlC+63FXsl3t3k=,xsw15gzzGefAeHPGrI9DR6WZKkk=
-8,-32,OrPRgoZyoB58PUlC+63FXsl3t3k=,xsw15gzzGefAeHPGrI9DR6WZKkk=
-10,-21,OrPRgoZyoB58PUlC+63FXsl3t3k=,xsw15gzzGefAeHPGrI9DR6WZKkk=
-6,-26,OrPRgoZyoB58PUlC+63FXsl3t3k=,xsw15gzzGefAeHPGrI9DR6WZKkk=
-11,-21,OrPRgoZyoB58PUlC+63FXsl3t3k=,xsw15gzzGefAeHPGrI9DR6WZKkk=
-3,-32,OrPRgoZyoB58PUlC+63FXsl3t3k=,xsw15gzzGefAeHPGrI9DR6WZKkk=
-5,-26,OrPRgoZyoB58PUlC+63FXsl3t3k=,xsw15gzzGefAeHPGrI9DR6WZKkk=
-10,-29,OrPRgoZyoB58PUlC+63FXsl3t3k=,xsw15gzzGefAeHPGrI9DR6WZKkk=
-12,-21,OrPRgoZyoB58PUlC+63FXsl3t3k=,xsw15gzzGefAeHPGrI9DR6WZKkk=
-4,-26,OrPRgoZyoB58PUlC+63FXsl3t3k=,xsw15gzzGefAeHPGrI9DR6WZKkk=
-13,-21,OrPRgoZyoB58PUlC+63FXsl3t3k=,xsw15gzzGefAeHPGrI9DR6WZKkk=
-14,-21,OrPRgoZyoB58PUlC+63FXsl3t3k=,xsw15gzzGefAeHPGrI9DR6WZKkk=
-3,-26,OrPRgoZyoB58PUlC+63FXsl3t3k=,xsw15gzzGefAeHPGrI9DR6WZKkk=
-15,-21,OrPRgoZyoB58PUlC+63FXsl3t3k=,xsw15gzzGefAeHPGrI9DR6WZKkk=
-16,-21,OrPRgoZyoB58PUlC+63FXsl3t3k=,xsw15gzzGefAeHPGrI9DR6WZKkk=
-2,-26,OrPRgoZyoB58PUlC+63FXsl3t3k=,xsw15gzzGefAeHPGrI9DR6WZKkk=
-6,-31,OrPRgoZyoB58PUlC+63FXsl3t3k=,xsw15gzzGefAeHPGrI9DR6WZKkk=
-1,-22,OrPRgoZyoB58PUlC+63FXsl3t3k=,xsw15gzzGefAeHPGrI9DR6WZKkk=
-1,-26,OrPRgoZyoB58PUlC+63FXsl3t3k=,xsw15gzzGefAeHPGrI9DR6WZKkk=
-2,-22,OrPRgoZyoB58PUlC+63FXsl3t3k=,xsw15gzzGefAeHPGrI9DR6WZKkk=
-10,-31,OrPRgoZyoB58PUlC+63FXsl3t3k=,xsw15gzzGefAeHPGrI9DR6WZKkk=
-3,-22,OrPRgoZyoB58PUlC+63FXsl3t3k=,xsw15gzzGefAeHPGrI9DR6WZKkk=
-4,-22,OrPRgoZyoB58PUlC+63FXsl3t3k=,xsw15gzzGefAeHPGrI9DR6WZKkk=
-16,-25,OrPRgoZyoB58PUlC+63FXsl3t3k=,xsw15gzzGefAeHPGrI9DR6WZKkk=
-5,-22,OrPRgoZyoB58PUlC+63FXsl3t3k=,xsw15gzzGefAeHPGrI9DR6WZKkk=
-6,-22,OrPRgoZyoB58PUlC+63FXsl3t3k=,xsw15gzzGefAeHPGrI9DR6WZKkk=
-15,-25,OrPRgoZyoB58PUlC+63FXsl3t3k=,xsw15gzzGefAeHPGrI9DR6WZKkk=
-7,-22,OrPRgoZyoB58PUlC+63FXsl3t3k=,xsw15gzzGefAeHPGrI9DR6WZKkk=
-8,-22,OrPRgoZyoB58PUlC+63FXsl3t3k=,xsw15gzzGefAeHPGrI9DR6WZKkk=
-14,-25,OrPRgoZyoB58PUlC+63FXsl3t3k=,xsw15gzzGefAeHPGrI9DR6WZKkk=
-9,-22,OrPRgoZyoB58PUlC+63FXsl3t3k=,xsw15gzzGefAeHPGrI9DR6WZKkk=
-10,-22,OrPRgoZyoB58PUlC+63FXsl3t3k=,xsw15gzzGefAeHPGrI9DR6WZKkk=
-13,-25,OrPRgoZyoB58PUlC+63FXsl3t3k=,xsw15gzzGefAeHPGrI9DR6WZKkk=
-4,-32,OrPRgoZyoB58PUlC+63FXsl3t3k=,xsw15gzzGefAeHPGrI9DR6WZKkk=
-11,-29,OrPRgoZyoB58PUlC+63FXsl3t3k=,xsw15gzzGefAeHPGrI9DR6WZKkk=
-11,-22,OrPRgoZyoB58PUlC+63FXsl3t3k=,xsw15gzzGefAeHPGrI9DR6WZKkk=
-12,-25,OrPRgoZyoB58PUlC+63FXsl3t3k=,xsw15gzzGefAeHPGrI9DR6WZKkk=
-12,-22,OrPRgoZyoB58PUlC+63FXsl3t3k=,xsw15gzzGefAeHPGrI9DR6WZKkk=
-11,-25,OrPRgoZyoB58PUlC+63FXsl3t3k=,xsw15gzzGefAeHPGrI9DR6WZKkk=
-13,-22,OrPRgoZyoB58PUlC+63FXsl3t3k=,xsw15gzzGefAeHPGrI9DR6WZKkk=
-10,-25,OrPRgoZyoB58PUlC+63FXsl3t3k=,xsw15gzzGefAeHPGrI9DR6WZKkk=
-14,-22,OrPRgoZyoB58PUlC+63FXsl3t3k=,xsw15gzzGefAeHPGrI9DR6WZKkk=
-15,-22,OrPRgoZyoB58PUlC+63FXsl3t3k=,xsw15gzzGefAeHPGrI9DR6WZKkk=
-9,-25,OrPRgoZyoB58PUlC+63FXsl3t3k=,xsw15gzzGefAeHPGrI9DR6WZKkk=
-16,-22,OrPRgoZyoB58PUlC+63FXsl3t3k=,xsw15gzzGefAeHPGrI9DR6WZKkk=
-7,-31,OrPRgoZyoB58PUlC+63FXsl3t3k=,xsw15gzzGefAeHPGrI9DR6WZKkk=
-1,-23,OrPRgoZyoB58PUlC+63FXsl3t3k=,xsw15gzzGefAeHPGrI9DR6WZKkk=
-8,-25,OrPRgoZyoB58PUlC+63FXsl3t3k=,xsw15gzzGefAeHPGrI9DR6WZKkk=
-2,-23,OrPRgoZyoB58PUlC+63FXsl3t3k=,xsw15gzzGefAeHPGrI9DR6WZKkk=
-3,-23,OrPRgoZyoB58PUlC+63FXsl3t3k=,xsw15gzzGefAeHPGrI9DR6WZKkk=
-14,-29,OrPRgoZyoB58PUlC+63FXsl3t3k=,xsw15gzzGefAeHPGrI9DR6WZKkk=
-4,-23,OrPRgoZyoB58PUlC+63FXsl3t3k=,xsw15gzzGefAeHPGrI9DR6WZKkk=
-7,-32,OrPRgoZyoB58PUlC+63FXsl3t3k=,xsw15gzzGefAeHPGrI9DR6WZKkk=
-5,-23,OrPRgoZyoB58PUlC+63FXsl3t3k=,xsw15gzzGefAeHPGrI9DR6WZKkk=
-6,-23,OrPRgoZyoB58PUlC+63FXsl3t3k=,xsw15gzzGefAeHPGrI9DR6WZKkk=
-7,-23,OrPRgoZyoB58PUlC+63FXsl3t3k=,xsw15gzzGefAeHPGrI9DR6WZKkk=
-8,-23,OrPRgoZyoB58PUlC+63FXsl3t3k=,xsw15gzzGefAeHPGrI9DR6WZKkk=
-7,-25,OrPRgoZyoB58PUlC+63FXsl3t3k=,xsw15gzzGefAeHPGrI9DR6WZKkk=
-9,-23,OrPRgoZyoB58PUlC+63FXsl3t3k=,xsw15gzzGefAeHPGrI9DR6WZKkk=
-6,-25,OrPRgoZyoB58PUlC+63FXsl3t3k=,xsw15gzzGefAeHPGrI9DR6WZKkk=
-5,-32,OrPRgoZyoB58PUlC+63FXsl3t3k=,xsw15gzzGefAeHPGrI9DR6WZKkk=
-12,-29,OrPRgoZyoB58PUlC+63FXsl3t3k=,xsw15gzzGefAeHPGrI9DR6WZKkk=
-5,-25,OrPRgoZyoB58PUlC+63FXsl3t3k=,xsw15gzzGefAeHPGrI9DR6WZKkk=
-10,-23,OrPRgoZyoB58PUlC+63FXsl3t3k=,xsw15gzzGefAeHPGrI9DR6WZKkk=
-11,-23,OrPRgoZyoB58PUlC+63FXsl3t3k=,xsw15gzzGefAeHPGrI9DR6WZKkk=
-12,-23,OrPRgoZyoB58PUlC+63FXsl3t3k=,xsw15gzzGefAeHPGrI9DR6WZKkk=
-4,-25,OrPRgoZyoB58PUlC+63FXsl3t3k=,xsw15gzzGefAeHPGrI9DR6WZKkk=
-13,-23,OrPRgoZyoB58PUlC+63FXsl3t3k=,xsw15gzzGefAeHPGrI9DR6WZKkk=
-14,-23,OrPRgoZyoB58PUlC+63FXsl3t3k=,xsw15gzzGefAeHPGrI9DR6WZKkk=
-16,-32,OrPRgoZyoB58PUlC+63FXsl3t3k=,xsw15gzzGefAeHPGrI9DR6WZKkk=
-15,-23,OrPRgoZyoB58PUlC+63FXsl3t3k=,xsw15gzzGefAeHPGrI9DR6WZKkk=
-3,-25,OrPRgoZyoB58PUlC+63FXsl3t3k=,xsw15gzzGefAeHPGrI9DR6WZKkk=
-8,-31,OrPRgoZyoB58PUlC+63FXsl3t3k=,xsw15gzzGefAeHPGrI9DR6WZKkk=
-16,-23,OrPRgoZyoB58PUlC+63FXsl3t3k=,xsw15gzzGefAeHPGrI9DR6WZKkk=
-2,-25,OrPRgoZyoB58PUlC+63FXsl3t3k=,xsw15gzzGefAeHPGrI9DR6WZKkk=
-1,-24,OrPRgoZyoB58PUlC+63FXsl3t3k=,xsw15gzzGefAeHPGrI9DR6WZKkk=
-2,-24,OrPRgoZyoB58PUlC+63FXsl3t3k=,xsw15gzzGefAeHPGrI9DR6WZKkk=
-3,-24,OrPRgoZyoB58PUlC+63FXsl3t3k=,xsw15gzzGefAeHPGrI9DR6WZKkk=
-1,-25,OrPRgoZyoB58PUlC+63FXsl3t3k=,xsw15gzzGefAeHPGrI9DR6WZKkk=
-9,-31,OrPRgoZyoB58PUlC+63FXsl3t3k=,xsw15gzzGefAeHPGrI9DR6WZKkk=
-4,-24,OrPRgoZyoB58PUlC+63FXsl3t3k=,xsw15gzzGefAeHPGrI9DR6WZKkk=
-5,-24,OrPRgoZyoB58PUlC+63FXsl3t3k=,xsw15gzzGefAeHPGrI9DR6WZKkk=
-6,-24,OrPRgoZyoB58PUlC+63FXsl3t3k=,xsw15gzzGefAeHPGrI9DR6WZKkk=
-16,-24,OrPRgoZyoB58PUlC+63FXsl3t3k=,xsw15gzzGefAeHPGrI9DR6WZKkk=
-7,-24,OrPRgoZyoB58PUlC+63FXsl3t3k=,xsw15gzzGefAeHPGrI9DR6WZKkk=
-8,-24,OrPRgoZyoB58PUlC+63FXsl3t3k=,xsw15gzzGefAeHPGrI9DR6WZKkk=
-15,-24,OrPRgoZyoB58PUlC+63FXsl3t3k=,xsw15gzzGefAeHPGrI9DR6WZKkk=
-6,-32,OrPRgoZyoB58PUlC+63FXsl3t3k=,xsw15gzzGefAeHPGrI9DR6WZKkk=
-13,-29,OrPRgoZyoB58PUlC+63FXsl3t3k=,xsw15gzzGefAeHPGrI9DR6WZKkk=
-14,-24,OrPRgoZyoB58PUlC+63FXsl3t3k=,xsw15gzzGefAeHPGrI9DR6WZKkk=
-9,-24,OrPRgoZyoB58PUlC+63FXsl3t3k=,xsw15gzzGefAeHPGrI9DR6WZKkk=
-10,-24,OrPRgoZyoB58PUlC+63FXsl3t3k=,xsw15gzzGefAeHPGrI9DR6WZKkk=
-13,-24,OrPRgoZyoB58PUlC+63FXsl3t3k=,xsw15gzzGefAeHPGrI9DR6WZKkk=
-11,-24,OrPRgoZyoB58PUlC+63FXsl3t3k=,xsw15gzzGefAeHPGrI9DR6WZKkk=
-12,-24,OrPRgoZyoB58PUlC+63FXsl3t3k=,xsw15gzzGefAeHPGrI9DR6WZKkk=
-17,-17,LPYb5dRBf+tkcdcHpTlKDoNkmFA=,fF+nNn5zFXJjsJPb1t3j4GIU5DM=
-29,-32,LPYb5dRBf+tkcdcHpTlKDoNkmFA=,fF+nNn5zFXJjsJPb1t3j4GIU5DM=
-18,-17,LPYb5dRBf+tkcdcHpTlKDoNkmFA=,fF+nNn5zFXJjsJPb1t3j4GIU5DM=
-19,-30,LPYb5dRBf+tkcdcHpTlKDoNkmFA=,fF+nNn5zFXJjsJPb1t3j4GIU5DM=
-19,-17,LPYb5dRBf+tkcdcHpTlKDoNkmFA=,fF+nNn5zFXJjsJPb1t3j4GIU5DM=
-20,-17,LPYb5dRBf+tkcdcHpTlKDoNkmFA=,fF+nNn5zFXJjsJPb1t3j4GIU5DM=
-21,-17,LPYb5dRBf+tkcdcHpTlKDoNkmFA=,fF+nNn5zFXJjsJPb1t3j4GIU5DM=
-22,-17,LPYb5dRBf+tkcdcHpTlKDoNkmFA=,fF+nNn5zFXJjsJPb1t3j4GIU5DM=
-18,-30,LPYb5dRBf+tkcdcHpTlKDoNkmFA=,fF+nNn5zFXJjsJPb1t3j4GIU5DM=
-17,-30,LPYb5dRBf+tkcdcHpTlKDoNkmFA=,fF+nNn5zFXJjsJPb1t3j4GIU5DM=
-23,-17,LPYb5dRBf+tkcdcHpTlKDoNkmFA=,fF+nNn5zFXJjsJPb1t3j4GIU5DM=
-24,-17,LPYb5dRBf+tkcdcHpTlKDoNkmFA=,fF+nNn5zFXJjsJPb1t3j4GIU5DM=
-32,-29,LPYb5dRBf+tkcdcHpTlKDoNkmFA=,fF+nNn5zFXJjsJPb1t3j4GIU5DM=
-31,-29,LPYb5dRBf+tkcdcHpTlKDoNkmFA=,fF+nNn5zFXJjsJPb1t3j4GIU5DM=
-25,-17,LPYb5dRBf+tkcdcHpTlKDoNkmFA=,fF+nNn5zFXJjsJPb1t3j4GIU5DM=
-30,-29,LPYb5dRBf+tkcdcHpTlKDoNkmFA=,fF+nNn5zFXJjsJPb1t3j4GIU5DM=
-26,-17,LPYb5dRBf+tkcdcHpTlKDoNkmFA=,fF+nNn5zFXJjsJPb1t3j4GIU5DM=
-27,-17,LPYb5dRBf+tkcdcHpTlKDoNkmFA=,fF+nNn5zFXJjsJPb1t3j4GIU5DM=
-29,-17,LPYb5dRBf+tkcdcHpTlKDoNkmFA=,fF+nNn5zFXJjsJPb1t3j4GIU5DM=
-32,-30,LPYb5dRBf+tkcdcHpTlKDoNkmFA=,fF+nNn5zFXJjsJPb1t3j4GIU5DM=
-30,-17,LPYb5dRBf+tkcdcHpTlKDoNkmFA=,fF+nNn5zFXJjsJPb1t3j4GIU5DM=
-28,-32,LPYb5dRBf+tkcdcHpTlKDoNkmFA=,fF+nNn5zFXJjsJPb1t3j4GIU5DM=
-31,-17,LPYb5dRBf+tkcdcHpTlKDoNkmFA=,fF+nNn5zFXJjsJPb1t3j4GIU5DM=
-29,-29,LPYb5dRBf+tkcdcHpTlKDoNkmFA=,fF+nNn5zFXJjsJPb1t3j4GIU5DM=
-28,-29,LPYb5dRBf+tkcdcHpTlKDoNkmFA=,fF+nNn5zFXJjsJPb1t3j4GIU5DM=
-17,-31,LPYb5dRBf+tkcdcHpTlKDoNkmFA=,fF+nNn5zFXJjsJPb1t3j4GIU5DM=
-31,-31,LPYb5dRBf+tkcdcHpTlKDoNkmFA=,fF+nNn5zFXJjsJPb1t3j4GIU5DM=
-27,-29,LPYb5dRBf+tkcdcHpTlKDoNkmFA=,fF+nNn5zFXJjsJPb1t3j4GIU5DM=
-26,-29,LPYb5dRBf+tkcdcHpTlKDoNkmFA=,fF+nNn5zFXJjsJPb1t3j4GIU5DM=
-18,-31,LPYb5dRBf+tkcdcHpTlKDoNkmFA=,fF+nNn5zFXJjsJPb1t3j4GIU5DM=
-25,-29,LPYb5dRBf+tkcdcHpTlKDoNkmFA=,fF+nNn5zFXJjsJPb1t3j4GIU5DM=
-19,-31,LPYb5dRBf+tkcdcHpTlKDoNkmFA=,fF+nNn5zFXJjsJPb1t3j4GIU5DM=
-24,-29,LPYb5dRBf+tkcdcHpTlKDoNkmFA=,fF+nNn5zFXJjsJPb1t3j4GIU5DM=
-20,-31,LPYb5dRBf+tkcdcHpTlKDoNkmFA=,fF+nNn5zFXJjsJPb1t3j4GIU5DM=
-23,-29,LPYb5dRBf+tkcdcHpTlKDoNkmFA=,fF+nNn5zFXJjsJPb1t3j4GIU5DM=
-21,-31,LPYb5dRBf+tkcdcHpTlKDoNkmFA=,fF+nNn5zFXJjsJPb1t3j4GIU5DM=
-22,-29,LPYb5dRBf+tkcdcHpTlKDoNkmFA=,fF+nNn5zFXJjsJPb1t3j4GIU5DM=
-22,-31,LPYb5dRBf+tkcdcHpTlKDoNkmFA=,fF+nNn5zFXJjsJPb1t3j4GIU5DM=
-21,-29,LPYb5dRBf+tkcdcHpTlKDoNkmFA=,fF+nNn5zFXJjsJPb1t3j4GIU5DM=
-23,-31,LPYb5dRBf+tkcdcHpTlKDoNkmFA=,fF+nNn5zFXJjsJPb1t3j4GIU5DM=
-20,-29,LPYb5dRBf+tkcdcHpTlKDoNkmFA=,fF+nNn5zFXJjsJPb1t3j4GIU5DM=
-24,-31,LPYb5dRBf+tkcdcHpTlKDoNkmFA=,fF+nNn5zFXJjsJPb1t3j4GIU5DM=
-19,-29,LPYb5dRBf+tkcdcHpTlKDoNkmFA=,fF+nNn5zFXJjsJPb1t3j4GIU5DM=
-25,-31,LPYb5dRBf+tkcdcHpTlKDoNkmFA=,fF+nNn5zFXJjsJPb1t3j4GIU5DM=
-18,-29,LPYb5dRBf+tkcdcHpTlKDoNkmFA=,fF+nNn5zFXJjsJPb1t3j4GIU5DM=
-26,-31,LPYb5dRBf+tkcdcHpTlKDoNkmFA=,fF+nNn5zFXJjsJPb1t3j4GIU5DM=
-28,-17,LPYb5dRBf+tkcdcHpTlKDoNkmFA=,fF+nNn5zFXJjsJPb1t3j4GIU5DM=
-31,-30,LPYb5dRBf+tkcdcHpTlKDoNkmFA=,fF+nNn5zFXJjsJPb1t3j4GIU5DM=
-27,-31,LPYb5dRBf+tkcdcHpTlKDoNkmFA=,fF+nNn5zFXJjsJPb1t3j4GIU5DM=
-17,-29,LPYb5dRBf+tkcdcHpTlKDoNkmFA=,fF+nNn5zFXJjsJPb1t3j4GIU5DM=
-32,-17,LPYb5dRBf+tkcdcHpTlKDoNkmFA=,fF+nNn5zFXJjsJPb1t3j4GIU5DM=
-32,-28,LPYb5dRBf+tkcdcHpTlKDoNkmFA=,fF+nNn5zFXJjsJPb1t3j4GIU5DM=
-29,-31,LPYb5dRBf+tkcdcHpTlKDoNkmFA=,fF+nNn5zFXJjsJPb1t3j4GIU5DM=
-31,-28,LPYb5dRBf+tkcdcHpTlKDoNkmFA=,fF+nNn5zFXJjsJPb1t3j4GIU5DM=
-30,-28,LPYb5dRBf+tkcdcHpTlKDoNkmFA=,fF+nNn5zFXJjsJPb1t3j4GIU5DM=
-28,-31,LPYb5dRBf+tkcdcHpTlKDoNkmFA=,fF+nNn5zFXJjsJPb1t3j4GIU5DM=
-29,-28,LPYb5dRBf+tkcdcHpTlKDoNkmFA=,fF+nNn5zFXJjsJPb1t3j4GIU5DM=
-30,-31,LPYb5dRBf+tkcdcHpTlKDoNkmFA=,fF+nNn5zFXJjsJPb1t3j4GIU5DM=
-30,-32,LPYb5dRBf+tkcdcHpTlKDoNkmFA=,fF+nNn5zFXJjsJPb1t3j4GIU5DM=
-18,-18,LPYb5dRBf+tkcdcHpTlKDoNkmFA=,fF+nNn5zFXJjsJPb1t3j4GIU5DM=
-30,-30,LPYb5dRBf+tkcdcHpTlKDoNkmFA=,fF+nNn5zFXJjsJPb1t3j4GIU5DM=
-20,-30,LPYb5dRBf+tkcdcHpTlKDoNkmFA=,fF+nNn5zFXJjsJPb1t3j4GIU5DM=
-19,-18,LPYb5dRBf+tkcdcHpTlKDoNkmFA=,fF+nNn5zFXJjsJPb1t3j4GIU5DM=
-27,-32,LPYb5dRBf+tkcdcHpTlKDoNkmFA=,fF+nNn5zFXJjsJPb1t3j4GIU5DM=
-20,-18,LPYb5dRBf+tkcdcHpTlKDoNkmFA=,fF+nNn5zFXJjsJPb1t3j4GIU5DM=
-17,-18,LPYb5dRBf+tkcdcHpTlKDoNkmFA=,fF+nNn5zFXJjsJPb1t3j4GIU5DM=
-28,-28,LPYb5dRBf+tkcdcHpTlKDoNkmFA=,fF+nNn5zFXJjsJPb1t3j4GIU5DM=
-21,-18,LPYb5dRBf+tkcdcHpTlKDoNkmFA=,fF+nNn5zFXJjsJPb1t3j4GIU5DM=
-22,-18,LPYb5dRBf+tkcdcHpTlKDoNkmFA=,fF+nNn5zFXJjsJPb1t3j4GIU5DM=
-27,-28,LPYb5dRBf+tkcdcHpTlKDoNkmFA=,fF+nNn5zFXJjsJPb1t3j4GIU5DM=
-23,-18,LPYb5dRBf+tkcdcHpTlKDoNkmFA=,fF+nNn5zFXJjsJPb1t3j4GIU5DM=
-24,-18,LPYb5dRBf+tkcdcHpTlKDoNkmFA=,fF+nNn5zFXJjsJPb1t3j4GIU5DM=
-26,-28,LPYb5dRBf+tkcdcHpTlKDoNkmFA=,fF+nNn5zFXJjsJPb1t3j4GIU5DM=
-25,-18,LPYb5dRBf+tkcdcHpTlKDoNkmFA=,fF+nNn5zFXJjsJPb1t3j4GIU5DM=
-26,-18,LPYb5dRBf+tkcdcHpTlKDoNkmFA=,fF+nNn5zFXJjsJPb1t3j4GIU5DM=
-25,-28,LPYb5dRBf+tkcdcHpTlKDoNkmFA=,fF+nNn5zFXJjsJPb1t3j4GIU5DM=
-27,-18,LPYb5dRBf+tkcdcHpTlKDoNkmFA=,fF+nNn5zFXJjsJPb1t3j4GIU5DM=
-28,-18,LPYb5dRBf+tkcdcHpTlKDoNkmFA=,fF+nNn5zFXJjsJPb1t3j4GIU5DM=
-24,-28,LPYb5dRBf+tkcdcHpTlKDoNkmFA=,fF+nNn5zFXJjsJPb1t3j4GIU5DM=
-23,-28,LPYb5dRBf+tkcdcHpTlKDoNkmFA=,fF+nNn5zFXJjsJPb1t3j4GIU5DM=
-22,-28,LPYb5dRBf+tkcdcHpTlKDoNkmFA=,fF+nNn5zFXJjsJPb1t3j4GIU5DM=
-21,-28,LPYb5dRBf+tkcdcHpTlKDoNkmFA=,fF+nNn5zFXJjsJPb1t3j4GIU5DM=
-30,-18,LPYb5dRBf+tkcdcHpTlKDoNkmFA=,fF+nNn5zFXJjsJPb1t3j4GIU5DM=
-20,-28,LPYb5dRBf+tkcdcHpTlKDoNkmFA=,fF+nNn5zFXJjsJPb1t3j4GIU5DM=
-19,-28,LPYb5dRBf+tkcdcHpTlKDoNkmFA=,fF+nNn5zFXJjsJPb1t3j4GIU5DM=
-29,-18,LPYb5dRBf+tkcdcHpTlKDoNkmFA=,fF+nNn5zFXJjsJPb1t3j4GIU5DM=
-18,-28,LPYb5dRBf+tkcdcHpTlKDoNkmFA=,fF+nNn5zFXJjsJPb1t3j4GIU5DM=
-26,-32,LPYb5dRBf+tkcdcHpTlKDoNkmFA=,fF+nNn5zFXJjsJPb1t3j4GIU5DM=
-17,-28,LPYb5dRBf+tkcdcHpTlKDoNkmFA=,fF+nNn5zFXJjsJPb1t3j4GIU5DM=
-31,-18,LPYb5dRBf+tkcdcHpTlKDoNkmFA=,fF+nNn5zFXJjsJPb1t3j4GIU5DM=
-32,-27,LPYb5dRBf+tkcdcHpTlKDoNkmFA=,fF+nNn5zFXJjsJPb1t3j4GIU5DM=
-32,-18,LPYb5dRBf+tkcdcHpTlKDoNkmFA=,fF+nNn5zFXJjsJPb1t3j4GIU5DM=
-31,-27,LPYb5dRBf+tkcdcHpTlKDoNkmFA=,fF+nNn5zFXJjsJPb1t3j4GIU5DM=
-17,-19,LPYb5dRBf+tkcdcHpTlKDoNkmFA=,fF+nNn5zFXJjsJPb1t3j4GIU5DM=
-18,-19,LPYb5dRBf+tkcdcHpTlKDoNkmFA=,fF+nNn5zFXJjsJPb1t3j4GIU5DM=
-32,-31,LPYb5dRBf+tkcdcHpTlKDoNkmFA=,fF+nNn5zFXJjsJPb1t3j4GIU5DM=
-30,-27,LPYb5dRBf+tkcdcHpTlKDoNkmFA=,fF+nNn5zFXJjsJPb1t3j4GIU5DM=
-17,-32,LPYb5dRBf+tkcdcHpTlKDoNkmFA=,fF+nNn5zFXJjsJPb1t3j4GIU5DM=
-19,-19,LPYb5dRBf+tkcdcHpTlKDoNkmFA=,fF+nNn5zFXJjsJPb1t3j4GIU5DM=
-29,-27,LPYb5dRBf+tkcdcHpTlKDoNkmFA=,fF+nNn5zFXJjsJPb1t3j4GIU5DM=
-20,-19,LPYb5dRBf+tkcdcHpTlKDoNkmFA=,fF+nNn5zFXJjsJPb1t3j4GIU5DM=
-21,-30,LPYb5dRBf+tkcdcHpTlKDoNkmFA=,fF+nNn5zFXJjsJPb1t3j4GIU5DM=
-28,-27,LPYb5dRBf+tkcdcHpTlKDoNkmFA=,fF+nNn5zFXJjsJPb1t3j4GIU5DM=
-22,-19,LPYb5dRBf+tkcdcHpTlKDoNkmFA=,fF+nNn5zFXJjsJPb1t3j4GIU5DM=
-21,-19,LPYb5dRBf+tkcdcHpTlKDoNkmFA=,fF+nNn5zFXJjsJPb1t3j4GIU5DM=
-29,-30,LPYb5dRBf+tkcdcHpTlKDoNkmFA=,fF+nNn5zFXJjsJPb1t3j4GIU5DM=
-25,-32,LPYb5dRBf+tkcdcHpTlKDoNkmFA=,fF+nNn5zFXJjsJPb1t3j4GIU5DM=
-23,-19,LPYb5dRBf+tkcdcHpTlKDoNkmFA=,fF+nNn5zFXJjsJPb1t3j4GIU5DM=
-24,-19,LPYb5dRBf+tkcdcHpTlKDoNkmFA=,fF+nNn5zFXJjsJPb1t3j4GIU5DM=
-25,-19,LPYb5dRBf+tkcdcHpTlKDoNkmFA=,fF+nNn5zFXJjsJPb1t3j4GIU5DM=
-27,-27,LPYb5dRBf+tkcdcHpTlKDoNkmFA=,fF+nNn5zFXJjsJPb1t3j4GIU5DM=
-26,-19,LPYb5dRBf+tkcdcHpTlKDoNkmFA=,fF+nNn5zFXJjsJPb1t3j4GIU5DM=
-26,-27,LPYb5dRBf+tkcdcHpTlKDoNkmFA=,fF+nNn5zFXJjsJPb1t3j4GIU5DM=
-28,-19,LPYb5dRBf+tkcdcHpTlKDoNkmFA=,fF+nNn5zFXJjsJPb1t3j4GIU5DM=
-25,-27,LPYb5dRBf+tkcdcHpTlKDoNkmFA=,fF+nNn5zFXJjsJPb1t3j4GIU5DM=
-24,-27,LPYb5dRBf+tkcdcHpTlKDoNkmFA=,fF+nNn5zFXJjsJPb1t3j4GIU5DM=
-23,-27,LPYb5dRBf+tkcdcHpTlKDoNkmFA=,fF+nNn5zFXJjsJPb1t3j4GIU5DM=
-22,-27,LPYb5dRBf+tkcdcHpTlKDoNkmFA=,fF+nNn5zFXJjsJPb1t3j4GIU5DM=
-21,-27,LPYb5dRBf+tkcdcHpTlKDoNkmFA=,fF+nNn5zFXJjsJPb1t3j4GIU5DM=
-20,-27,LPYb5dRBf+tkcdcHpTlKDoNkmFA=,fF+nNn5zFXJjsJPb1t3j4GIU5DM=
-19,-27,LPYb5dRBf+tkcdcHpTlKDoNkmFA=,fF+nNn5zFXJjsJPb1t3j4GIU5DM=
-18,-27,LPYb5dRBf+tkcdcHpTlKDoNkmFA=,fF+nNn5zFXJjsJPb1t3j4GIU5DM=
-17,-27,LPYb5dRBf+tkcdcHpTlKDoNkmFA=,fF+nNn5zFXJjsJPb1t3j4GIU5DM=
-32,-26,LPYb5dRBf+tkcdcHpTlKDoNkmFA=,fF+nNn5zFXJjsJPb1t3j4GIU5DM=
-31,-26,LPYb5dRBf+tkcdcHpTlKDoNkmFA=,fF+nNn5zFXJjsJPb1t3j4GIU5DM=
-30,-26,LPYb5dRBf+tkcdcHpTlKDoNkmFA=,fF+nNn5zFXJjsJPb1t3j4GIU5DM=
-29,-19,LPYb5dRBf+tkcdcHpTlKDoNkmFA=,fF+nNn5zFXJjsJPb1t3j4GIU5DM=
-27,-19,LPYb5dRBf+tkcdcHpTlKDoNkmFA=,fF+nNn5zFXJjsJPb1t3j4GIU5DM=
-29,-26,LPYb5dRBf+tkcdcHpTlKDoNkmFA=,fF+nNn5zFXJjsJPb1t3j4GIU5DM=
-28,-26,LPYb5dRBf+tkcdcHpTlKDoNkmFA=,fF+nNn5zFXJjsJPb1t3j4GIU5DM=
-27,-26,LPYb5dRBf+tkcdcHpTlKDoNkmFA=,fF+nNn5zFXJjsJPb1t3j4GIU5DM=
-28,-30,LPYb5dRBf+tkcdcHpTlKDoNkmFA=,fF+nNn5zFXJjsJPb1t3j4GIU5DM=
-24,-32,LPYb5dRBf+tkcdcHpTlKDoNkmFA=,fF+nNn5zFXJjsJPb1t3j4GIU5DM=
-26,-26,LPYb5dRBf+tkcdcHpTlKDoNkmFA=,fF+nNn5zFXJjsJPb1t3j4GIU5DM=
-25,-26,LPYb5dRBf+tkcdcHpTlKDoNkmFA=,fF+nNn5zFXJjsJPb1t3j4GIU5DM=
-24,-26,LPYb5dRBf+tkcdcHpTlKDoNkmFA=,fF+nNn5zFXJjsJPb1t3j4GIU5DM=
-23,-26,LPYb5dRBf+tkcdcHpTlKDoNkmFA=,fF+nNn5zFXJjsJPb1t3j4GIU5DM=
-30,-19,LPYb5dRBf+tkcdcHpTlKDoNkmFA=,fF+nNn5zFXJjsJPb1t3j4GIU5DM=
-22,-26,LPYb5dRBf+tkcdcHpTlKDoNkmFA=,fF+nNn5zFXJjsJPb1t3j4GIU5DM=
-21,-26,LPYb5dRBf+tkcdcHpTlKDoNkmFA=,fF+nNn5zFXJjsJPb1t3j4GIU5DM=
-20,-26,LPYb5dRBf+tkcdcHpTlKDoNkmFA=,fF+nNn5zFXJjsJPb1t3j4GIU5DM=
-19,-26,LPYb5dRBf+tkcdcHpTlKDoNkmFA=,fF+nNn5zFXJjsJPb1t3j4GIU5DM=
-18,-26,LPYb5dRBf+tkcdcHpTlKDoNkmFA=,fF+nNn5zFXJjsJPb1t3j4GIU5DM=
-17,-26,LPYb5dRBf+tkcdcHpTlKDoNkmFA=,fF+nNn5zFXJjsJPb1t3j4GIU5DM=
-32,-25,LPYb5dRBf+tkcdcHpTlKDoNkmFA=,fF+nNn5zFXJjsJPb1t3j4GIU5DM=
-31,-25,LPYb5dRBf+tkcdcHpTlKDoNkmFA=,fF+nNn5zFXJjsJPb1t3j4GIU5DM=
-30,-25,LPYb5dRBf+tkcdcHpTlKDoNkmFA=,fF+nNn5zFXJjsJPb1t3j4GIU5DM=
-29,-25,LPYb5dRBf+tkcdcHpTlKDoNkmFA=,fF+nNn5zFXJjsJPb1t3j4GIU5DM=
-28,-25,LPYb5dRBf+tkcdcHpTlKDoNkmFA=,fF+nNn5zFXJjsJPb1t3j4GIU5DM=
-32,-32,LPYb5dRBf+tkcdcHpTlKDoNkmFA=,fF+nNn5zFXJjsJPb1t3j4GIU5DM=
-27,-25,LPYb5dRBf+tkcdcHpTlKDoNkmFA=,fF+nNn5zFXJjsJPb1t3j4GIU5DM=
-26,-25,LPYb5dRBf+tkcdcHpTlKDoNkmFA=,fF+nNn5zFXJjsJPb1t3j4GIU5DM=
-27,-30,LPYb5dRBf+tkcdcHpTlKDoNkmFA=,fF+nNn5zFXJjsJPb1t3j4GIU5DM=
-23,-32,LPYb5dRBf+tkcdcHpTlKDoNkmFA=,fF+nNn5zFXJjsJPb1t3j4GIU5DM=
-25,-25,LPYb5dRBf+tkcdcHpTlKDoNkmFA=,fF+nNn5zFXJjsJPb1t3j4GIU5DM=
-24,-25,LPYb5dRBf+tkcdcHpTlKDoNkmFA=,fF+nNn5zFXJjsJPb1t3j4GIU5DM=
-23,-25,LPYb5dRBf+tkcdcHpTlKDoNkmFA=,fF+nNn5zFXJjsJPb1t3j4GIU5DM=
-22,-25,LPYb5dRBf+tkcdcHpTlKDoNkmFA=,fF+nNn5zFXJjsJPb1t3j4GIU5DM=
-21,-25,LPYb5dRBf+tkcdcHpTlKDoNkmFA=,fF+nNn5zFXJjsJPb1t3j4GIU5DM=
-20,-25,LPYb5dRBf+tkcdcHpTlKDoNkmFA=,fF+nNn5zFXJjsJPb1t3j4GIU5DM=
-19,-25,LPYb5dRBf+tkcdcHpTlKDoNkmFA=,fF+nNn5zFXJjsJPb1t3j4GIU5DM=
-18,-25,LPYb5dRBf+tkcdcHpTlKDoNkmFA=,fF+nNn5zFXJjsJPb1t3j4GIU5DM=
-17,-25,LPYb5dRBf+tkcdcHpTlKDoNkmFA=,fF+nNn5zFXJjsJPb1t3j4GIU5DM=
-32,-24,LPYb5dRBf+tkcdcHpTlKDoNkmFA=,fF+nNn5zFXJjsJPb1t3j4GIU5DM=
-31,-24,LPYb5dRBf+tkcdcHpTlKDoNkmFA=,fF+nNn5zFXJjsJPb1t3j4GIU5DM=
-30,-24,LPYb5dRBf+tkcdcHpTlKDoNkmFA=,fF+nNn5zFXJjsJPb1t3j4GIU5DM=
-29,-24,LPYb5dRBf+tkcdcHpTlKDoNkmFA=,fF+nNn5zFXJjsJPb1t3j4GIU5DM=
-28,-24,LPYb5dRBf+tkcdcHpTlKDoNkmFA=,fF+nNn5zFXJjsJPb1t3j4GIU5DM=
-27,-24,LPYb5dRBf+tkcdcHpTlKDoNkmFA=,fF+nNn5zFXJjsJPb1t3j4GIU5DM=
-26,-24,LPYb5dRBf+tkcdcHpTlKDoNkmFA=,fF+nNn5zFXJjsJPb1t3j4GIU5DM=
-25,-24,LPYb5dRBf+tkcdcHpTlKDoNkmFA=,fF+nNn5zFXJjsJPb1t3j4GIU5DM=
-24,-24,LPYb5dRBf+tkcdcHpTlKDoNkmFA=,fF+nNn5zFXJjsJPb1t3j4GIU5DM=
-26,-30,LPYb5dRBf+tkcdcHpTlKDoNkmFA=,fF+nNn5zFXJjsJPb1t3j4GIU5DM=
-22,-32,LPYb5dRBf+tkcdcHpTlKDoNkmFA=,fF+nNn5zFXJjsJPb1t3j4GIU5DM=
-23,-24,LPYb5dRBf+tkcdcHpTlKDoNkmFA=,fF+nNn5zFXJjsJPb1t3j4GIU5DM=
-22,-24,LPYb5dRBf+tkcdcHpTlKDoNkmFA=,fF+nNn5zFXJjsJPb1t3j4GIU5DM=
-21,-24,LPYb5dRBf+tkcdcHpTlKDoNkmFA=,fF+nNn5zFXJjsJPb1t3j4GIU5DM=
-20,-24,LPYb5dRBf+tkcdcHpTlKDoNkmFA=,fF+nNn5zFXJjsJPb1t3j4GIU5DM=
-19,-24,LPYb5dRBf+tkcdcHpTlKDoNkmFA=,fF+nNn5zFXJjsJPb1t3j4GIU5DM=
-18,-24,LPYb5dRBf+tkcdcHpTlKDoNkmFA=,fF+nNn5zFXJjsJPb1t3j4GIU5DM=
-17,-24,LPYb5dRBf+tkcdcHpTlKDoNkmFA=,fF+nNn5zFXJjsJPb1t3j4GIU5DM=
-32,-23,LPYb5dRBf+tkcdcHpTlKDoNkmFA=,fF+nNn5zFXJjsJPb1t3j4GIU5DM=
-31,-23,LPYb5dRBf+tkcdcHpTlKDoNkmFA=,fF+nNn5zFXJjsJPb1t3j4GIU5DM=
-30,-23,LPYb5dRBf+tkcdcHpTlKDoNkmFA=,fF+nNn5zFXJjsJPb1t3j4GIU5DM=
-29,-23,LPYb5dRBf+tkcdcHpTlKDoNkmFA=,fF+nNn5zFXJjsJPb1t3j4GIU5DM=
-28,-23,LPYb5dRBf+tkcdcHpTlKDoNkmFA=,fF+nNn5zFXJjsJPb1t3j4GIU5DM=
-27,-23,LPYb5dRBf+tkcdcHpTlKDoNkmFA=,fF+nNn5zFXJjsJPb1t3j4GIU5DM=
-26,-23,LPYb5dRBf+tkcdcHpTlKDoNkmFA=,fF+nNn5zFXJjsJPb1t3j4GIU5DM=
-25,-23,LPYb5dRBf+tkcdcHpTlKDoNkmFA=,fF+nNn5zFXJjsJPb1t3j4GIU5DM=
-24,-23,LPYb5dRBf+tkcdcHpTlKDoNkmFA=,fF+nNn5zFXJjsJPb1t3j4GIU5DM=
-25,-30,LPYb5dRBf+tkcdcHpTlKDoNkmFA=,fF+nNn5zFXJjsJPb1t3j4GIU5DM=
-21,-32,LPYb5dRBf+tkcdcHpTlKDoNkmFA=,fF+nNn5zFXJjsJPb1t3j4GIU5DM=
-23,-23,LPYb5dRBf+tkcdcHpTlKDoNkmFA=,fF+nNn5zFXJjsJPb1t3j4GIU5DM=
-22,-23,LPYb5dRBf+tkcdcHpTlKDoNkmFA=,fF+nNn5zFXJjsJPb1t3j4GIU5DM=
-21,-23,LPYb5dRBf+tkcdcHpTlKDoNkmFA=,fF+nNn5zFXJjsJPb1t3j4GIU5DM=
-20,-23,LPYb5dRBf+tkcdcHpTlKDoNkmFA=,fF+nNn5zFXJjsJPb1t3j4GIU5DM=
-19,-23,LPYb5dRBf+tkcdcHpTlKDoNkmFA=,fF+nNn5zFXJjsJPb1t3j4GIU5DM=
-18,-23,LPYb5dRBf+tkcdcHpTlKDoNkmFA=,fF+nNn5zFXJjsJPb1t3j4GIU5DM=
-17,-23,LPYb5dRBf+tkcdcHpTlKDoNkmFA=,fF+nNn5zFXJjsJPb1t3j4GIU5DM=
-32,-19,LPYb5dRBf+tkcdcHpTlKDoNkmFA=,fF+nNn5zFXJjsJPb1t3j4GIU5DM=
-31,-19,LPYb5dRBf+tkcdcHpTlKDoNkmFA=,fF+nNn5zFXJjsJPb1t3j4GIU5DM=
-17,-20,LPYb5dRBf+tkcdcHpTlKDoNkmFA=,fF+nNn5zFXJjsJPb1t3j4GIU5DM=
-31,-32,LPYb5dRBf+tkcdcHpTlKDoNkmFA=,fF+nNn5zFXJjsJPb1t3j4GIU5DM=
-19,-20,LPYb5dRBf+tkcdcHpTlKDoNkmFA=,fF+nNn5zFXJjsJPb1t3j4GIU5DM=
-18,-20,LPYb5dRBf+tkcdcHpTlKDoNkmFA=,fF+nNn5zFXJjsJPb1t3j4GIU5DM=
-20,-20,LPYb5dRBf+tkcdcHpTlKDoNkmFA=,fF+nNn5zFXJjsJPb1t3j4GIU5DM=
-18,-32,LPYb5dRBf+tkcdcHpTlKDoNkmFA=,fF+nNn5zFXJjsJPb1t3j4GIU5DM=
-22,-30,LPYb5dRBf+tkcdcHpTlKDoNkmFA=,fF+nNn5zFXJjsJPb1t3j4GIU5DM=
-21,-20,LPYb5dRBf+tkcdcHpTlKDoNkmFA=,fF+nNn5zFXJjsJPb1t3j4GIU5DM=
-23,-20,LPYb5dRBf+tkcdcHpTlKDoNkmFA=,fF+nNn5zFXJjsJPb1t3j4GIU5DM=
-22,-20,LPYb5dRBf+tkcdcHpTlKDoNkmFA=,fF+nNn5zFXJjsJPb1t3j4GIU5DM=
-24,-20,LPYb5dRBf+tkcdcHpTlKDoNkmFA=,fF+nNn5zFXJjsJPb1t3j4GIU5DM=
-25,-20,LPYb5dRBf+tkcdcHpTlKDoNkmFA=,fF+nNn5zFXJjsJPb1t3j4GIU5DM=
-26,-20,LPYb5dRBf+tkcdcHpTlKDoNkmFA=,fF+nNn5zFXJjsJPb1t3j4GIU5DM=
-28,-20,LPYb5dRBf+tkcdcHpTlKDoNkmFA=,fF+nNn5zFXJjsJPb1t3j4GIU5DM=
-29,-20,LPYb5dRBf+tkcdcHpTlKDoNkmFA=,fF+nNn5zFXJjsJPb1t3j4GIU5DM=
-27,-20,LPYb5dRBf+tkcdcHpTlKDoNkmFA=,fF+nNn5zFXJjsJPb1t3j4GIU5DM=
-30,-20,LPYb5dRBf+tkcdcHpTlKDoNkmFA=,fF+nNn5zFXJjsJPb1t3j4GIU5DM=
-32,-22,LPYb5dRBf+tkcdcHpTlKDoNkmFA=,fF+nNn5zFXJjsJPb1t3j4GIU5DM=
-32,-20,LPYb5dRBf+tkcdcHpTlKDoNkmFA=,fF+nNn5zFXJjsJPb1t3j4GIU5DM=
-17,-21,LPYb5dRBf+tkcdcHpTlKDoNkmFA=,fF+nNn5zFXJjsJPb1t3j4GIU5DM=
-19,-21,LPYb5dRBf+tkcdcHpTlKDoNkmFA=,fF+nNn5zFXJjsJPb1t3j4GIU5DM=
-18,-21,LPYb5dRBf+tkcdcHpTlKDoNkmFA=,fF+nNn5zFXJjsJPb1t3j4GIU5DM=
-20,-21,LPYb5dRBf+tkcdcHpTlKDoNkmFA=,fF+nNn5zFXJjsJPb1t3j4GIU5DM=
-21,-21,LPYb5dRBf+tkcdcHpTlKDoNkmFA=,fF+nNn5zFXJjsJPb1t3j4GIU5DM=
-19,-32,LPYb5dRBf+tkcdcHpTlKDoNkmFA=,fF+nNn5zFXJjsJPb1t3j4GIU5DM=
-23,-30,LPYb5dRBf+tkcdcHpTlKDoNkmFA=,fF+nNn5zFXJjsJPb1t3j4GIU5DM=
-22,-21,LPYb5dRBf+tkcdcHpTlKDoNkmFA=,fF+nNn5zFXJjsJPb1t3j4GIU5DM=
-23,-21,LPYb5dRBf+tkcdcHpTlKDoNkmFA=,fF+nNn5zFXJjsJPb1t3j4GIU5DM=
-24,-21,LPYb5dRBf+tkcdcHpTlKDoNkmFA=,fF+nNn5zFXJjsJPb1t3j4GIU5DM=
-25,-21,LPYb5dRBf+tkcdcHpTlKDoNkmFA=,fF+nNn5zFXJjsJPb1t3j4GIU5DM=
-26,-21,LPYb5dRBf+tkcdcHpTlKDoNkmFA=,fF+nNn5zFXJjsJPb1t3j4GIU5DM=
-31,-20,LPYb5dRBf+tkcdcHpTlKDoNkmFA=,fF+nNn5zFXJjsJPb1t3j4GIU5DM=
-27,-21,LPYb5dRBf+tkcdcHpTlKDoNkmFA=,fF+nNn5zFXJjsJPb1t3j4GIU5DM=
-28,-21,LPYb5dRBf+tkcdcHpTlKDoNkmFA=,fF+nNn5zFXJjsJPb1t3j4GIU5DM=
-29,-21,LPYb5dRBf+tkcdcHpTlKDoNkmFA=,fF+nNn5zFXJjsJPb1t3j4GIU5DM=
-17,-22,LPYb5dRBf+tkcdcHpTlKDoNkmFA=,fF+nNn5zFXJjsJPb1t3j4GIU5DM=
-18,-22,LPYb5dRBf+tkcdcHpTlKDoNkmFA=,fF+nNn5zFXJjsJPb1t3j4GIU5DM=
-19,-22,LPYb5dRBf+tkcdcHpTlKDoNkmFA=,fF+nNn5zFXJjsJPb1t3j4GIU5DM=
-20,-22,LPYb5dRBf+tkcdcHpTlKDoNkmFA=,fF+nNn5zFXJjsJPb1t3j4GIU5DM=
-21,-22,LPYb5dRBf+tkcdcHpTlKDoNkmFA=,fF+nNn5zFXJjsJPb1t3j4GIU5DM=
-22,-22,LPYb5dRBf+tkcdcHpTlKDoNkmFA=,fF+nNn5zFXJjsJPb1t3j4GIU5DM=
-20,-32,LPYb5dRBf+tkcdcHpTlKDoNkmFA=,fF+nNn5zFXJjsJPb1t3j4GIU5DM=
-24,-30,LPYb5dRBf+tkcdcHpTlKDoNkmFA=,fF+nNn5zFXJjsJPb1t3j4GIU5DM=
-23,-22,LPYb5dRBf+tkcdcHpTlKDoNkmFA=,fF+nNn5zFXJjsJPb1t3j4GIU5DM=
-24,-22,LPYb5dRBf+tkcdcHpTlKDoNkmFA=,fF+nNn5zFXJjsJPb1t3j4GIU5DM=
-25,-22,LPYb5dRBf+tkcdcHpTlKDoNkmFA=,fF+nNn5zFXJjsJPb1t3j4GIU5DM=
-26,-22,LPYb5dRBf+tkcdcHpTlKDoNkmFA=,fF+nNn5zFXJjsJPb1t3j4GIU5DM=
-30,-21,LPYb5dRBf+tkcdcHpTlKDoNkmFA=,fF+nNn5zFXJjsJPb1t3j4GIU5DM=
-27,-22,LPYb5dRBf+tkcdcHpTlKDoNkmFA=,fF+nNn5zFXJjsJPb1t3j4GIU5DM=
-28,-22,LPYb5dRBf+tkcdcHpTlKDoNkmFA=,fF+nNn5zFXJjsJPb1t3j4GIU5DM=
-29,-22,LPYb5dRBf+tkcdcHpTlKDoNkmFA=,fF+nNn5zFXJjsJPb1t3j4GIU5DM=
-31,-22,LPYb5dRBf+tkcdcHpTlKDoNkmFA=,fF+nNn5zFXJjsJPb1t3j4GIU5DM=
-32,-21,LPYb5dRBf+tkcdcHpTlKDoNkmFA=,fF+nNn5zFXJjsJPb1t3j4GIU5DM=
-31,-21,LPYb5dRBf+tkcdcHpTlKDoNkmFA=,fF+nNn5zFXJjsJPb1t3j4GIU5DM=
-30,-22,LPYb5dRBf+tkcdcHpTlKDoNkmFA=,fF+nNn5zFXJjsJPb1t3j4GIU5DM=
-19,-14,LPYb5dRBf+tkcdcHpTlKDoNkmFA=,PihQu8KRQSUhJ3CHm5OvKkkbd8g=
-17,-15,LPYb5dRBf+tkcdcHpTlKDoNkmFA=,PihQu8KRQSUhJ3CHm5OvKkkbd8g=
-17,-1,LPYb5dRBf+tkcdcHpTlKDoNkmFA=,PihQu8KRQSUhJ3CHm5OvKkkbd8g=
-20,-14,LPYb5dRBf+tkcdcHpTlKDoNkmFA=,PihQu8KRQSUhJ3CHm5OvKkkbd8g=
-22,-14,LPYb5dRBf+tkcdcHpTlKDoNkmFA=,PihQu8KRQSUhJ3CHm5OvKkkbd8g=
-21,-14,LPYb5dRBf+tkcdcHpTlKDoNkmFA=,PihQu8KRQSUhJ3CHm5OvKkkbd8g=
-23,-14,LPYb5dRBf+tkcdcHpTlKDoNkmFA=,PihQu8KRQSUhJ3CHm5OvKkkbd8g=
-24,-14,LPYb5dRBf+tkcdcHpTlKDoNkmFA=,PihQu8KRQSUhJ3CHm5OvKkkbd8g=
-25,-14,LPYb5dRBf+tkcdcHpTlKDoNkmFA=,PihQu8KRQSUhJ3CHm5OvKkkbd8g=
-26,-14,LPYb5dRBf+tkcdcHpTlKDoNkmFA=,PihQu8KRQSUhJ3CHm5OvKkkbd8g=
-27,-14,LPYb5dRBf+tkcdcHpTlKDoNkmFA=,PihQu8KRQSUhJ3CHm5OvKkkbd8g=
-20,-13,LPYb5dRBf+tkcdcHpTlKDoNkmFA=,PihQu8KRQSUhJ3CHm5OvKkkbd8g=
-28,-14,LPYb5dRBf+tkcdcHpTlKDoNkmFA=,PihQu8KRQSUhJ3CHm5OvKkkbd8g=
-18,-14,LPYb5dRBf+tkcdcHpTlKDoNkmFA=,PihQu8KRQSUhJ3CHm5OvKkkbd8g=
-29,-14,LPYb5dRBf+tkcdcHpTlKDoNkmFA=,PihQu8KRQSUhJ3CHm5OvKkkbd8g=
-29,-16,LPYb5dRBf+tkcdcHpTlKDoNkmFA=,PihQu8KRQSUhJ3CHm5OvKkkbd8g=
-28,-16,LPYb5dRBf+tkcdcHpTlKDoNkmFA=,PihQu8KRQSUhJ3CHm5OvKkkbd8g=
-19,-13,LPYb5dRBf+tkcdcHpTlKDoNkmFA=,PihQu8KRQSUhJ3CHm5OvKkkbd8g=
-18,-13,LPYb5dRBf+tkcdcHpTlKDoNkmFA=,PihQu8KRQSUhJ3CHm5OvKkkbd8g=
-27,-16,LPYb5dRBf+tkcdcHpTlKDoNkmFA=,PihQu8KRQSUhJ3CHm5OvKkkbd8g=
-30,-15,LPYb5dRBf+tkcdcHpTlKDoNkmFA=,PihQu8KRQSUhJ3CHm5OvKkkbd8g=
-17,-13,LPYb5dRBf+tkcdcHpTlKDoNkmFA=,PihQu8KRQSUhJ3CHm5OvKkkbd8g=
-31,-14,LPYb5dRBf+tkcdcHpTlKDoNkmFA=,PihQu8KRQSUhJ3CHm5OvKkkbd8g=
-30,-14,LPYb5dRBf+tkcdcHpTlKDoNkmFA=,PihQu8KRQSUhJ3CHm5OvKkkbd8g=
-21,-13,LPYb5dRBf+tkcdcHpTlKDoNkmFA=,PihQu8KRQSUhJ3CHm5OvKkkbd8g=
-18,-1,LPYb5dRBf+tkcdcHpTlKDoNkmFA=,PihQu8KRQSUhJ3CHm5OvKkkbd8g=
-19,-1,LPYb5dRBf+tkcdcHpTlKDoNkmFA=,PihQu8KRQSUhJ3CHm5OvKkkbd8g=
-20,-1,LPYb5dRBf+tkcdcHpTlKDoNkmFA=,PihQu8KRQSUhJ3CHm5OvKkkbd8g=
-21,-1,LPYb5dRBf+tkcdcHpTlKDoNkmFA=,PihQu8KRQSUhJ3CHm5OvKkkbd8g=
-22,-1,LPYb5dRBf+tkcdcHpTlKDoNkmFA=,PihQu8KRQSUhJ3CHm5OvKkkbd8g=
-23,-1,LPYb5dRBf+tkcdcHpTlKDoNkmFA=,PihQu8KRQSUhJ3CHm5OvKkkbd8g=
-24,-1,LPYb5dRBf+tkcdcHpTlKDoNkmFA=,PihQu8KRQSUhJ3CHm5OvKkkbd8g=
-25,-1,LPYb5dRBf+tkcdcHpTlKDoNkmFA=,PihQu8KRQSUhJ3CHm5OvKkkbd8g=
-26,-1,LPYb5dRBf+tkcdcHpTlKDoNkmFA=,PihQu8KRQSUhJ3CHm5OvKkkbd8g=
-27,-1,LPYb5dRBf+tkcdcHpTlKDoNkmFA=,PihQu8KRQSUhJ3CHm5OvKkkbd8g=
-28,-1,LPYb5dRBf+tkcdcHpTlKDoNkmFA=,PihQu8KRQSUhJ3CHm5OvKkkbd8g=
-29,-1,LPYb5dRBf+tkcdcHpTlKDoNkmFA=,PihQu8KRQSUhJ3CHm5OvKkkbd8g=
-30,-16,LPYb5dRBf+tkcdcHpTlKDoNkmFA=,PihQu8KRQSUhJ3CHm5OvKkkbd8g=
-30,-1,LPYb5dRBf+tkcdcHpTlKDoNkmFA=,PihQu8KRQSUhJ3CHm5OvKkkbd8g=
-22,-13,LPYb5dRBf+tkcdcHpTlKDoNkmFA=,PihQu8KRQSUhJ3CHm5OvKkkbd8g=
-31,-1,LPYb5dRBf+tkcdcHpTlKDoNkmFA=,PihQu8KRQSUhJ3CHm5OvKkkbd8g=
-18,-15,LPYb5dRBf+tkcdcHpTlKDoNkmFA=,PihQu8KRQSUhJ3CHm5OvKkkbd8g=
-32,-12,LPYb5dRBf+tkcdcHpTlKDoNkmFA=,PihQu8KRQSUhJ3CHm5OvKkkbd8g=
-32,-1,LPYb5dRBf+tkcdcHpTlKDoNkmFA=,PihQu8KRQSUhJ3CHm5OvKkkbd8g=
-17,-2,LPYb5dRBf+tkcdcHpTlKDoNkmFA=,PihQu8KRQSUhJ3CHm5OvKkkbd8g=
-18,-2,LPYb5dRBf+tkcdcHpTlKDoNkmFA=,PihQu8KRQSUhJ3CHm5OvKkkbd8g=
-19,-2,LPYb5dRBf+tkcdcHpTlKDoNkmFA=,PihQu8KRQSUhJ3CHm5OvKkkbd8g=
-20,-2,LPYb5dRBf+tkcdcHpTlKDoNkmFA=,PihQu8KRQSUhJ3CHm5OvKkkbd8g=
-21,-2,LPYb5dRBf+tkcdcHpTlKDoNkmFA=,PihQu8KRQSUhJ3CHm5OvKkkbd8g=
-22,-2,LPYb5dRBf+tkcdcHpTlKDoNkmFA=,PihQu8KRQSUhJ3CHm5OvKkkbd8g=
-23,-2,LPYb5dRBf+tkcdcHpTlKDoNkmFA=,PihQu8KRQSUhJ3CHm5OvKkkbd8g=
-24,-2,LPYb5dRBf+tkcdcHpTlKDoNkmFA=,PihQu8KRQSUhJ3CHm5OvKkkbd8g=
-25,-2,LPYb5dRBf+tkcdcHpTlKDoNkmFA=,PihQu8KRQSUhJ3CHm5OvKkkbd8g=
-26,-2,LPYb5dRBf+tkcdcHpTlKDoNkmFA=,PihQu8KRQSUhJ3CHm5OvKkkbd8g=
-27,-2,LPYb5dRBf+tkcdcHpTlKDoNkmFA=,PihQu8KRQSUhJ3CHm5OvKkkbd8g=
-28,-2,LPYb5dRBf+tkcdcHpTlKDoNkmFA=,PihQu8KRQSUhJ3CHm5OvKkkbd8g=
-29,-2,LPYb5dRBf+tkcdcHpTlKDoNkmFA=,PihQu8KRQSUhJ3CHm5OvKkkbd8g=
-30,-2,LPYb5dRBf+tkcdcHpTlKDoNkmFA=,PihQu8KRQSUhJ3CHm5OvKkkbd8g=
-31,-12,LPYb5dRBf+tkcdcHpTlKDoNkmFA=,PihQu8KRQSUhJ3CHm5OvKkkbd8g=
-32,-14,LPYb5dRBf+tkcdcHpTlKDoNkmFA=,PihQu8KRQSUhJ3CHm5OvKkkbd8g=
-23,-13,LPYb5dRBf+tkcdcHpTlKDoNkmFA=,PihQu8KRQSUhJ3CHm5OvKkkbd8g=
-31,-2,LPYb5dRBf+tkcdcHpTlKDoNkmFA=,PihQu8KRQSUhJ3CHm5OvKkkbd8g=
-31,-15,LPYb5dRBf+tkcdcHpTlKDoNkmFA=,PihQu8KRQSUhJ3CHm5OvKkkbd8g=
-32,-2,LPYb5dRBf+tkcdcHpTlKDoNkmFA=,PihQu8KRQSUhJ3CHm5OvKkkbd8g=
-17,-3,LPYb5dRBf+tkcdcHpTlKDoNkmFA=,PihQu8KRQSUhJ3CHm5OvKkkbd8g=
-18,-3,LPYb5dRBf+tkcdcHpTlKDoNkmFA=,PihQu8KRQSUhJ3CHm5OvKkkbd8g=
-31,-16,LPYb5dRBf+tkcdcHpTlKDoNkmFA=,PihQu8KRQSUhJ3CHm5OvKkkbd8g=
-19,-3,LPYb5dRBf+tkcdcHpTlKDoNkmFA=,PihQu8KRQSUhJ3CHm5OvKkkbd8g=
-20,-3,LPYb5dRBf+tkcdcHpTlKDoNkmFA=,PihQu8KRQSUhJ3CHm5OvKkkbd8g=
-21,-3,LPYb5dRBf+tkcdcHpTlKDoNkmFA=,PihQu8KRQSUhJ3CHm5OvKkkbd8g=
-22,-3,LPYb5dRBf+tkcdcHpTlKDoNkmFA=,PihQu8KRQSUhJ3CHm5OvKkkbd8g=
-23,-3,LPYb5dRBf+tkcdcHpTlKDoNkmFA=,PihQu8KRQSUhJ3CHm5OvKkkbd8g=
-24,-3,LPYb5dRBf+tkcdcHpTlKDoNkmFA=,PihQu8KRQSUhJ3CHm5OvKkkbd8g=
-27,-3,LPYb5dRBf+tkcdcHpTlKDoNkmFA=,PihQu8KRQSUhJ3CHm5OvKkkbd8g=
-25,-3,LPYb5dRBf+tkcdcHpTlKDoNkmFA=,PihQu8KRQSUhJ3CHm5OvKkkbd8g=
-26,-3,LPYb5dRBf+tkcdcHpTlKDoNkmFA=,PihQu8KRQSUhJ3CHm5OvKkkbd8g=
-29,-3,LPYb5dRBf+tkcdcHpTlKDoNkmFA=,PihQu8KRQSUhJ3CHm5OvKkkbd8g=
-28,-3,LPYb5dRBf+tkcdcHpTlKDoNkmFA=,PihQu8KRQSUhJ3CHm5OvKkkbd8g=
-19,-15,LPYb5dRBf+tkcdcHpTlKDoNkmFA=,PihQu8KRQSUhJ3CHm5OvKkkbd8g=
-17,-16,LPYb5dRBf+tkcdcHpTlKDoNkmFA=,PihQu8KRQSUhJ3CHm5OvKkkbd8g=
-24,-13,LPYb5dRBf+tkcdcHpTlKDoNkmFA=,PihQu8KRQSUhJ3CHm5OvKkkbd8g=
-30,-3,LPYb5dRBf+tkcdcHpTlKDoNkmFA=,PihQu8KRQSUhJ3CHm5OvKkkbd8g=
-20,-15,LPYb5dRBf+tkcdcHpTlKDoNkmFA=,PihQu8KRQSUhJ3CHm5OvKkkbd8g=
-17,-4,LPYb5dRBf+tkcdcHpTlKDoNkmFA=,PihQu8KRQSUhJ3CHm5OvKkkbd8g=
-18,-4,LPYb5dRBf+tkcdcHpTlKDoNkmFA=,PihQu8KRQSUhJ3CHm5OvKkkbd8g=
-19,-4,LPYb5dRBf+tkcdcHpTlKDoNkmFA=,PihQu8KRQSUhJ3CHm5OvKkkbd8g=
-20,-4,LPYb5dRBf+tkcdcHpTlKDoNkmFA=,PihQu8KRQSUhJ3CHm5OvKkkbd8g=
-31,-3,LPYb5dRBf+tkcdcHpTlKDoNkmFA=,PihQu8KRQSUhJ3CHm5OvKkkbd8g=
-21,-4,LPYb5dRBf+tkcdcHpTlKDoNkmFA=,PihQu8KRQSUhJ3CHm5OvKkkbd8g=
-22,-4,LPYb5dRBf+tkcdcHpTlKDoNkmFA=,PihQu8KRQSUhJ3CHm5OvKkkbd8g=
-23,-4,LPYb5dRBf+tkcdcHpTlKDoNkmFA=,PihQu8KRQSUhJ3CHm5OvKkkbd8g=
-24,-4,LPYb5dRBf+tkcdcHpTlKDoNkmFA=,PihQu8KRQSUhJ3CHm5OvKkkbd8g=
-25,-4,LPYb5dRBf+tkcdcHpTlKDoNkmFA=,PihQu8KRQSUhJ3CHm5OvKkkbd8g=
-27,-4,LPYb5dRBf+tkcdcHpTlKDoNkmFA=,PihQu8KRQSUhJ3CHm5OvKkkbd8g=
-26,-4,LPYb5dRBf+tkcdcHpTlKDoNkmFA=,PihQu8KRQSUhJ3CHm5OvKkkbd8g=
-28,-4,LPYb5dRBf+tkcdcHpTlKDoNkmFA=,PihQu8KRQSUhJ3CHm5OvKkkbd8g=
-18,-16,LPYb5dRBf+tkcdcHpTlKDoNkmFA=,PihQu8KRQSUhJ3CHm5OvKkkbd8g=
-25,-13,LPYb5dRBf+tkcdcHpTlKDoNkmFA=,PihQu8KRQSUhJ3CHm5OvKkkbd8g=
-29,-4,LPYb5dRBf+tkcdcHpTlKDoNkmFA=,PihQu8KRQSUhJ3CHm5OvKkkbd8g=
-32,-3,LPYb5dRBf+tkcdcHpTlKDoNkmFA=,PihQu8KRQSUhJ3CHm5OvKkkbd8g=
-30,-4,LPYb5dRBf+tkcdcHpTlKDoNkmFA=,PihQu8KRQSUhJ3CHm5OvKkkbd8g=
-21,-15,LPYb5dRBf+tkcdcHpTlKDoNkmFA=,PihQu8KRQSUhJ3CHm5OvKkkbd8g=
-17,-5,LPYb5dRBf+tkcdcHpTlKDoNkmFA=,PihQu8KRQSUhJ3CHm5OvKkkbd8g=
-18,-5,LPYb5dRBf+tkcdcHpTlKDoNkmFA=,PihQu8KRQSUhJ3CHm5OvKkkbd8g=
-19,-5,LPYb5dRBf+tkcdcHpTlKDoNkmFA=,PihQu8KRQSUhJ3CHm5OvKkkbd8g=
-20,-5,LPYb5dRBf+tkcdcHpTlKDoNkmFA=,PihQu8KRQSUhJ3CHm5OvKkkbd8g=
-21,-5,LPYb5dRBf+tkcdcHpTlKDoNkmFA=,PihQu8KRQSUhJ3CHm5OvKkkbd8g=
-22,-5,LPYb5dRBf+tkcdcHpTlKDoNkmFA=,PihQu8KRQSUhJ3CHm5OvKkkbd8g=
-23,-5,LPYb5dRBf+tkcdcHpTlKDoNkmFA=,PihQu8KRQSUhJ3CHm5OvKkkbd8g=
-24,-5,LPYb5dRBf+tkcdcHpTlKDoNkmFA=,PihQu8KRQSUhJ3CHm5OvKkkbd8g=
-25,-5,LPYb5dRBf+tkcdcHpTlKDoNkmFA=,PihQu8KRQSUhJ3CHm5OvKkkbd8g=
-26,-5,LPYb5dRBf+tkcdcHpTlKDoNkmFA=,PihQu8KRQSUhJ3CHm5OvKkkbd8g=
-27,-5,LPYb5dRBf+tkcdcHpTlKDoNkmFA=,PihQu8KRQSUhJ3CHm5OvKkkbd8g=
-19,-16,LPYb5dRBf+tkcdcHpTlKDoNkmFA=,PihQu8KRQSUhJ3CHm5OvKkkbd8g=
-26,-13,LPYb5dRBf+tkcdcHpTlKDoNkmFA=,PihQu8KRQSUhJ3CHm5OvKkkbd8g=
-28,-5,LPYb5dRBf+tkcdcHpTlKDoNkmFA=,PihQu8KRQSUhJ3CHm5OvKkkbd8g=
-29,-5,LPYb5dRBf+tkcdcHpTlKDoNkmFA=,PihQu8KRQSUhJ3CHm5OvKkkbd8g=
-30,-5,LPYb5dRBf+tkcdcHpTlKDoNkmFA=,PihQu8KRQSUhJ3CHm5OvKkkbd8g=
-22,-15,LPYb5dRBf+tkcdcHpTlKDoNkmFA=,PihQu8KRQSUhJ3CHm5OvKkkbd8g=
-32,-4,LPYb5dRBf+tkcdcHpTlKDoNkmFA=,PihQu8KRQSUhJ3CHm5OvKkkbd8g=
-17,-6,LPYb5dRBf+tkcdcHpTlKDoNkmFA=,PihQu8KRQSUhJ3CHm5OvKkkbd8g=
-18,-6,LPYb5dRBf+tkcdcHpTlKDoNkmFA=,PihQu8KRQSUhJ3CHm5OvKkkbd8g=
-19,-6,LPYb5dRBf+tkcdcHpTlKDoNkmFA=,PihQu8KRQSUhJ3CHm5OvKkkbd8g=
-20,-6,LPYb5dRBf+tkcdcHpTlKDoNkmFA=,PihQu8KRQSUhJ3CHm5OvKkkbd8g=
-21,-6,LPYb5dRBf+tkcdcHpTlKDoNkmFA=,PihQu8KRQSUhJ3CHm5OvKkkbd8g=
-23,-6,LPYb5dRBf+tkcdcHpTlKDoNkmFA=,PihQu8KRQSUhJ3CHm5OvKkkbd8g=
-22,-6,LPYb5dRBf+tkcdcHpTlKDoNkmFA=,PihQu8KRQSUhJ3CHm5OvKkkbd8g=
-25,-6,LPYb5dRBf+tkcdcHpTlKDoNkmFA=,PihQu8KRQSUhJ3CHm5OvKkkbd8g=
-24,-6,LPYb5dRBf+tkcdcHpTlKDoNkmFA=,PihQu8KRQSUhJ3CHm5OvKkkbd8g=
-26,-6,LPYb5dRBf+tkcdcHpTlKDoNkmFA=,PihQu8KRQSUhJ3CHm5OvKkkbd8g=
-20,-16,LPYb5dRBf+tkcdcHpTlKDoNkmFA=,PihQu8KRQSUhJ3CHm5OvKkkbd8g=
-27,-6,LPYb5dRBf+tkcdcHpTlKDoNkmFA=,PihQu8KRQSUhJ3CHm5OvKkkbd8g=
-27,-13,LPYb5dRBf+tkcdcHpTlKDoNkmFA=,PihQu8KRQSUhJ3CHm5OvKkkbd8g=
-28,-6,LPYb5dRBf+tkcdcHpTlKDoNkmFA=,PihQu8KRQSUhJ3CHm5OvKkkbd8g=
-29,-6,LPYb5dRBf+tkcdcHpTlKDoNkmFA=,PihQu8KRQSUhJ3CHm5OvKkkbd8g=
-31,-4,LPYb5dRBf+tkcdcHpTlKDoNkmFA=,PihQu8KRQSUhJ3CHm5OvKkkbd8g=
-30,-6,LPYb5dRBf+tkcdcHpTlKDoNkmFA=,PihQu8KRQSUhJ3CHm5OvKkkbd8g=
-23,-15,LPYb5dRBf+tkcdcHpTlKDoNkmFA=,PihQu8KRQSUhJ3CHm5OvKkkbd8g=
-17,-7,LPYb5dRBf+tkcdcHpTlKDoNkmFA=,PihQu8KRQSUhJ3CHm5OvKkkbd8g=
-18,-7,LPYb5dRBf+tkcdcHpTlKDoNkmFA=,PihQu8KRQSUhJ3CHm5OvKkkbd8g=
-19,-7,LPYb5dRBf+tkcdcHpTlKDoNkmFA=,PihQu8KRQSUhJ3CHm5OvKkkbd8g=
-20,-7,LPYb5dRBf+tkcdcHpTlKDoNkmFA=,PihQu8KRQSUhJ3CHm5OvKkkbd8g=
-21,-7,LPYb5dRBf+tkcdcHpTlKDoNkmFA=,PihQu8KRQSUhJ3CHm5OvKkkbd8g=
-22,-7,LPYb5dRBf+tkcdcHpTlKDoNkmFA=,PihQu8KRQSUhJ3CHm5OvKkkbd8g=
-23,-7,LPYb5dRBf+tkcdcHpTlKDoNkmFA=,PihQu8KRQSUhJ3CHm5OvKkkbd8g=
-24,-7,LPYb5dRBf+tkcdcHpTlKDoNkmFA=,PihQu8KRQSUhJ3CHm5OvKkkbd8g=
-25,-7,LPYb5dRBf+tkcdcHpTlKDoNkmFA=,PihQu8KRQSUhJ3CHm5OvKkkbd8g=
-21,-16,LPYb5dRBf+tkcdcHpTlKDoNkmFA=,PihQu8KRQSUhJ3CHm5OvKkkbd8g=
-28,-13,LPYb5dRBf+tkcdcHpTlKDoNkmFA=,PihQu8KRQSUhJ3CHm5OvKkkbd8g=
-26,-7,LPYb5dRBf+tkcdcHpTlKDoNkmFA=,PihQu8KRQSUhJ3CHm5OvKkkbd8g=
-27,-7,LPYb5dRBf+tkcdcHpTlKDoNkmFA=,PihQu8KRQSUhJ3CHm5OvKkkbd8g=
-28,-7,LPYb5dRBf+tkcdcHpTlKDoNkmFA=,PihQu8KRQSUhJ3CHm5OvKkkbd8g=
-29,-7,LPYb5dRBf+tkcdcHpTlKDoNkmFA=,PihQu8KRQSUhJ3CHm5OvKkkbd8g=
-30,-7,LPYb5dRBf+tkcdcHpTlKDoNkmFA=,PihQu8KRQSUhJ3CHm5OvKkkbd8g=
-31,-7,LPYb5dRBf+tkcdcHpTlKDoNkmFA=,PihQu8KRQSUhJ3CHm5OvKkkbd8g=
-24,-15,LPYb5dRBf+tkcdcHpTlKDoNkmFA=,PihQu8KRQSUhJ3CHm5OvKkkbd8g=
-32,-7,LPYb5dRBf+tkcdcHpTlKDoNkmFA=,PihQu8KRQSUhJ3CHm5OvKkkbd8g=
-17,-8,LPYb5dRBf+tkcdcHpTlKDoNkmFA=,PihQu8KRQSUhJ3CHm5OvKkkbd8g=
-18,-8,LPYb5dRBf+tkcdcHpTlKDoNkmFA=,PihQu8KRQSUhJ3CHm5OvKkkbd8g=
-19,-8,LPYb5dRBf+tkcdcHpTlKDoNkmFA=,PihQu8KRQSUhJ3CHm5OvKkkbd8g=
-20,-8,LPYb5dRBf+tkcdcHpTlKDoNkmFA=,PihQu8KRQSUhJ3CHm5OvKkkbd8g=
-21,-8,LPYb5dRBf+tkcdcHpTlKDoNkmFA=,PihQu8KRQSUhJ3CHm5OvKkkbd8g=
-22,-8,LPYb5dRBf+tkcdcHpTlKDoNkmFA=,PihQu8KRQSUhJ3CHm5OvKkkbd8g=
-23,-8,LPYb5dRBf+tkcdcHpTlKDoNkmFA=,PihQu8KRQSUhJ3CHm5OvKkkbd8g=
-24,-8,LPYb5dRBf+tkcdcHpTlKDoNkmFA=,PihQu8KRQSUhJ3CHm5OvKkkbd8g=
-22,-16,LPYb5dRBf+tkcdcHpTlKDoNkmFA=,PihQu8KRQSUhJ3CHm5OvKkkbd8g=
-29,-13,LPYb5dRBf+tkcdcHpTlKDoNkmFA=,PihQu8KRQSUhJ3CHm5OvKkkbd8g=
-32,-5,LPYb5dRBf+tkcdcHpTlKDoNkmFA=,PihQu8KRQSUhJ3CHm5OvKkkbd8g=
-25,-8,LPYb5dRBf+tkcdcHpTlKDoNkmFA=,PihQu8KRQSUhJ3CHm5OvKkkbd8g=
-31,-6,LPYb5dRBf+tkcdcHpTlKDoNkmFA=,PihQu8KRQSUhJ3CHm5OvKkkbd8g=
-26,-8,LPYb5dRBf+tkcdcHpTlKDoNkmFA=,PihQu8KRQSUhJ3CHm5OvKkkbd8g=
-27,-8,LPYb5dRBf+tkcdcHpTlKDoNkmFA=,PihQu8KRQSUhJ3CHm5OvKkkbd8g=
-28,-8,LPYb5dRBf+tkcdcHpTlKDoNkmFA=,PihQu8KRQSUhJ3CHm5OvKkkbd8g=
-29,-8,LPYb5dRBf+tkcdcHpTlKDoNkmFA=,PihQu8KRQSUhJ3CHm5OvKkkbd8g=
-25,-15,LPYb5dRBf+tkcdcHpTlKDoNkmFA=,PihQu8KRQSUhJ3CHm5OvKkkbd8g=
-32,-8,LPYb5dRBf+tkcdcHpTlKDoNkmFA=,PihQu8KRQSUhJ3CHm5OvKkkbd8g=
-17,-9,LPYb5dRBf+tkcdcHpTlKDoNkmFA=,PihQu8KRQSUhJ3CHm5OvKkkbd8g=
-18,-9,LPYb5dRBf+tkcdcHpTlKDoNkmFA=,PihQu8KRQSUhJ3CHm5OvKkkbd8g=
-19,-9,LPYb5dRBf+tkcdcHpTlKDoNkmFA=,PihQu8KRQSUhJ3CHm5OvKkkbd8g=
-20,-9,LPYb5dRBf+tkcdcHpTlKDoNkmFA=,PihQu8KRQSUhJ3CHm5OvKkkbd8g=
-21,-9,LPYb5dRBf+tkcdcHpTlKDoNkmFA=,PihQu8KRQSUhJ3CHm5OvKkkbd8g=
-22,-9,LPYb5dRBf+tkcdcHpTlKDoNkmFA=,PihQu8KRQSUhJ3CHm5OvKkkbd8g=
-30,-8,LPYb5dRBf+tkcdcHpTlKDoNkmFA=,PihQu8KRQSUhJ3CHm5OvKkkbd8g=
-23,-9,LPYb5dRBf+tkcdcHpTlKDoNkmFA=,PihQu8KRQSUhJ3CHm5OvKkkbd8g=
-23,-16,LPYb5dRBf+tkcdcHpTlKDoNkmFA=,PihQu8KRQSUhJ3CHm5OvKkkbd8g=
-24,-9,LPYb5dRBf+tkcdcHpTlKDoNkmFA=,PihQu8KRQSUhJ3CHm5OvKkkbd8g=
-25,-9,LPYb5dRBf+tkcdcHpTlKDoNkmFA=,PihQu8KRQSUhJ3CHm5OvKkkbd8g=
-26,-9,LPYb5dRBf+tkcdcHpTlKDoNkmFA=,PihQu8KRQSUhJ3CHm5OvKkkbd8g=
-27,-9,LPYb5dRBf+tkcdcHpTlKDoNkmFA=,PihQu8KRQSUhJ3CHm5OvKkkbd8g=
-28,-9,LPYb5dRBf+tkcdcHpTlKDoNkmFA=,PihQu8KRQSUhJ3CHm5OvKkkbd8g=
-31,-8,LPYb5dRBf+tkcdcHpTlKDoNkmFA=,PihQu8KRQSUhJ3CHm5OvKkkbd8g=
-29,-9,LPYb5dRBf+tkcdcHpTlKDoNkmFA=,PihQu8KRQSUhJ3CHm5OvKkkbd8g=
-30,-13,LPYb5dRBf+tkcdcHpTlKDoNkmFA=,PihQu8KRQSUhJ3CHm5OvKkkbd8g=
-32,-16,LPYb5dRBf+tkcdcHpTlKDoNkmFA=,PihQu8KRQSUhJ3CHm5OvKkkbd8g=
-26,-15,LPYb5dRBf+tkcdcHpTlKDoNkmFA=,PihQu8KRQSUhJ3CHm5OvKkkbd8g=
-17,-10,LPYb5dRBf+tkcdcHpTlKDoNkmFA=,PihQu8KRQSUhJ3CHm5OvKkkbd8g=
-18,-10,LPYb5dRBf+tkcdcHpTlKDoNkmFA=,PihQu8KRQSUhJ3CHm5OvKkkbd8g=
-19,-10,LPYb5dRBf+tkcdcHpTlKDoNkmFA=,PihQu8KRQSUhJ3CHm5OvKkkbd8g=
-20,-10,LPYb5dRBf+tkcdcHpTlKDoNkmFA=,PihQu8KRQSUhJ3CHm5OvKkkbd8g=
-21,-10,LPYb5dRBf+tkcdcHpTlKDoNkmFA=,PihQu8KRQSUhJ3CHm5OvKkkbd8g=
-24,-16,LPYb5dRBf+tkcdcHpTlKDoNkmFA=,PihQu8KRQSUhJ3CHm5OvKkkbd8g=
-22,-10,LPYb5dRBf+tkcdcHpTlKDoNkmFA=,PihQu8KRQSUhJ3CHm5OvKkkbd8g=
-30,-9,LPYb5dRBf+tkcdcHpTlKDoNkmFA=,PihQu8KRQSUhJ3CHm5OvKkkbd8g=
-23,-10,LPYb5dRBf+tkcdcHpTlKDoNkmFA=,PihQu8KRQSUhJ3CHm5OvKkkbd8g=
-24,-10,LPYb5dRBf+tkcdcHpTlKDoNkmFA=,PihQu8KRQSUhJ3CHm5OvKkkbd8g=
-25,-10,LPYb5dRBf+tkcdcHpTlKDoNkmFA=,PihQu8KRQSUhJ3CHm5OvKkkbd8g=
-26,-10,LPYb5dRBf+tkcdcHpTlKDoNkmFA=,PihQu8KRQSUhJ3CHm5OvKkkbd8g=
-27,-10,LPYb5dRBf+tkcdcHpTlKDoNkmFA=,PihQu8KRQSUhJ3CHm5OvKkkbd8g=
-28,-10,LPYb5dRBf+tkcdcHpTlKDoNkmFA=,PihQu8KRQSUhJ3CHm5OvKkkbd8g=
-29,-10,LPYb5dRBf+tkcdcHpTlKDoNkmFA=,PihQu8KRQSUhJ3CHm5OvKkkbd8g=
-31,-9,LPYb5dRBf+tkcdcHpTlKDoNkmFA=,PihQu8KRQSUhJ3CHm5OvKkkbd8g=
-27,-15,LPYb5dRBf+tkcdcHpTlKDoNkmFA=,PihQu8KRQSUhJ3CHm5OvKkkbd8g=
-17,-11,LPYb5dRBf+tkcdcHpTlKDoNkmFA=,PihQu8KRQSUhJ3CHm5OvKkkbd8g=
-18,-11,LPYb5dRBf+tkcdcHpTlKDoNkmFA=,PihQu8KRQSUhJ3CHm5OvKkkbd8g=
-19,-11,LPYb5dRBf+tkcdcHpTlKDoNkmFA=,PihQu8KRQSUhJ3CHm5OvKkkbd8g=
-20,-11,LPYb5dRBf+tkcdcHpTlKDoNkmFA=,PihQu8KRQSUhJ3CHm5OvKkkbd8g=
-21,-11,LPYb5dRBf+tkcdcHpTlKDoNkmFA=,PihQu8KRQSUhJ3CHm5OvKkkbd8g=
-32,-9,LPYb5dRBf+tkcdcHpTlKDoNkmFA=,PihQu8KRQSUhJ3CHm5OvKkkbd8g=
-25,-16,LPYb5dRBf+tkcdcHpTlKDoNkmFA=,PihQu8KRQSUhJ3CHm5OvKkkbd8g=
-28,-15,LPYb5dRBf+tkcdcHpTlKDoNkmFA=,PihQu8KRQSUhJ3CHm5OvKkkbd8g=
-22,-11,LPYb5dRBf+tkcdcHpTlKDoNkmFA=,PihQu8KRQSUhJ3CHm5OvKkkbd8g=
-23,-11,LPYb5dRBf+tkcdcHpTlKDoNkmFA=,PihQu8KRQSUhJ3CHm5OvKkkbd8g=
-24,-11,LPYb5dRBf+tkcdcHpTlKDoNkmFA=,PihQu8KRQSUhJ3CHm5OvKkkbd8g=
-25,-11,LPYb5dRBf+tkcdcHpTlKDoNkmFA=,PihQu8KRQSUhJ3CHm5OvKkkbd8g=
-26,-11,LPYb5dRBf+tkcdcHpTlKDoNkmFA=,PihQu8KRQSUhJ3CHm5OvKkkbd8g=
-27,-11,LPYb5dRBf+tkcdcHpTlKDoNkmFA=,PihQu8KRQSUhJ3CHm5OvKkkbd8g=
-28,-11,LPYb5dRBf+tkcdcHpTlKDoNkmFA=,PihQu8KRQSUhJ3CHm5OvKkkbd8g=
-29,-11,LPYb5dRBf+tkcdcHpTlKDoNkmFA=,PihQu8KRQSUhJ3CHm5OvKkkbd8g=
-31,-10,LPYb5dRBf+tkcdcHpTlKDoNkmFA=,PihQu8KRQSUhJ3CHm5OvKkkbd8g=
-32,-10,LPYb5dRBf+tkcdcHpTlKDoNkmFA=,PihQu8KRQSUhJ3CHm5OvKkkbd8g=
-32,-13,LPYb5dRBf+tkcdcHpTlKDoNkmFA=,PihQu8KRQSUhJ3CHm5OvKkkbd8g=
-29,-15,LPYb5dRBf+tkcdcHpTlKDoNkmFA=,PihQu8KRQSUhJ3CHm5OvKkkbd8g=
-17,-12,LPYb5dRBf+tkcdcHpTlKDoNkmFA=,PihQu8KRQSUhJ3CHm5OvKkkbd8g=
-18,-12,LPYb5dRBf+tkcdcHpTlKDoNkmFA=,PihQu8KRQSUhJ3CHm5OvKkkbd8g=
-19,-12,LPYb5dRBf+tkcdcHpTlKDoNkmFA=,PihQu8KRQSUhJ3CHm5OvKkkbd8g=
-20,-12,LPYb5dRBf+tkcdcHpTlKDoNkmFA=,PihQu8KRQSUhJ3CHm5OvKkkbd8g=
-26,-16,LPYb5dRBf+tkcdcHpTlKDoNkmFA=,PihQu8KRQSUhJ3CHm5OvKkkbd8g=
-17,-14,LPYb5dRBf+tkcdcHpTlKDoNkmFA=,PihQu8KRQSUhJ3CHm5OvKkkbd8g=
-22,-12,LPYb5dRBf+tkcdcHpTlKDoNkmFA=,PihQu8KRQSUhJ3CHm5OvKkkbd8g=
-21,-12,LPYb5dRBf+tkcdcHpTlKDoNkmFA=,PihQu8KRQSUhJ3CHm5OvKkkbd8g=
-23,-12,LPYb5dRBf+tkcdcHpTlKDoNkmFA=,PihQu8KRQSUhJ3CHm5OvKkkbd8g=
-24,-12,LPYb5dRBf+tkcdcHpTlKDoNkmFA=,PihQu8KRQSUhJ3CHm5OvKkkbd8g=
-25,-12,LPYb5dRBf+tkcdcHpTlKDoNkmFA=,PihQu8KRQSUhJ3CHm5OvKkkbd8g=
-26,-12,LPYb5dRBf+tkcdcHpTlKDoNkmFA=,PihQu8KRQSUhJ3CHm5OvKkkbd8g=
-27,-12,LPYb5dRBf+tkcdcHpTlKDoNkmFA=,PihQu8KRQSUhJ3CHm5OvKkkbd8g=
-28,-12,LPYb5dRBf+tkcdcHpTlKDoNkmFA=,PihQu8KRQSUhJ3CHm5OvKkkbd8g=
-29,-12,LPYb5dRBf+tkcdcHpTlKDoNkmFA=,PihQu8KRQSUhJ3CHm5OvKkkbd8g=
-30,-12,LPYb5dRBf+tkcdcHpTlKDoNkmFA=,PihQu8KRQSUhJ3CHm5OvKkkbd8g=
-30,-11,LPYb5dRBf+tkcdcHpTlKDoNkmFA=,PihQu8KRQSUhJ3CHm5OvKkkbd8g=
-31,-11,LPYb5dRBf+tkcdcHpTlKDoNkmFA=,PihQu8KRQSUhJ3CHm5OvKkkbd8g=
-32,-15,LPYb5dRBf+tkcdcHpTlKDoNkmFA=,PihQu8KRQSUhJ3CHm5OvKkkbd8g=
-31,-5,LPYb5dRBf+tkcdcHpTlKDoNkmFA=,PihQu8KRQSUhJ3CHm5OvKkkbd8g=
-31,-13,LPYb5dRBf+tkcdcHpTlKDoNkmFA=,PihQu8KRQSUhJ3CHm5OvKkkbd8g=
-32,-6,LPYb5dRBf+tkcdcHpTlKDoNkmFA=,PihQu8KRQSUhJ3CHm5OvKkkbd8g=
-30,-10,LPYb5dRBf+tkcdcHpTlKDoNkmFA=,PihQu8KRQSUhJ3CHm5OvKkkbd8g=
-32,-11,LPYb5dRBf+tkcdcHpTlKDoNkmFA=,PihQu8KRQSUhJ3CHm5OvKkkbd8g=
