-13,-48,nEcKVt8tEtWUEOZb1KFhLayQhuQ=,gXDVQl3yyZi2zi6q/cpI0z2ffUk=
-4,-45,nEcKVt8tEtWUEOZb1KFhLayQhuQ=,gXDVQl3yyZi2zi6q/cpI0z2ffUk=
-1,-47,nEcKVt8tEtWUEOZb1KFhLayQhuQ=,gXDVQl3yyZi2zi6q/cpI0z2ffUk=
-3,-46,nEcKVt8tEtWUEOZb1KFhLayQhuQ=,gXDVQl3yyZi2zi6q/cpI0z2ffUk=
-2,-46,nEcKVt8tEtWUEOZb1KFhLayQhuQ=,gXDVQl3yyZi2zi6q/cpI0z2ffUk=
-4,-46,nEcKVt8tEtWUEOZb1KFhLayQhuQ=,gXDVQl3yyZi2zi6q/cpI0z2ffUk=
-12,-48,nEcKVt8tEtWUEOZb1KFhLayQhuQ=,gXDVQl3yyZi2zi6q/cpI0z2ffUk=
-5,-46,nEcKVt8tEtWUEOZb1KFhLayQhuQ=,gXDVQl3yyZi2zi6q/cpI0z2ffUk=
-3,-45,nEcKVt8tEtWUEOZb1KFhLayQhuQ=,gXDVQl3yyZi2zi6q/cpI0z2ffUk=
-6,-46,nEcKVt8tEtWUEOZb1KFhLayQhuQ=,gXDVQl3yyZi2zi6q/cpI0z2ffUk=
-2,-45,nEcKVt8tEtWUEOZb1KFhLayQhuQ=,gXDVQl3yyZi2zi6q/cpI0z2ffUk=
-7,-46,nEcKVt8tEtWUEOZb1KFhLayQhuQ=,gXDVQl3yyZi2zi6q/cpI0z2ffUk=
-11,-48,nEcKVt8tEtWUEOZb1KFhLayQhuQ=,gXDVQl3yyZi2zi6q/cpI0z2ffUk=
-8,-46,nEcKVt8tEtWUEOZb1KFhLayQhuQ=,gXDVQl3yyZi2zi6q/cpI0z2ffUk=
-14,-47,nEcKVt8tEtWUEOZb1KFhLayQhuQ=,gXDVQl3yyZi2zi6q/cpI0z2ffUk=
-1,-45,nEcKVt8tEtWUEOZb1KFhLayQhuQ=,gXDVQl3yyZi2zi6q/cpI0z2ffUk=
-9,-46,nEcKVt8tEtWUEOZb1KFhLayQhuQ=,gXDVQl3yyZi2zi6q/cpI0z2ffUk=
-10,-46,nEcKVt8tEtWUEOZb1KFhLayQhuQ=,gXDVQl3yyZi2zi6q/cpI0z2ffUk=
-16,-44,nEcKVt8tEtWUEOZb1KFhLayQhuQ=,gXDVQl3yyZi2zi6q/cpI0z2ffUk=
-15,-44,nEcKVt8tEtWUEOZb1KFhLayQhuQ=,gXDVQl3yyZi2zi6q/cpI0z2ffUk=
-11,-46,nEcKVt8tEtWUEOZb1KFhLayQhuQ=,gXDVQl3yyZi2zi6q/cpI0z2ffUk=
-14,-44,nEcKVt8tEtWUEOZb1KFhLayQhuQ=,gXDVQl3yyZi2zi6q/cpI0z2ffUk=
-13,-44,nEcKVt8tEtWUEOZb1KFhLayQhuQ=,gXDVQl3yyZi2zi6q/cpI0z2ffUk=
-12,-44,nEcKVt8tEtWUEOZb1KFhLayQhuQ=,gXDVQl3yyZi2zi6q/cpI0z2ffUk=
-11,-44,nEcKVt8tEtWUEOZb1KFhLayQhuQ=,gXDVQl3yyZi2zi6q/cpI0z2ffUk=
-10,-44,nEcKVt8tEtWUEOZb1KFhLayQhuQ=,gXDVQl3yyZi2zi6q/cpI0z2ffUk=
-9,-44,nEcKVt8tEtWUEOZb1KFhLayQhuQ=,gXDVQl3yyZi2zi6q/cpI0z2ffUk=
-8,-44,nEcKVt8tEtWUEOZb1KFhLayQhuQ=,gXDVQl3yyZi2zi6q/cpI0z2ffUk=
-7,-44,nEcKVt8tEtWUEOZb1KFhLayQhuQ=,gXDVQl3yyZi2zi6q/cpI0z2ffUk=
-6,-44,nEcKVt8tEtWUEOZb1KFhLayQhuQ=,gXDVQl3yyZi2zi6q/cpI0z2ffUk=
-1,-46,nEcKVt8tEtWUEOZb1KFhLayQhuQ=,gXDVQl3yyZi2zi6q/cpI0z2ffUk=
-5,-44,nEcKVt8tEtWUEOZb1KFhLayQhuQ=,gXDVQl3yyZi2zi6q/cpI0z2ffUk=
-10,-48,nEcKVt8tEtWUEOZb1KFhLayQhuQ=,gXDVQl3yyZi2zi6q/cpI0z2ffUk=
-4,-44,nEcKVt8tEtWUEOZb1KFhLayQhuQ=,gXDVQl3yyZi2zi6q/cpI0z2ffUk=
-3,-44,nEcKVt8tEtWUEOZb1KFhLayQhuQ=,gXDVQl3yyZi2zi6q/cpI0z2ffUk=
-2,-44,nEcKVt8tEtWUEOZb1KFhLayQhuQ=,gXDVQl3yyZi2zi6q/cpI0z2ffUk=
-1,-44,nEcKVt8tEtWUEOZb1KFhLayQhuQ=,gXDVQl3yyZi2zi6q/cpI0z2ffUk=
-16,-43,nEcKVt8tEtWUEOZb1KFhLayQhuQ=,gXDVQl3yyZi2zi6q/cpI0z2ffUk=
-13,-47,nEcKVt8tEtWUEOZb1KFhLayQhuQ=,gXDVQl3yyZi2zi6q/cpI0z2ffUk=
-15,-43,nEcKVt8tEtWUEOZb1KFhLayQhuQ=,gXDVQl3yyZi2zi6q/cpI0z2ffUk=
-14,-43,nEcKVt8tEtWUEOZb1KFhLayQhuQ=,gXDVQl3yyZi2zi6q/cpI0z2ffUk=
-13,-43,nEcKVt8tEtWUEOZb1KFhLayQhuQ=,gXDVQl3yyZi2zi6q/cpI0z2ffUk=
-12,-43,nEcKVt8tEtWUEOZb1KFhLayQhuQ=,gXDVQl3yyZi2zi6q/cpI0z2ffUk=
-11,-43,nEcKVt8tEtWUEOZb1KFhLayQhuQ=,gXDVQl3yyZi2zi6q/cpI0z2ffUk=
-10,-43,nEcKVt8tEtWUEOZb1KFhLayQhuQ=,gXDVQl3yyZi2zi6q/cpI0z2ffUk=
-9,-43,nEcKVt8tEtWUEOZb1KFhLayQhuQ=,gXDVQl3yyZi2zi6q/cpI0z2ffUk=
-8,-43,nEcKVt8tEtWUEOZb1KFhLayQhuQ=,gXDVQl3yyZi2zi6q/cpI0z2ffUk=
-7,-43,nEcKVt8tEtWUEOZb1KFhLayQhuQ=,gXDVQl3yyZi2zi6q/cpI0z2ffUk=
-6,-43,nEcKVt8tEtWUEOZb1KFhLayQhuQ=,gXDVQl3yyZi2zi6q/cpI0z2ffUk=
-16,-45,nEcKVt8tEtWUEOZb1KFhLayQhuQ=,gXDVQl3yyZi2zi6q/cpI0z2ffUk=
-12,-47,nEcKVt8tEtWUEOZb1KFhLayQhuQ=,gXDVQl3yyZi2zi6q/cpI0z2ffUk=
-9,-48,nEcKVt8tEtWUEOZb1KFhLayQhuQ=,gXDVQl3yyZi2zi6q/cpI0z2ffUk=
-5,-43,nEcKVt8tEtWUEOZb1KFhLayQhuQ=,gXDVQl3yyZi2zi6q/cpI0z2ffUk=
-4,-43,nEcKVt8tEtWUEOZb1KFhLayQhuQ=,gXDVQl3yyZi2zi6q/cpI0z2ffUk=
-3,-43,nEcKVt8tEtWUEOZb1KFhLayQhuQ=,gXDVQl3yyZi2zi6q/cpI0z2ffUk=
-2,-43,nEcKVt8tEtWUEOZb1KFhLayQhuQ=,gXDVQl3yyZi2zi6q/cpI0z2ffUk=
-1,-43,nEcKVt8tEtWUEOZb1KFhLayQhuQ=,gXDVQl3yyZi2zi6q/cpI0z2ffUk=
-16,-42,nEcKVt8tEtWUEOZb1KFhLayQhuQ=,gXDVQl3yyZi2zi6q/cpI0z2ffUk=
-11,-47,nEcKVt8tEtWUEOZb1KFhLayQhuQ=,gXDVQl3yyZi2zi6q/cpI0z2ffUk=
-15,-42,nEcKVt8tEtWUEOZb1KFhLayQhuQ=,gXDVQl3yyZi2zi6q/cpI0z2ffUk=
-14,-42,nEcKVt8tEtWUEOZb1KFhLayQhuQ=,gXDVQl3yyZi2zi6q/cpI0z2ffUk=
-13,-42,nEcKVt8tEtWUEOZb1KFhLayQhuQ=,gXDVQl3yyZi2zi6q/cpI0z2ffUk=
-12,-42,nEcKVt8tEtWUEOZb1KFhLayQhuQ=,gXDVQl3yyZi2zi6q/cpI0z2ffUk=
-11,-42,nEcKVt8tEtWUEOZb1KFhLayQhuQ=,gXDVQl3yyZi2zi6q/cpI0z2ffUk=
-10,-42,nEcKVt8tEtWUEOZb1KFhLayQhuQ=,gXDVQl3yyZi2zi6q/cpI0z2ffUk=
-9,-42,nEcKVt8tEtWUEOZb1KFhLayQhuQ=,gXDVQl3yyZi2zi6q/cpI0z2ffUk=
-8,-42,nEcKVt8tEtWUEOZb1KFhLayQhuQ=,gXDVQl3yyZi2zi6q/cpI0z2ffUk=
-7,-42,nEcKVt8tEtWUEOZb1KFhLayQhuQ=,gXDVQl3yyZi2zi6q/cpI0z2ffUk=
-15,-45,nEcKVt8tEtWUEOZb1KFhLayQhuQ=,gXDVQl3yyZi2zi6q/cpI0z2ffUk=
-8,-48,nEcKVt8tEtWUEOZb1KFhLayQhuQ=,gXDVQl3yyZi2zi6q/cpI0z2ffUk=
-5,-42,nEcKVt8tEtWUEOZb1KFhLayQhuQ=,gXDVQl3yyZi2zi6q/cpI0z2ffUk=
-6,-42,nEcKVt8tEtWUEOZb1KFhLayQhuQ=,gXDVQl3yyZi2zi6q/cpI0z2ffUk=
-4,-42,nEcKVt8tEtWUEOZb1KFhLayQhuQ=,gXDVQl3yyZi2zi6q/cpI0z2ffUk=
-3,-42,nEcKVt8tEtWUEOZb1KFhLayQhuQ=,gXDVQl3yyZi2zi6q/cpI0z2ffUk=
-2,-42,nEcKVt8tEtWUEOZb1KFhLayQhuQ=,gXDVQl3yyZi2zi6q/cpI0z2ffUk=
-1,-42,nEcKVt8tEtWUEOZb1KFhLayQhuQ=,gXDVQl3yyZi2zi6q/cpI0z2ffUk=
-16,-41,nEcKVt8tEtWUEOZb1KFhLayQhuQ=,gXDVQl3yyZi2zi6q/cpI0z2ffUk=
-10,-47,nEcKVt8tEtWUEOZb1KFhLayQhuQ=,gXDVQl3yyZi2zi6q/cpI0z2ffUk=
-15,-41,nEcKVt8tEtWUEOZb1KFhLayQhuQ=,gXDVQl3yyZi2zi6q/cpI0z2ffUk=
-14,-41,nEcKVt8tEtWUEOZb1KFhLayQhuQ=,gXDVQl3yyZi2zi6q/cpI0z2ffUk=
-13,-41,nEcKVt8tEtWUEOZb1KFhLayQhuQ=,gXDVQl3yyZi2zi6q/cpI0z2ffUk=
-12,-41,nEcKVt8tEtWUEOZb1KFhLayQhuQ=,gXDVQl3yyZi2zi6q/cpI0z2ffUk=
-11,-41,nEcKVt8tEtWUEOZb1KFhLayQhuQ=,gXDVQl3yyZi2zi6q/cpI0z2ffUk=
-10,-41,nEcKVt8tEtWUEOZb1KFhLayQhuQ=,gXDVQl3yyZi2zi6q/cpI0z2ffUk=
-9,-41,nEcKVt8tEtWUEOZb1KFhLayQhuQ=,gXDVQl3yyZi2zi6q/cpI0z2ffUk=
-8,-41,nEcKVt8tEtWUEOZb1KFhLayQhuQ=,gXDVQl3yyZi2zi6q/cpI0z2ffUk=
-14,-45,nEcKVt8tEtWUEOZb1KFhLayQhuQ=,gXDVQl3yyZi2zi6q/cpI0z2ffUk=
-7,-48,nEcKVt8tEtWUEOZb1KFhLayQhuQ=,gXDVQl3yyZi2zi6q/cpI0z2ffUk=
-7,-41,nEcKVt8tEtWUEOZb1KFhLayQhuQ=,gXDVQl3yyZi2zi6q/cpI0z2ffUk=
-6,-41,nEcKVt8tEtWUEOZb1KFhLayQhuQ=,gXDVQl3yyZi2zi6q/cpI0z2ffUk=
-5,-41,nEcKVt8tEtWUEOZb1KFhLayQhuQ=,gXDVQl3yyZi2zi6q/cpI0z2ffUk=
-4,-41,nEcKVt8tEtWUEOZb1KFhLayQhuQ=,gXDVQl3yyZi2zi6q/cpI0z2ffUk=
-3,-41,nEcKVt8tEtWUEOZb1KFhLayQhuQ=,gXDVQl3yyZi2zi6q/cpI0z2ffUk=
-2,-41,nEcKVt8tEtWUEOZb1KFhLayQhuQ=,gXDVQl3yyZi2zi6q/cpI0z2ffUk=
-1,-41,nEcKVt8tEtWUEOZb1KFhLayQhuQ=,gXDVQl3yyZi2zi6q/cpI0z2ffUk=
-16,-40,nEcKVt8tEtWUEOZb1KFhLayQhuQ=,gXDVQl3yyZi2zi6q/cpI0z2ffUk=
-9,-47,nEcKVt8tEtWUEOZb1KFhLayQhuQ=,gXDVQl3yyZi2zi6q/cpI0z2ffUk=
-15,-40,nEcKVt8tEtWUEOZb1KFhLayQhuQ=,gXDVQl3yyZi2zi6q/cpI0z2ffUk=
-14,-40,nEcKVt8tEtWUEOZb1KFhLayQhuQ=,gXDVQl3yyZi2zi6q/cpI0z2ffUk=
-13,-40,nEcKVt8tEtWUEOZb1KFhLayQhuQ=,gXDVQl3yyZi2zi6q/cpI0z2ffUk=
-12,-46,nEcKVt8tEtWUEOZb1KFhLayQhuQ=,gXDVQl3yyZi2zi6q/cpI0z2ffUk=
-12,-40,nEcKVt8tEtWUEOZb1KFhLayQhuQ=,gXDVQl3yyZi2zi6q/cpI0z2ffUk=
-11,-40,nEcKVt8tEtWUEOZb1KFhLayQhuQ=,gXDVQl3yyZi2zi6q/cpI0z2ffUk=
-13,-46,nEcKVt8tEtWUEOZb1KFhLayQhuQ=,gXDVQl3yyZi2zi6q/cpI0z2ffUk=
-10,-40,nEcKVt8tEtWUEOZb1KFhLayQhuQ=,gXDVQl3yyZi2zi6q/cpI0z2ffUk=
-14,-46,nEcKVt8tEtWUEOZb1KFhLayQhuQ=,gXDVQl3yyZi2zi6q/cpI0z2ffUk=
-9,-40,nEcKVt8tEtWUEOZb1KFhLayQhuQ=,gXDVQl3yyZi2zi6q/cpI0z2ffUk=
-15,-46,nEcKVt8tEtWUEOZb1KFhLayQhuQ=,gXDVQl3yyZi2zi6q/cpI0z2ffUk=
-13,-45,nEcKVt8tEtWUEOZb1KFhLayQhuQ=,gXDVQl3yyZi2zi6q/cpI0z2ffUk=
-5,-45,nEcKVt8tEtWUEOZb1KFhLayQhuQ=,gXDVQl3yyZi2zi6q/cpI0z2ffUk=
-6,-48,nEcKVt8tEtWUEOZb1KFhLayQhuQ=,gXDVQl3yyZi2zi6q/cpI0z2ffUk=
-16,-46,nEcKVt8tEtWUEOZb1KFhLayQhuQ=,gXDVQl3yyZi2zi6q/cpI0z2ffUk=
-8,-40,nEcKVt8tEtWUEOZb1KFhLayQhuQ=,gXDVQl3yyZi2zi6q/cpI0z2ffUk=
-7,-40,nEcKVt8tEtWUEOZb1KFhLayQhuQ=,gXDVQl3yyZi2zi6q/cpI0z2ffUk=
-6,-40,nEcKVt8tEtWUEOZb1KFhLayQhuQ=,gXDVQl3yyZi2zi6q/cpI0z2ffUk=
-5,-40,nEcKVt8tEtWUEOZb1KFhLayQhuQ=,gXDVQl3yyZi2zi6q/cpI0z2ffUk=
-4,-40,nEcKVt8tEtWUEOZb1KFhLayQhuQ=,gXDVQl3yyZi2zi6q/cpI0z2ffUk=
-1,-33,nEcKVt8tEtWUEOZb1KFhLayQhuQ=,gXDVQl3yyZi2zi6q/cpI0z2ffUk=
-2,-33,nEcKVt8tEtWUEOZb1KFhLayQhuQ=,gXDVQl3yyZi2zi6q/cpI0z2ffUk=
-14,-48,nEcKVt8tEtWUEOZb1KFhLayQhuQ=,gXDVQl3yyZi2zi6q/cpI0z2ffUk=
-3,-40,nEcKVt8tEtWUEOZb1KFhLayQhuQ=,gXDVQl3yyZi2zi6q/cpI0z2ffUk=
-2,-40,nEcKVt8tEtWUEOZb1KFhLayQhuQ=,gXDVQl3yyZi2zi6q/cpI0z2ffUk=
-1,-40,nEcKVt8tEtWUEOZb1KFhLayQhuQ=,gXDVQl3yyZi2zi6q/cpI0z2ffUk=
-16,-39,nEcKVt8tEtWUEOZb1KFhLayQhuQ=,gXDVQl3yyZi2zi6q/cpI0z2ffUk=
-8,-47,nEcKVt8tEtWUEOZb1KFhLayQhuQ=,gXDVQl3yyZi2zi6q/cpI0z2ffUk=
-15,-39,nEcKVt8tEtWUEOZb1KFhLayQhuQ=,gXDVQl3yyZi2zi6q/cpI0z2ffUk=
-14,-39,nEcKVt8tEtWUEOZb1KFhLayQhuQ=,gXDVQl3yyZi2zi6q/cpI0z2ffUk=
-13,-39,nEcKVt8tEtWUEOZb1KFhLayQhuQ=,gXDVQl3yyZi2zi6q/cpI0z2ffUk=
-12,-39,nEcKVt8tEtWUEOZb1KFhLayQhuQ=,gXDVQl3yyZi2zi6q/cpI0z2ffUk=
-11,-39,nEcKVt8tEtWUEOZb1KFhLayQhuQ=,gXDVQl3yyZi2zi6q/cpI0z2ffUk=
-10,-39,nEcKVt8tEtWUEOZb1KFhLayQhuQ=,gXDVQl3yyZi2zi6q/cpI0z2ffUk=
-12,-45,nEcKVt8tEtWUEOZb1KFhLayQhuQ=,gXDVQl3yyZi2zi6q/cpI0z2ffUk=
-5,-48,nEcKVt8tEtWUEOZb1KFhLayQhuQ=,gXDVQl3yyZi2zi6q/cpI0z2ffUk=
-9,-39,nEcKVt8tEtWUEOZb1KFhLayQhuQ=,gXDVQl3yyZi2zi6q/cpI0z2ffUk=
-8,-39,nEcKVt8tEtWUEOZb1KFhLayQhuQ=,gXDVQl3yyZi2zi6q/cpI0z2ffUk=
-7,-39,nEcKVt8tEtWUEOZb1KFhLayQhuQ=,gXDVQl3yyZi2zi6q/cpI0z2ffUk=
-6,-39,nEcKVt8tEtWUEOZb1KFhLayQhuQ=,gXDVQl3yyZi2zi6q/cpI0z2ffUk=
-5,-39,nEcKVt8tEtWUEOZb1KFhLayQhuQ=,gXDVQl3yyZi2zi6q/cpI0z2ffUk=
-4,-39,nEcKVt8tEtWUEOZb1KFhLayQhuQ=,gXDVQl3yyZi2zi6q/cpI0z2ffUk=
-3,-39,nEcKVt8tEtWUEOZb1KFhLayQhuQ=,gXDVQl3yyZi2zi6q/cpI0z2ffUk=
-2,-39,nEcKVt8tEtWUEOZb1KFhLayQhuQ=,gXDVQl3yyZi2zi6q/cpI0z2ffUk=
-1,-39,nEcKVt8tEtWUEOZb1KFhLayQhuQ=,gXDVQl3yyZi2zi6q/cpI0z2ffUk=
-16,-38,nEcKVt8tEtWUEOZb1KFhLayQhuQ=,gXDVQl3yyZi2zi6q/cpI0z2ffUk=
-7,-47,nEcKVt8tEtWUEOZb1KFhLayQhuQ=,gXDVQl3yyZi2zi6q/cpI0z2ffUk=
-15,-38,nEcKVt8tEtWUEOZb1KFhLayQhuQ=,gXDVQl3yyZi2zi6q/cpI0z2ffUk=
-14,-38,nEcKVt8tEtWUEOZb1KFhLayQhuQ=,gXDVQl3yyZi2zi6q/cpI0z2ffUk=
-13,-38,nEcKVt8tEtWUEOZb1KFhLayQhuQ=,gXDVQl3yyZi2zi6q/cpI0z2ffUk=
-12,-38,nEcKVt8tEtWUEOZb1KFhLayQhuQ=,gXDVQl3yyZi2zi6q/cpI0z2ffUk=
-11,-38,nEcKVt8tEtWUEOZb1KFhLayQhuQ=,gXDVQl3yyZi2zi6q/cpI0z2ffUk=
-11,-45,nEcKVt8tEtWUEOZb1KFhLayQhuQ=,gXDVQl3yyZi2zi6q/cpI0z2ffUk=
-4,-48,nEcKVt8tEtWUEOZb1KFhLayQhuQ=,gXDVQl3yyZi2zi6q/cpI0z2ffUk=
-10,-38,nEcKVt8tEtWUEOZb1KFhLayQhuQ=,gXDVQl3yyZi2zi6q/cpI0z2ffUk=
-9,-38,nEcKVt8tEtWUEOZb1KFhLayQhuQ=,gXDVQl3yyZi2zi6q/cpI0z2ffUk=
-8,-38,nEcKVt8tEtWUEOZb1KFhLayQhuQ=,gXDVQl3yyZi2zi6q/cpI0z2ffUk=
-7,-38,nEcKVt8tEtWUEOZb1KFhLayQhuQ=,gXDVQl3yyZi2zi6q/cpI0z2ffUk=
-6,-38,nEcKVt8tEtWUEOZb1KFhLayQhuQ=,gXDVQl3yyZi2zi6q/cpI0z2ffUk=
-5,-38,nEcKVt8tEtWUEOZb1KFhLayQhuQ=,gXDVQl3yyZi2zi6q/cpI0z2ffUk=
-4,-38,nEcKVt8tEtWUEOZb1KFhLayQhuQ=,gXDVQl3yyZi2zi6q/cpI0z2ffUk=
-3,-38,nEcKVt8tEtWUEOZb1KFhLayQhuQ=,gXDVQl3yyZi2zi6q/cpI0z2ffUk=
-2,-38,nEcKVt8tEtWUEOZb1KFhLayQhuQ=,gXDVQl3yyZi2zi6q/cpI0z2ffUk=
-1,-38,nEcKVt8tEtWUEOZb1KFhLayQhuQ=,gXDVQl3yyZi2zi6q/cpI0z2ffUk=
-16,-37,nEcKVt8tEtWUEOZb1KFhLayQhuQ=,gXDVQl3yyZi2zi6q/cpI0z2ffUk=
-6,-47,nEcKVt8tEtWUEOZb1KFhLayQhuQ=,gXDVQl3yyZi2zi6q/cpI0z2ffUk=
-15,-37,nEcKVt8tEtWUEOZb1KFhLayQhuQ=,gXDVQl3yyZi2zi6q/cpI0z2ffUk=
-14,-37,nEcKVt8tEtWUEOZb1KFhLayQhuQ=,gXDVQl3yyZi2zi6q/cpI0z2ffUk=
-13,-37,nEcKVt8tEtWUEOZb1KFhLayQhuQ=,gXDVQl3yyZi2zi6q/cpI0z2ffUk=
-12,-37,nEcKVt8tEtWUEOZb1KFhLayQhuQ=,gXDVQl3yyZi2zi6q/cpI0z2ffUk=
-10,-45,nEcKVt8tEtWUEOZb1KFhLayQhuQ=,gXDVQl3yyZi2zi6q/cpI0z2ffUk=
-3,-48,nEcKVt8tEtWUEOZb1KFhLayQhuQ=,gXDVQl3yyZi2zi6q/cpI0z2ffUk=
-11,-37,nEcKVt8tEtWUEOZb1KFhLayQhuQ=,gXDVQl3yyZi2zi6q/cpI0z2ffUk=
-10,-37,nEcKVt8tEtWUEOZb1KFhLayQhuQ=,gXDVQl3yyZi2zi6q/cpI0z2ffUk=
-9,-37,nEcKVt8tEtWUEOZb1KFhLayQhuQ=,gXDVQl3yyZi2zi6q/cpI0z2ffUk=
-8,-37,nEcKVt8tEtWUEOZb1KFhLayQhuQ=,gXDVQl3yyZi2zi6q/cpI0z2ffUk=
-7,-37,nEcKVt8tEtWUEOZb1KFhLayQhuQ=,gXDVQl3yyZi2zi6q/cpI0z2ffUk=
-6,-37,nEcKVt8tEtWUEOZb1KFhLayQhuQ=,gXDVQl3yyZi2zi6q/cpI0z2ffUk=
-5,-37,nEcKVt8tEtWUEOZb1KFhLayQhuQ=,gXDVQl3yyZi2zi6q/cpI0z2ffUk=
-4,-37,nEcKVt8tEtWUEOZb1KFhLayQhuQ=,gXDVQl3yyZi2zi6q/cpI0z2ffUk=
-3,-37,nEcKVt8tEtWUEOZb1KFhLayQhuQ=,gXDVQl3yyZi2zi6q/cpI0z2ffUk=
-2,-37,nEcKVt8tEtWUEOZb1KFhLayQhuQ=,gXDVQl3yyZi2zi6q/cpI0z2ffUk=
-1,-37,nEcKVt8tEtWUEOZb1KFhLayQhuQ=,gXDVQl3yyZi2zi6q/cpI0z2ffUk=
-16,-36,nEcKVt8tEtWUEOZb1KFhLayQhuQ=,gXDVQl3yyZi2zi6q/cpI0z2ffUk=
-5,-47,nEcKVt8tEtWUEOZb1KFhLayQhuQ=,gXDVQl3yyZi2zi6q/cpI0z2ffUk=
-15,-36,nEcKVt8tEtWUEOZb1KFhLayQhuQ=,gXDVQl3yyZi2zi6q/cpI0z2ffUk=
-14,-36,nEcKVt8tEtWUEOZb1KFhLayQhuQ=,gXDVQl3yyZi2zi6q/cpI0z2ffUk=
-13,-36,nEcKVt8tEtWUEOZb1KFhLayQhuQ=,gXDVQl3yyZi2zi6q/cpI0z2ffUk=
-9,-45,nEcKVt8tEtWUEOZb1KFhLayQhuQ=,gXDVQl3yyZi2zi6q/cpI0z2ffUk=
-2,-48,nEcKVt8tEtWUEOZb1KFhLayQhuQ=,gXDVQl3yyZi2zi6q/cpI0z2ffUk=
-12,-36,nEcKVt8tEtWUEOZb1KFhLayQhuQ=,gXDVQl3yyZi2zi6q/cpI0z2ffUk=
-11,-36,nEcKVt8tEtWUEOZb1KFhLayQhuQ=,gXDVQl3yyZi2zi6q/cpI0z2ffUk=
-10,-36,nEcKVt8tEtWUEOZb1KFhLayQhuQ=,gXDVQl3yyZi2zi6q/cpI0z2ffUk=
-9,-36,nEcKVt8tEtWUEOZb1KFhLayQhuQ=,gXDVQl3yyZi2zi6q/cpI0z2ffUk=
-8,-36,nEcKVt8tEtWUEOZb1KFhLayQhuQ=,gXDVQl3yyZi2zi6q/cpI0z2ffUk=
-7,-36,nEcKVt8tEtWUEOZb1KFhLayQhuQ=,gXDVQl3yyZi2zi6q/cpI0z2ffUk=
-6,-36,nEcKVt8tEtWUEOZb1KFhLayQhuQ=,gXDVQl3yyZi2zi6q/cpI0z2ffUk=
-5,-36,nEcKVt8tEtWUEOZb1KFhLayQhuQ=,gXDVQl3yyZi2zi6q/cpI0z2ffUk=
-3,-36,nEcKVt8tEtWUEOZb1KFhLayQhuQ=,gXDVQl3yyZi2zi6q/cpI0z2ffUk=
-4,-36,nEcKVt8tEtWUEOZb1KFhLayQhuQ=,gXDVQl3yyZi2zi6q/cpI0z2ffUk=
-2,-36,nEcKVt8tEtWUEOZb1KFhLayQhuQ=,gXDVQl3yyZi2zi6q/cpI0z2ffUk=
-1,-36,nEcKVt8tEtWUEOZb1KFhLayQhuQ=,gXDVQl3yyZi2zi6q/cpI0z2ffUk=
-16,-35,nEcKVt8tEtWUEOZb1KFhLayQhuQ=,gXDVQl3yyZi2zi6q/cpI0z2ffUk=
-4,-47,nEcKVt8tEtWUEOZb1KFhLayQhuQ=,gXDVQl3yyZi2zi6q/cpI0z2ffUk=
-15,-35,nEcKVt8tEtWUEOZb1KFhLayQhuQ=,gXDVQl3yyZi2zi6q/cpI0z2ffUk=
-14,-35,nEcKVt8tEtWUEOZb1KFhLayQhuQ=,gXDVQl3yyZi2zi6q/cpI0z2ffUk=
-8,-45,nEcKVt8tEtWUEOZb1KFhLayQhuQ=,gXDVQl3yyZi2zi6q/cpI0z2ffUk=
-16,-48,nEcKVt8tEtWUEOZb1KFhLayQhuQ=,gXDVQl3yyZi2zi6q/cpI0z2ffUk=
-3,-47,nEcKVt8tEtWUEOZb1KFhLayQhuQ=,gXDVQl3yyZi2zi6q/cpI0z2ffUk=
-1,-48,nEcKVt8tEtWUEOZb1KFhLayQhuQ=,gXDVQl3yyZi2zi6q/cpI0z2ffUk=
-13,-35,nEcKVt8tEtWUEOZb1KFhLayQhuQ=,gXDVQl3yyZi2zi6q/cpI0z2ffUk=
-12,-35,nEcKVt8tEtWUEOZb1KFhLayQhuQ=,gXDVQl3yyZi2zi6q/cpI0z2ffUk=
-11,-35,nEcKVt8tEtWUEOZb1KFhLayQhuQ=,gXDVQl3yyZi2zi6q/cpI0z2ffUk=
-10,-35,nEcKVt8tEtWUEOZb1KFhLayQhuQ=,gXDVQl3yyZi2zi6q/cpI0z2ffUk=
-9,-35,nEcKVt8tEtWUEOZb1KFhLayQhuQ=,gXDVQl3yyZi2zi6q/cpI0z2ffUk=
-8,-35,nEcKVt8tEtWUEOZb1KFhLayQhuQ=,gXDVQl3yyZi2zi6q/cpI0z2ffUk=
-7,-35,nEcKVt8tEtWUEOZb1KFhLayQhuQ=,gXDVQl3yyZi2zi6q/cpI0z2ffUk=
-6,-35,nEcKVt8tEtWUEOZb1KFhLayQhuQ=,gXDVQl3yyZi2zi6q/cpI0z2ffUk=
-5,-35,nEcKVt8tEtWUEOZb1KFhLayQhuQ=,gXDVQl3yyZi2zi6q/cpI0z2ffUk=
-4,-35,nEcKVt8tEtWUEOZb1KFhLayQhuQ=,gXDVQl3yyZi2zi6q/cpI0z2ffUk=
-3,-35,nEcKVt8tEtWUEOZb1KFhLayQhuQ=,gXDVQl3yyZi2zi6q/cpI0z2ffUk=
-2,-35,nEcKVt8tEtWUEOZb1KFhLayQhuQ=,gXDVQl3yyZi2zi6q/cpI0z2ffUk=
-1,-35,nEcKVt8tEtWUEOZb1KFhLayQhuQ=,gXDVQl3yyZi2zi6q/cpI0z2ffUk=
-16,-34,nEcKVt8tEtWUEOZb1KFhLayQhuQ=,gXDVQl3yyZi2zi6q/cpI0z2ffUk=
-15,-48,nEcKVt8tEtWUEOZb1KFhLayQhuQ=,gXDVQl3yyZi2zi6q/cpI0z2ffUk=
-15,-34,nEcKVt8tEtWUEOZb1KFhLayQhuQ=,gXDVQl3yyZi2zi6q/cpI0z2ffUk=
-7,-45,nEcKVt8tEtWUEOZb1KFhLayQhuQ=,gXDVQl3yyZi2zi6q/cpI0z2ffUk=
-16,-47,nEcKVt8tEtWUEOZb1KFhLayQhuQ=,gXDVQl3yyZi2zi6q/cpI0z2ffUk=
-15,-47,nEcKVt8tEtWUEOZb1KFhLayQhuQ=,gXDVQl3yyZi2zi6q/cpI0z2ffUk=
-14,-34,nEcKVt8tEtWUEOZb1KFhLayQhuQ=,gXDVQl3yyZi2zi6q/cpI0z2ffUk=
-13,-34,nEcKVt8tEtWUEOZb1KFhLayQhuQ=,gXDVQl3yyZi2zi6q/cpI0z2ffUk=
-12,-34,nEcKVt8tEtWUEOZb1KFhLayQhuQ=,gXDVQl3yyZi2zi6q/cpI0z2ffUk=
-11,-34,nEcKVt8tEtWUEOZb1KFhLayQhuQ=,gXDVQl3yyZi2zi6q/cpI0z2ffUk=
-10,-34,nEcKVt8tEtWUEOZb1KFhLayQhuQ=,gXDVQl3yyZi2zi6q/cpI0z2ffUk=
-9,-34,nEcKVt8tEtWUEOZb1KFhLayQhuQ=,gXDVQl3yyZi2zi6q/cpI0z2ffUk=
-8,-34,nEcKVt8tEtWUEOZb1KFhLayQhuQ=,gXDVQl3yyZi2zi6q/cpI0z2ffUk=
-6,-45,nEcKVt8tEtWUEOZb1KFhLayQhuQ=,gXDVQl3yyZi2zi6q/cpI0z2ffUk=
-7,-34,nEcKVt8tEtWUEOZb1KFhLayQhuQ=,gXDVQl3yyZi2zi6q/cpI0z2ffUk=
-3,-33,nEcKVt8tEtWUEOZb1KFhLayQhuQ=,gXDVQl3yyZi2zi6q/cpI0z2ffUk=
-6,-33,nEcKVt8tEtWUEOZb1KFhLayQhuQ=,gXDVQl3yyZi2zi6q/cpI0z2ffUk=
-8,-33,nEcKVt8tEtWUEOZb1KFhLayQhuQ=,gXDVQl3yyZi2zi6q/cpI0z2ffUk=
-7,-33,nEcKVt8tEtWUEOZb1KFhLayQhuQ=,gXDVQl3yyZi2zi6q/cpI0z2ffUk=
-10,-33,nEcKVt8tEtWUEOZb1KFhLayQhuQ=,gXDVQl3yyZi2zi6q/cpI0z2ffUk=
-11,-33,nEcKVt8tEtWUEOZb1KFhLayQhuQ=,gXDVQl3yyZi2zi6q/cpI0z2ffUk=
-12,-33,nEcKVt8tEtWUEOZb1KFhLayQhuQ=,gXDVQl3yyZi2zi6q/cpI0z2ffUk=
-13,-33,nEcKVt8tEtWUEOZb1KFhLayQhuQ=,gXDVQl3yyZi2zi6q/cpI0z2ffUk=
-14,-33,nEcKVt8tEtWUEOZb1KFhLayQhuQ=,gXDVQl3yyZi2zi6q/cpI0z2ffUk=
-15,-33,nEcKVt8tEtWUEOZb1KFhLayQhuQ=,gXDVQl3yyZi2zi6q/cpI0z2ffUk=
-5,-33,nEcKVt8tEtWUEOZb1KFhLayQhuQ=,gXDVQl3yyZi2zi6q/cpI0z2ffUk=
-16,-33,nEcKVt8tEtWUEOZb1KFhLayQhuQ=,gXDVQl3yyZi2zi6q/cpI0z2ffUk=
-1,-34,nEcKVt8tEtWUEOZb1KFhLayQhuQ=,gXDVQl3yyZi2zi6q/cpI0z2ffUk=
-2,-34,nEcKVt8tEtWUEOZb1KFhLayQhuQ=,gXDVQl3yyZi2zi6q/cpI0z2ffUk=
-2,-47,nEcKVt8tEtWUEOZb1KFhLayQhuQ=,gXDVQl3yyZi2zi6q/cpI0z2ffUk=
-3,-34,nEcKVt8tEtWUEOZb1KFhLayQhuQ=,gXDVQl3yyZi2zi6q/cpI0z2ffUk=
-4,-34,nEcKVt8tEtWUEOZb1KFhLayQhuQ=,gXDVQl3yyZi2zi6q/cpI0z2ffUk=
-5,-34,nEcKVt8tEtWUEOZb1KFhLayQhuQ=,gXDVQl3yyZi2zi6q/cpI0z2ffUk=
-9,-33,nEcKVt8tEtWUEOZb1KFhLayQhuQ=,gXDVQl3yyZi2zi6q/cpI0z2ffUk=
-4,-33,nEcKVt8tEtWUEOZb1KFhLayQhuQ=,gXDVQl3yyZi2zi6q/cpI0z2ffUk=
-6,-34,nEcKVt8tEtWUEOZb1KFhLayQhuQ=,gXDVQl3yyZi2zi6q/cpI0z2ffUk=
-29,-48,mMqH+nLH5T0G69RP9mKxs3PGWns=,cm9UGr8YgKC2gypJaZ8s6uTfZEE=
-19,-46,mMqH+nLH5T0G69RP9mKxs3PGWns=,cm9UGr8YgKC2gypJaZ8s6uTfZEE=
-17,-33,mMqH+nLH5T0G69RP9mKxs3PGWns=,cm9UGr8YgKC2gypJaZ8s6uTfZEE=
-21,-46,mMqH+nLH5T0G69RP9mKxs3PGWns=,cm9UGr8YgKC2gypJaZ8s6uTfZEE=
-20,-46,mMqH+nLH5T0G69RP9mKxs3PGWns=,cm9UGr8YgKC2gypJaZ8s6uTfZEE=
-22,-46,mMqH+nLH5T0G69RP9mKxs3PGWns=,cm9UGr8YgKC2gypJaZ8s6uTfZEE=
-23,-46,mMqH+nLH5T0G69RP9mKxs3PGWns=,cm9UGr8YgKC2gypJaZ8s6uTfZEE=
-24,-46,mMqH+nLH5T0G69RP9mKxs3PGWns=,cm9UGr8YgKC2gypJaZ8s6uTfZEE=
-25,-46,mMqH+nLH5T0G69RP9mKxs3PGWns=,cm9UGr8YgKC2gypJaZ8s6uTfZEE=
-20,-45,mMqH+nLH5T0G69RP9mKxs3PGWns=,cm9UGr8YgKC2gypJaZ8s6uTfZEE=
-26,-46,mMqH+nLH5T0G69RP9mKxs3PGWns=,cm9UGr8YgKC2gypJaZ8s6uTfZEE=
-18,-46,mMqH+nLH5T0G69RP9mKxs3PGWns=,cm9UGr8YgKC2gypJaZ8s6uTfZEE=
-27,-46,mMqH+nLH5T0G69RP9mKxs3PGWns=,cm9UGr8YgKC2gypJaZ8s6uTfZEE=
-17,-47,mMqH+nLH5T0G69RP9mKxs3PGWns=,cm9UGr8YgKC2gypJaZ8s6uTfZEE=
-28,-48,mMqH+nLH5T0G69RP9mKxs3PGWns=,cm9UGr8YgKC2gypJaZ8s6uTfZEE=
-28,-46,mMqH+nLH5T0G69RP9mKxs3PGWns=,cm9UGr8YgKC2gypJaZ8s6uTfZEE=
-29,-46,mMqH+nLH5T0G69RP9mKxs3PGWns=,cm9UGr8YgKC2gypJaZ8s6uTfZEE=
-19,-45,mMqH+nLH5T0G69RP9mKxs3PGWns=,cm9UGr8YgKC2gypJaZ8s6uTfZEE=
-31,-46,mMqH+nLH5T0G69RP9mKxs3PGWns=,cm9UGr8YgKC2gypJaZ8s6uTfZEE=
-30,-46,mMqH+nLH5T0G69RP9mKxs3PGWns=,cm9UGr8YgKC2gypJaZ8s6uTfZEE=
-18,-45,mMqH+nLH5T0G69RP9mKxs3PGWns=,cm9UGr8YgKC2gypJaZ8s6uTfZEE=
-17,-45,mMqH+nLH5T0G69RP9mKxs3PGWns=,cm9UGr8YgKC2gypJaZ8s6uTfZEE=
-32,-46,mMqH+nLH5T0G69RP9mKxs3PGWns=,cm9UGr8YgKC2gypJaZ8s6uTfZEE=
-18,-33,mMqH+nLH5T0G69RP9mKxs3PGWns=,cm9UGr8YgKC2gypJaZ8s6uTfZEE=
-21,-45,mMqH+nLH5T0G69RP9mKxs3PGWns=,cm9UGr8YgKC2gypJaZ8s6uTfZEE=
-32,-44,mMqH+nLH5T0G69RP9mKxs3PGWns=,cm9UGr8YgKC2gypJaZ8s6uTfZEE=
-19,-33,mMqH+nLH5T0G69RP9mKxs3PGWns=,cm9UGr8YgKC2gypJaZ8s6uTfZEE=
-30,-48,mMqH+nLH5T0G69RP9mKxs3PGWns=,cm9UGr8YgKC2gypJaZ8s6uTfZEE=
-27,-48,mMqH+nLH5T0G69RP9mKxs3PGWns=,cm9UGr8YgKC2gypJaZ8s6uTfZEE=
-20,-33,mMqH+nLH5T0G69RP9mKxs3PGWns=,cm9UGr8YgKC2gypJaZ8s6uTfZEE=
-30,-47,mMqH+nLH5T0G69RP9mKxs3PGWns=,cm9UGr8YgKC2gypJaZ8s6uTfZEE=
-22,-45,mMqH+nLH5T0G69RP9mKxs3PGWns=,cm9UGr8YgKC2gypJaZ8s6uTfZEE=
-21,-33,mMqH+nLH5T0G69RP9mKxs3PGWns=,cm9UGr8YgKC2gypJaZ8s6uTfZEE=
-22,-33,mMqH+nLH5T0G69RP9mKxs3PGWns=,cm9UGr8YgKC2gypJaZ8s6uTfZEE=
-31,-44,mMqH+nLH5T0G69RP9mKxs3PGWns=,cm9UGr8YgKC2gypJaZ8s6uTfZEE=
-23,-33,mMqH+nLH5T0G69RP9mKxs3PGWns=,cm9UGr8YgKC2gypJaZ8s6uTfZEE=
-24,-33,mMqH+nLH5T0G69RP9mKxs3PGWns=,cm9UGr8YgKC2gypJaZ8s6uTfZEE=
-30,-44,mMqH+nLH5T0G69RP9mKxs3PGWns=,cm9UGr8YgKC2gypJaZ8s6uTfZEE=
-25,-33,mMqH+nLH5T0G69RP9mKxs3PGWns=,cm9UGr8YgKC2gypJaZ8s6uTfZEE=
-29,-44,mMqH+nLH5T0G69RP9mKxs3PGWns=,cm9UGr8YgKC2gypJaZ8s6uTfZEE=
-26,-33,mMqH+nLH5T0G69RP9mKxs3PGWns=,cm9UGr8YgKC2gypJaZ8s6uTfZEE=
-27,-33,mMqH+nLH5T0G69RP9mKxs3PGWns=,cm9UGr8YgKC2gypJaZ8s6uTfZEE=
-28,-44,mMqH+nLH5T0G69RP9mKxs3PGWns=,cm9UGr8YgKC2gypJaZ8s6uTfZEE=
-29,-33,mMqH+nLH5T0G69RP9mKxs3PGWns=,cm9UGr8YgKC2gypJaZ8s6uTfZEE=
-28,-33,mMqH+nLH5T0G69RP9mKxs3PGWns=,cm9UGr8YgKC2gypJaZ8s6uTfZEE=
-27,-44,mMqH+nLH5T0G69RP9mKxs3PGWns=,cm9UGr8YgKC2gypJaZ8s6uTfZEE=
-30,-33,mMqH+nLH5T0G69RP9mKxs3PGWns=,cm9UGr8YgKC2gypJaZ8s6uTfZEE=
-31,-33,mMqH+nLH5T0G69RP9mKxs3PGWns=,cm9UGr8YgKC2gypJaZ8s6uTfZEE=
-26,-44,mMqH+nLH5T0G69RP9mKxs3PGWns=,cm9UGr8YgKC2gypJaZ8s6uTfZEE=
-32,-33,mMqH+nLH5T0G69RP9mKxs3PGWns=,cm9UGr8YgKC2gypJaZ8s6uTfZEE=
-18,-47,mMqH+nLH5T0G69RP9mKxs3PGWns=,cm9UGr8YgKC2gypJaZ8s6uTfZEE=
-25,-44,mMqH+nLH5T0G69RP9mKxs3PGWns=,cm9UGr8YgKC2gypJaZ8s6uTfZEE=
-17,-34,mMqH+nLH5T0G69RP9mKxs3PGWns=,cm9UGr8YgKC2gypJaZ8s6uTfZEE=
-18,-34,mMqH+nLH5T0G69RP9mKxs3PGWns=,cm9UGr8YgKC2gypJaZ8s6uTfZEE=
-24,-44,mMqH+nLH5T0G69RP9mKxs3PGWns=,cm9UGr8YgKC2gypJaZ8s6uTfZEE=
-19,-34,mMqH+nLH5T0G69RP9mKxs3PGWns=,cm9UGr8YgKC2gypJaZ8s6uTfZEE=
-20,-34,mMqH+nLH5T0G69RP9mKxs3PGWns=,cm9UGr8YgKC2gypJaZ8s6uTfZEE=
-23,-44,mMqH+nLH5T0G69RP9mKxs3PGWns=,cm9UGr8YgKC2gypJaZ8s6uTfZEE=
-22,-34,mMqH+nLH5T0G69RP9mKxs3PGWns=,cm9UGr8YgKC2gypJaZ8s6uTfZEE=
-22,-44,mMqH+nLH5T0G69RP9mKxs3PGWns=,cm9UGr8YgKC2gypJaZ8s6uTfZEE=
-21,-34,mMqH+nLH5T0G69RP9mKxs3PGWns=,cm9UGr8YgKC2gypJaZ8s6uTfZEE=
-23,-34,mMqH+nLH5T0G69RP9mKxs3PGWns=,cm9UGr8YgKC2gypJaZ8s6uTfZEE=
-24,-34,mMqH+nLH5T0G69RP9mKxs3PGWns=,cm9UGr8YgKC2gypJaZ8s6uTfZEE=
-21,-44,mMqH+nLH5T0G69RP9mKxs3PGWns=,cm9UGr8YgKC2gypJaZ8s6uTfZEE=
-25,-34,mMqH+nLH5T0G69RP9mKxs3PGWns=,cm9UGr8YgKC2gypJaZ8s6uTfZEE=
-26,-34,mMqH+nLH5T0G69RP9mKxs3PGWns=,cm9UGr8YgKC2gypJaZ8s6uTfZEE=
-17,-46,mMqH+nLH5T0G69RP9mKxs3PGWns=,cm9UGr8YgKC2gypJaZ8s6uTfZEE=
-27,-34,mMqH+nLH5T0G69RP9mKxs3PGWns=,cm9UGr8YgKC2gypJaZ8s6uTfZEE=
-26,-48,mMqH+nLH5T0G69RP9mKxs3PGWns=,cm9UGr8YgKC2gypJaZ8s6uTfZEE=
-28,-34,mMqH+nLH5T0G69RP9mKxs3PGWns=,cm9UGr8YgKC2gypJaZ8s6uTfZEE=
-29,-34,mMqH+nLH5T0G69RP9mKxs3PGWns=,cm9UGr8YgKC2gypJaZ8s6uTfZEE=
-20,-44,mMqH+nLH5T0G69RP9mKxs3PGWns=,cm9UGr8YgKC2gypJaZ8s6uTfZEE=
-30,-34,mMqH+nLH5T0G69RP9mKxs3PGWns=,cm9UGr8YgKC2gypJaZ8s6uTfZEE=
-31,-47,mMqH+nLH5T0G69RP9mKxs3PGWns=,cm9UGr8YgKC2gypJaZ8s6uTfZEE=
-19,-44,mMqH+nLH5T0G69RP9mKxs3PGWns=,cm9UGr8YgKC2gypJaZ8s6uTfZEE=
-32,-47,mMqH+nLH5T0G69RP9mKxs3PGWns=,cm9UGr8YgKC2gypJaZ8s6uTfZEE=
-23,-45,mMqH+nLH5T0G69RP9mKxs3PGWns=,cm9UGr8YgKC2gypJaZ8s6uTfZEE=
-18,-44,mMqH+nLH5T0G69RP9mKxs3PGWns=,cm9UGr8YgKC2gypJaZ8s6uTfZEE=
-32,-34,mMqH+nLH5T0G69RP9mKxs3PGWns=,cm9UGr8YgKC2gypJaZ8s6uTfZEE=
-31,-34,mMqH+nLH5T0G69RP9mKxs3PGWns=,cm9UGr8YgKC2gypJaZ8s6uTfZEE=
-17,-44,mMqH+nLH5T0G69RP9mKxs3PGWns=,cm9UGr8YgKC2gypJaZ8s6uTfZEE=
-31,-48,mMqH+nLH5T0G69RP9mKxs3PGWns=,cm9UGr8YgKC2gypJaZ8s6uTfZEE=
-17,-35,mMqH+nLH5T0G69RP9mKxs3PGWns=,cm9UGr8YgKC2gypJaZ8s6uTfZEE=
-29,-47,mMqH+nLH5T0G69RP9mKxs3PGWns=,cm9UGr8YgKC2gypJaZ8s6uTfZEE=
-18,-35,mMqH+nLH5T0G69RP9mKxs3PGWns=,cm9UGr8YgKC2gypJaZ8s6uTfZEE=
-19,-35,mMqH+nLH5T0G69RP9mKxs3PGWns=,cm9UGr8YgKC2gypJaZ8s6uTfZEE=
-32,-43,mMqH+nLH5T0G69RP9mKxs3PGWns=,cm9UGr8YgKC2gypJaZ8s6uTfZEE=
-20,-35,mMqH+nLH5T0G69RP9mKxs3PGWns=,cm9UGr8YgKC2gypJaZ8s6uTfZEE=
-21,-35,mMqH+nLH5T0G69RP9mKxs3PGWns=,cm9UGr8YgKC2gypJaZ8s6uTfZEE=
-31,-43,mMqH+nLH5T0G69RP9mKxs3PGWns=,cm9UGr8YgKC2gypJaZ8s6uTfZEE=
-22,-35,mMqH+nLH5T0G69RP9mKxs3PGWns=,cm9UGr8YgKC2gypJaZ8s6uTfZEE=
-23,-35,mMqH+nLH5T0G69RP9mKxs3PGWns=,cm9UGr8YgKC2gypJaZ8s6uTfZEE=
-30,-43,mMqH+nLH5T0G69RP9mKxs3PGWns=,cm9UGr8YgKC2gypJaZ8s6uTfZEE=
-24,-35,mMqH+nLH5T0G69RP9mKxs3PGWns=,cm9UGr8YgKC2gypJaZ8s6uTfZEE=
-25,-35,mMqH+nLH5T0G69RP9mKxs3PGWns=,cm9UGr8YgKC2gypJaZ8s6uTfZEE=
-29,-43,mMqH+nLH5T0G69RP9mKxs3PGWns=,cm9UGr8YgKC2gypJaZ8s6uTfZEE=
-26,-35,mMqH+nLH5T0G69RP9mKxs3PGWns=,cm9UGr8YgKC2gypJaZ8s6uTfZEE=
-27,-35,mMqH+nLH5T0G69RP9mKxs3PGWns=,cm9UGr8YgKC2gypJaZ8s6uTfZEE=
-28,-43,mMqH+nLH5T0G69RP9mKxs3PGWns=,cm9UGr8YgKC2gypJaZ8s6uTfZEE=
-28,-35,mMqH+nLH5T0G69RP9mKxs3PGWns=,cm9UGr8YgKC2gypJaZ8s6uTfZEE=
-27,-43,mMqH+nLH5T0G69RP9mKxs3PGWns=,cm9UGr8YgKC2gypJaZ8s6uTfZEE=
-29,-35,mMqH+nLH5T0G69RP9mKxs3PGWns=,cm9UGr8YgKC2gypJaZ8s6uTfZEE=
-19,-47,mMqH+nLH5T0G69RP9mKxs3PGWns=,cm9UGr8YgKC2gypJaZ8s6uTfZEE=
-17,-48,mMqH+nLH5T0G69RP9mKxs3PGWns=,cm9UGr8YgKC2gypJaZ8s6uTfZEE=
-26,-43,mMqH+nLH5T0G69RP9mKxs3PGWns=,cm9UGr8YgKC2gypJaZ8s6uTfZEE=
-32,-48,mMqH+nLH5T0G69RP9mKxs3PGWns=,cm9UGr8YgKC2gypJaZ8s6uTfZEE=
-24,-45,mMqH+nLH5T0G69RP9mKxs3PGWns=,cm9UGr8YgKC2gypJaZ8s6uTfZEE=
-25,-43,mMqH+nLH5T0G69RP9mKxs3PGWns=,cm9UGr8YgKC2gypJaZ8s6uTfZEE=
-24,-43,mMqH+nLH5T0G69RP9mKxs3PGWns=,cm9UGr8YgKC2gypJaZ8s6uTfZEE=
-31,-35,mMqH+nLH5T0G69RP9mKxs3PGWns=,cm9UGr8YgKC2gypJaZ8s6uTfZEE=
-30,-35,mMqH+nLH5T0G69RP9mKxs3PGWns=,cm9UGr8YgKC2gypJaZ8s6uTfZEE=
-32,-35,mMqH+nLH5T0G69RP9mKxs3PGWns=,cm9UGr8YgKC2gypJaZ8s6uTfZEE=
-20,-47,mMqH+nLH5T0G69RP9mKxs3PGWns=,cm9UGr8YgKC2gypJaZ8s6uTfZEE=
-23,-43,mMqH+nLH5T0G69RP9mKxs3PGWns=,cm9UGr8YgKC2gypJaZ8s6uTfZEE=
-17,-36,mMqH+nLH5T0G69RP9mKxs3PGWns=,cm9UGr8YgKC2gypJaZ8s6uTfZEE=
-22,-43,mMqH+nLH5T0G69RP9mKxs3PGWns=,cm9UGr8YgKC2gypJaZ8s6uTfZEE=
-18,-36,mMqH+nLH5T0G69RP9mKxs3PGWns=,cm9UGr8YgKC2gypJaZ8s6uTfZEE=
-19,-36,mMqH+nLH5T0G69RP9mKxs3PGWns=,cm9UGr8YgKC2gypJaZ8s6uTfZEE=
-28,-47,mMqH+nLH5T0G69RP9mKxs3PGWns=,cm9UGr8YgKC2gypJaZ8s6uTfZEE=
-20,-36,mMqH+nLH5T0G69RP9mKxs3PGWns=,cm9UGr8YgKC2gypJaZ8s6uTfZEE=
-21,-36,mMqH+nLH5T0G69RP9mKxs3PGWns=,cm9UGr8YgKC2gypJaZ8s6uTfZEE=
-22,-36,mMqH+nLH5T0G69RP9mKxs3PGWns=,cm9UGr8YgKC2gypJaZ8s6uTfZEE=
-32,-45,mMqH+nLH5T0G69RP9mKxs3PGWns=,cm9UGr8YgKC2gypJaZ8s6uTfZEE=
-23,-36,mMqH+nLH5T0G69RP9mKxs3PGWns=,cm9UGr8YgKC2gypJaZ8s6uTfZEE=
-24,-36,mMqH+nLH5T0G69RP9mKxs3PGWns=,cm9UGr8YgKC2gypJaZ8s6uTfZEE=
-25,-36,mMqH+nLH5T0G69RP9mKxs3PGWns=,cm9UGr8YgKC2gypJaZ8s6uTfZEE=
-25,-48,mMqH+nLH5T0G69RP9mKxs3PGWns=,cm9UGr8YgKC2gypJaZ8s6uTfZEE=
-26,-36,mMqH+nLH5T0G69RP9mKxs3PGWns=,cm9UGr8YgKC2gypJaZ8s6uTfZEE=
-21,-43,mMqH+nLH5T0G69RP9mKxs3PGWns=,cm9UGr8YgKC2gypJaZ8s6uTfZEE=
-27,-36,mMqH+nLH5T0G69RP9mKxs3PGWns=,cm9UGr8YgKC2gypJaZ8s6uTfZEE=
-28,-36,mMqH+nLH5T0G69RP9mKxs3PGWns=,cm9UGr8YgKC2gypJaZ8s6uTfZEE=
-20,-43,mMqH+nLH5T0G69RP9mKxs3PGWns=,cm9UGr8YgKC2gypJaZ8s6uTfZEE=
-18,-48,mMqH+nLH5T0G69RP9mKxs3PGWns=,cm9UGr8YgKC2gypJaZ8s6uTfZEE=
-29,-36,mMqH+nLH5T0G69RP9mKxs3PGWns=,cm9UGr8YgKC2gypJaZ8s6uTfZEE=
-25,-45,mMqH+nLH5T0G69RP9mKxs3PGWns=,cm9UGr8YgKC2gypJaZ8s6uTfZEE=
-19,-43,mMqH+nLH5T0G69RP9mKxs3PGWns=,cm9UGr8YgKC2gypJaZ8s6uTfZEE=
-30,-36,mMqH+nLH5T0G69RP9mKxs3PGWns=,cm9UGr8YgKC2gypJaZ8s6uTfZEE=
-18,-43,mMqH+nLH5T0G69RP9mKxs3PGWns=,cm9UGr8YgKC2gypJaZ8s6uTfZEE=
-31,-36,mMqH+nLH5T0G69RP9mKxs3PGWns=,cm9UGr8YgKC2gypJaZ8s6uTfZEE=
-32,-36,mMqH+nLH5T0G69RP9mKxs3PGWns=,cm9UGr8YgKC2gypJaZ8s6uTfZEE=
-17,-43,mMqH+nLH5T0G69RP9mKxs3PGWns=,cm9UGr8YgKC2gypJaZ8s6uTfZEE=
-21,-47,mMqH+nLH5T0G69RP9mKxs3PGWns=,cm9UGr8YgKC2gypJaZ8s6uTfZEE=
-17,-37,mMqH+nLH5T0G69RP9mKxs3PGWns=,cm9UGr8YgKC2gypJaZ8s6uTfZEE=
-27,-47,mMqH+nLH5T0G69RP9mKxs3PGWns=,cm9UGr8YgKC2gypJaZ8s6uTfZEE=
-19,-37,mMqH+nLH5T0G69RP9mKxs3PGWns=,cm9UGr8YgKC2gypJaZ8s6uTfZEE=
-18,-37,mMqH+nLH5T0G69RP9mKxs3PGWns=,cm9UGr8YgKC2gypJaZ8s6uTfZEE=
-32,-42,mMqH+nLH5T0G69RP9mKxs3PGWns=,cm9UGr8YgKC2gypJaZ8s6uTfZEE=
-20,-37,mMqH+nLH5T0G69RP9mKxs3PGWns=,cm9UGr8YgKC2gypJaZ8s6uTfZEE=
-21,-37,mMqH+nLH5T0G69RP9mKxs3PGWns=,cm9UGr8YgKC2gypJaZ8s6uTfZEE=
-31,-42,mMqH+nLH5T0G69RP9mKxs3PGWns=,cm9UGr8YgKC2gypJaZ8s6uTfZEE=
-23,-37,mMqH+nLH5T0G69RP9mKxs3PGWns=,cm9UGr8YgKC2gypJaZ8s6uTfZEE=
-22,-37,mMqH+nLH5T0G69RP9mKxs3PGWns=,cm9UGr8YgKC2gypJaZ8s6uTfZEE=
-30,-42,mMqH+nLH5T0G69RP9mKxs3PGWns=,cm9UGr8YgKC2gypJaZ8s6uTfZEE=
-24,-37,mMqH+nLH5T0G69RP9mKxs3PGWns=,cm9UGr8YgKC2gypJaZ8s6uTfZEE=
-25,-37,mMqH+nLH5T0G69RP9mKxs3PGWns=,cm9UGr8YgKC2gypJaZ8s6uTfZEE=
-29,-42,mMqH+nLH5T0G69RP9mKxs3PGWns=,cm9UGr8YgKC2gypJaZ8s6uTfZEE=
-26,-37,mMqH+nLH5T0G69RP9mKxs3PGWns=,cm9UGr8YgKC2gypJaZ8s6uTfZEE=
-28,-42,mMqH+nLH5T0G69RP9mKxs3PGWns=,cm9UGr8YgKC2gypJaZ8s6uTfZEE=
-27,-37,mMqH+nLH5T0G69RP9mKxs3PGWns=,cm9UGr8YgKC2gypJaZ8s6uTfZEE=
-19,-48,mMqH+nLH5T0G69RP9mKxs3PGWns=,cm9UGr8YgKC2gypJaZ8s6uTfZEE=
-27,-42,mMqH+nLH5T0G69RP9mKxs3PGWns=,cm9UGr8YgKC2gypJaZ8s6uTfZEE=
-26,-45,mMqH+nLH5T0G69RP9mKxs3PGWns=,cm9UGr8YgKC2gypJaZ8s6uTfZEE=
-28,-37,mMqH+nLH5T0G69RP9mKxs3PGWns=,cm9UGr8YgKC2gypJaZ8s6uTfZEE=
-26,-42,mMqH+nLH5T0G69RP9mKxs3PGWns=,cm9UGr8YgKC2gypJaZ8s6uTfZEE=
-29,-37,mMqH+nLH5T0G69RP9mKxs3PGWns=,cm9UGr8YgKC2gypJaZ8s6uTfZEE=
-30,-37,mMqH+nLH5T0G69RP9mKxs3PGWns=,cm9UGr8YgKC2gypJaZ8s6uTfZEE=
-25,-42,mMqH+nLH5T0G69RP9mKxs3PGWns=,cm9UGr8YgKC2gypJaZ8s6uTfZEE=
-31,-37,mMqH+nLH5T0G69RP9mKxs3PGWns=,cm9UGr8YgKC2gypJaZ8s6uTfZEE=
-32,-37,mMqH+nLH5T0G69RP9mKxs3PGWns=,cm9UGr8YgKC2gypJaZ8s6uTfZEE=
-24,-42,mMqH+nLH5T0G69RP9mKxs3PGWns=,cm9UGr8YgKC2gypJaZ8s6uTfZEE=
-22,-47,mMqH+nLH5T0G69RP9mKxs3PGWns=,cm9UGr8YgKC2gypJaZ8s6uTfZEE=
-17,-38,mMqH+nLH5T0G69RP9mKxs3PGWns=,cm9UGr8YgKC2gypJaZ8s6uTfZEE=
-23,-42,mMqH+nLH5T0G69RP9mKxs3PGWns=,cm9UGr8YgKC2gypJaZ8s6uTfZEE=
-18,-38,mMqH+nLH5T0G69RP9mKxs3PGWns=,cm9UGr8YgKC2gypJaZ8s6uTfZEE=
-31,-45,mMqH+nLH5T0G69RP9mKxs3PGWns=,cm9UGr8YgKC2gypJaZ8s6uTfZEE=
-19,-38,mMqH+nLH5T0G69RP9mKxs3PGWns=,cm9UGr8YgKC2gypJaZ8s6uTfZEE=
-20,-38,mMqH+nLH5T0G69RP9mKxs3PGWns=,cm9UGr8YgKC2gypJaZ8s6uTfZEE=
-24,-48,mMqH+nLH5T0G69RP9mKxs3PGWns=,cm9UGr8YgKC2gypJaZ8s6uTfZEE=
-21,-38,mMqH+nLH5T0G69RP9mKxs3PGWns=,cm9UGr8YgKC2gypJaZ8s6uTfZEE=
-22,-38,mMqH+nLH5T0G69RP9mKxs3PGWns=,cm9UGr8YgKC2gypJaZ8s6uTfZEE=
-22,-42,mMqH+nLH5T0G69RP9mKxs3PGWns=,cm9UGr8YgKC2gypJaZ8s6uTfZEE=
-23,-38,mMqH+nLH5T0G69RP9mKxs3PGWns=,cm9UGr8YgKC2gypJaZ8s6uTfZEE=
-24,-38,mMqH+nLH5T0G69RP9mKxs3PGWns=,cm9UGr8YgKC2gypJaZ8s6uTfZEE=
-21,-42,mMqH+nLH5T0G69RP9mKxs3PGWns=,cm9UGr8YgKC2gypJaZ8s6uTfZEE=
-26,-38,mMqH+nLH5T0G69RP9mKxs3PGWns=,cm9UGr8YgKC2gypJaZ8s6uTfZEE=
-20,-42,mMqH+nLH5T0G69RP9mKxs3PGWns=,cm9UGr8YgKC2gypJaZ8s6uTfZEE=
-20,-48,mMqH+nLH5T0G69RP9mKxs3PGWns=,cm9UGr8YgKC2gypJaZ8s6uTfZEE=
-25,-38,mMqH+nLH5T0G69RP9mKxs3PGWns=,cm9UGr8YgKC2gypJaZ8s6uTfZEE=
-27,-45,mMqH+nLH5T0G69RP9mKxs3PGWns=,cm9UGr8YgKC2gypJaZ8s6uTfZEE=
-19,-42,mMqH+nLH5T0G69RP9mKxs3PGWns=,cm9UGr8YgKC2gypJaZ8s6uTfZEE=
-27,-38,mMqH+nLH5T0G69RP9mKxs3PGWns=,cm9UGr8YgKC2gypJaZ8s6uTfZEE=
-28,-38,mMqH+nLH5T0G69RP9mKxs3PGWns=,cm9UGr8YgKC2gypJaZ8s6uTfZEE=
-18,-42,mMqH+nLH5T0G69RP9mKxs3PGWns=,cm9UGr8YgKC2gypJaZ8s6uTfZEE=
-29,-38,mMqH+nLH5T0G69RP9mKxs3PGWns=,cm9UGr8YgKC2gypJaZ8s6uTfZEE=
-17,-42,mMqH+nLH5T0G69RP9mKxs3PGWns=,cm9UGr8YgKC2gypJaZ8s6uTfZEE=
-30,-38,mMqH+nLH5T0G69RP9mKxs3PGWns=,cm9UGr8YgKC2gypJaZ8s6uTfZEE=
-31,-38,mMqH+nLH5T0G69RP9mKxs3PGWns=,cm9UGr8YgKC2gypJaZ8s6uTfZEE=
-26,-47,mMqH+nLH5T0G69RP9mKxs3PGWns=,cm9UGr8YgKC2gypJaZ8s6uTfZEE=
-32,-38,mMqH+nLH5T0G69RP9mKxs3PGWns=,cm9UGr8YgKC2gypJaZ8s6uTfZEE=
-23,-47,mMqH+nLH5T0G69RP9mKxs3PGWns=,cm9UGr8YgKC2gypJaZ8s6uTfZEE=
-32,-41,mMqH+nLH5T0G69RP9mKxs3PGWns=,cm9UGr8YgKC2gypJaZ8s6uTfZEE=
-17,-39,mMqH+nLH5T0G69RP9mKxs3PGWns=,cm9UGr8YgKC2gypJaZ8s6uTfZEE=
-18,-39,mMqH+nLH5T0G69RP9mKxs3PGWns=,cm9UGr8YgKC2gypJaZ8s6uTfZEE=
-31,-41,mMqH+nLH5T0G69RP9mKxs3PGWns=,cm9UGr8YgKC2gypJaZ8s6uTfZEE=
-19,-39,mMqH+nLH5T0G69RP9mKxs3PGWns=,cm9UGr8YgKC2gypJaZ8s6uTfZEE=
-30,-41,mMqH+nLH5T0G69RP9mKxs3PGWns=,cm9UGr8YgKC2gypJaZ8s6uTfZEE=
-20,-39,mMqH+nLH5T0G69RP9mKxs3PGWns=,cm9UGr8YgKC2gypJaZ8s6uTfZEE=
-21,-39,mMqH+nLH5T0G69RP9mKxs3PGWns=,cm9UGr8YgKC2gypJaZ8s6uTfZEE=
-22,-39,mMqH+nLH5T0G69RP9mKxs3PGWns=,cm9UGr8YgKC2gypJaZ8s6uTfZEE=
-29,-41,mMqH+nLH5T0G69RP9mKxs3PGWns=,cm9UGr8YgKC2gypJaZ8s6uTfZEE=
-23,-39,mMqH+nLH5T0G69RP9mKxs3PGWns=,cm9UGr8YgKC2gypJaZ8s6uTfZEE=
-24,-39,mMqH+nLH5T0G69RP9mKxs3PGWns=,cm9UGr8YgKC2gypJaZ8s6uTfZEE=
-28,-41,mMqH+nLH5T0G69RP9mKxs3PGWns=,cm9UGr8YgKC2gypJaZ8s6uTfZEE=
-25,-39,mMqH+nLH5T0G69RP9mKxs3PGWns=,cm9UGr8YgKC2gypJaZ8s6uTfZEE=
-27,-41,mMqH+nLH5T0G69RP9mKxs3PGWns=,cm9UGr8YgKC2gypJaZ8s6uTfZEE=
-28,-45,mMqH+nLH5T0G69RP9mKxs3PGWns=,cm9UGr8YgKC2gypJaZ8s6uTfZEE=
-21,-48,mMqH+nLH5T0G69RP9mKxs3PGWns=,cm9UGr8YgKC2gypJaZ8s6uTfZEE=
-26,-41,mMqH+nLH5T0G69RP9mKxs3PGWns=,cm9UGr8YgKC2gypJaZ8s6uTfZEE=
-26,-39,mMqH+nLH5T0G69RP9mKxs3PGWns=,cm9UGr8YgKC2gypJaZ8s6uTfZEE=
-27,-39,mMqH+nLH5T0G69RP9mKxs3PGWns=,cm9UGr8YgKC2gypJaZ8s6uTfZEE=
-25,-41,mMqH+nLH5T0G69RP9mKxs3PGWns=,cm9UGr8YgKC2gypJaZ8s6uTfZEE=
-28,-39,mMqH+nLH5T0G69RP9mKxs3PGWns=,cm9UGr8YgKC2gypJaZ8s6uTfZEE=
-29,-39,mMqH+nLH5T0G69RP9mKxs3PGWns=,cm9UGr8YgKC2gypJaZ8s6uTfZEE=
-24,-41,mMqH+nLH5T0G69RP9mKxs3PGWns=,cm9UGr8YgKC2gypJaZ8s6uTfZEE=
-30,-39,mMqH+nLH5T0G69RP9mKxs3PGWns=,cm9UGr8YgKC2gypJaZ8s6uTfZEE=
-31,-39,mMqH+nLH5T0G69RP9mKxs3PGWns=,cm9UGr8YgKC2gypJaZ8s6uTfZEE=
-30,-45,mMqH+nLH5T0G69RP9mKxs3PGWns=,cm9UGr8YgKC2gypJaZ8s6uTfZEE=
-32,-39,mMqH+nLH5T0G69RP9mKxs3PGWns=,cm9UGr8YgKC2gypJaZ8s6uTfZEE=
-24,-47,mMqH+nLH5T0G69RP9mKxs3PGWns=,cm9UGr8YgKC2gypJaZ8s6uTfZEE=
-23,-48,mMqH+nLH5T0G69RP9mKxs3PGWns=,cm9UGr8YgKC2gypJaZ8s6uTfZEE=
-17,-40,mMqH+nLH5T0G69RP9mKxs3PGWns=,cm9UGr8YgKC2gypJaZ8s6uTfZEE=
-23,-41,mMqH+nLH5T0G69RP9mKxs3PGWns=,cm9UGr8YgKC2gypJaZ8s6uTfZEE=
-18,-40,mMqH+nLH5T0G69RP9mKxs3PGWns=,cm9UGr8YgKC2gypJaZ8s6uTfZEE=
-19,-40,mMqH+nLH5T0G69RP9mKxs3PGWns=,cm9UGr8YgKC2gypJaZ8s6uTfZEE=
-22,-41,mMqH+nLH5T0G69RP9mKxs3PGWns=,cm9UGr8YgKC2gypJaZ8s6uTfZEE=
-20,-40,mMqH+nLH5T0G69RP9mKxs3PGWns=,cm9UGr8YgKC2gypJaZ8s6uTfZEE=
-21,-40,mMqH+nLH5T0G69RP9mKxs3PGWns=,cm9UGr8YgKC2gypJaZ8s6uTfZEE=
-21,-41,mMqH+nLH5T0G69RP9mKxs3PGWns=,cm9UGr8YgKC2gypJaZ8s6uTfZEE=
-22,-40,mMqH+nLH5T0G69RP9mKxs3PGWns=,cm9UGr8YgKC2gypJaZ8s6uTfZEE=
-23,-40,mMqH+nLH5T0G69RP9mKxs3PGWns=,cm9UGr8YgKC2gypJaZ8s6uTfZEE=
-20,-41,mMqH+nLH5T0G69RP9mKxs3PGWns=,cm9UGr8YgKC2gypJaZ8s6uTfZEE=
-24,-40,mMqH+nLH5T0G69RP9mKxs3PGWns=,cm9UGr8YgKC2gypJaZ8s6uTfZEE=
-22,-48,mMqH+nLH5T0G69RP9mKxs3PGWns=,cm9UGr8YgKC2gypJaZ8s6uTfZEE=
-19,-41,mMqH+nLH5T0G69RP9mKxs3PGWns=,cm9UGr8YgKC2gypJaZ8s6uTfZEE=
-29,-45,mMqH+nLH5T0G69RP9mKxs3PGWns=,cm9UGr8YgKC2gypJaZ8s6uTfZEE=
-25,-40,mMqH+nLH5T0G69RP9mKxs3PGWns=,cm9UGr8YgKC2gypJaZ8s6uTfZEE=
-18,-41,mMqH+nLH5T0G69RP9mKxs3PGWns=,cm9UGr8YgKC2gypJaZ8s6uTfZEE=
-26,-40,mMqH+nLH5T0G69RP9mKxs3PGWns=,cm9UGr8YgKC2gypJaZ8s6uTfZEE=
-27,-40,mMqH+nLH5T0G69RP9mKxs3PGWns=,cm9UGr8YgKC2gypJaZ8s6uTfZEE=
-28,-40,mMqH+nLH5T0G69RP9mKxs3PGWns=,cm9UGr8YgKC2gypJaZ8s6uTfZEE=
-17,-41,mMqH+nLH5T0G69RP9mKxs3PGWns=,cm9UGr8YgKC2gypJaZ8s6uTfZEE=
-29,-40,mMqH+nLH5T0G69RP9mKxs3PGWns=,cm9UGr8YgKC2gypJaZ8s6uTfZEE=
-25,-47,mMqH+nLH5T0G69RP9mKxs3PGWns=,cm9UGr8YgKC2gypJaZ8s6uTfZEE=
-30,-40,mMqH+nLH5T0G69RP9mKxs3PGWns=,cm9UGr8YgKC2gypJaZ8s6uTfZEE=
-31,-40,mMqH+nLH5T0G69RP9mKxs3PGWns=,cm9UGr8YgKC2gypJaZ8s6uTfZEE=
-32,-40,mMqH+nLH5T0G69RP9mKxs3PGWns=,cm9UGr8YgKC2gypJaZ8s6uTfZEE=
