35,32,xYzKrHJCyJApq7qgx28P1UlZAt0=,WjOCbhkzEiMlhJ96JRiXSWlN6pU=
47,33,xYzKrHJCyJApq7qgx28P1UlZAt0=,WjOCbhkzEiMlhJ96JRiXSWlN6pU=
44,34,xYzKrHJCyJApq7qgx28P1UlZAt0=,WjOCbhkzEiMlhJ96JRiXSWlN6pU=
45,34,xYzKrHJCyJApq7qgx28P1UlZAt0=,WjOCbhkzEiMlhJ96JRiXSWlN6pU=
43,34,xYzKrHJCyJApq7qgx28P1UlZAt0=,WjOCbhkzEiMlhJ96JRiXSWlN6pU=
42,34,xYzKrHJCyJApq7qgx28P1UlZAt0=,WjOCbhkzEiMlhJ96JRiXSWlN6pU=
44,35,xYzKrHJCyJApq7qgx28P1UlZAt0=,WjOCbhkzEiMlhJ96JRiXSWlN6pU=
41,34,xYzKrHJCyJApq7qgx28P1UlZAt0=,WjOCbhkzEiMlhJ96JRiXSWlN6pU=
40,34,xYzKrHJCyJApq7qgx28P1UlZAt0=,WjOCbhkzEiMlhJ96JRiXSWlN6pU=
46,34,xYzKrHJCyJApq7qgx28P1UlZAt0=,WjOCbhkzEiMlhJ96JRiXSWlN6pU=
36,32,xYzKrHJCyJApq7qgx28P1UlZAt0=,WjOCbhkzEiMlhJ96JRiXSWlN6pU=
39,34,xYzKrHJCyJApq7qgx28P1UlZAt0=,WjOCbhkzEiMlhJ96JRiXSWlN6pU=
38,34,xYzKrHJCyJApq7qgx28P1UlZAt0=,WjOCbhkzEiMlhJ96JRiXSWlN6pU=
45,35,xYzKrHJCyJApq7qgx28P1UlZAt0=,WjOCbhkzEiMlhJ96JRiXSWlN6pU=
37,34,xYzKrHJCyJApq7qgx28P1UlZAt0=,WjOCbhkzEiMlhJ96JRiXSWlN6pU=
46,35,xYzKrHJCyJApq7qgx28P1UlZAt0=,WjOCbhkzEiMlhJ96JRiXSWlN6pU=
47,47,xYzKrHJCyJApq7qgx28P1UlZAt0=,WjOCbhkzEiMlhJ96JRiXSWlN6pU=
37,32,xYzKrHJCyJApq7qgx28P1UlZAt0=,WjOCbhkzEiMlhJ96JRiXSWlN6pU=
36,34,xYzKrHJCyJApq7qgx28P1UlZAt0=,WjOCbhkzEiMlhJ96JRiXSWlN6pU=
34,33,xYzKrHJCyJApq7qgx28P1UlZAt0=,WjOCbhkzEiMlhJ96JRiXSWlN6pU=
47,35,xYzKrHJCyJApq7qgx28P1UlZAt0=,WjOCbhkzEiMlhJ96JRiXSWlN6pU=
35,34,xYzKrHJCyJApq7qgx28P1UlZAt0=,WjOCbhkzEiMlhJ96JRiXSWlN6pU=
34,34,xYzKrHJCyJApq7qgx28P1UlZAt0=,WjOCbhkzEiMlhJ96JRiXSWlN6pU=
32,36,xYzKrHJCyJApq7qgx28P1UlZAt0=,WjOCbhkzEiMlhJ96JRiXSWlN6pU=
32,34,xYzKrHJCyJApq7qgx28P1UlZAt0=,WjOCbhkzEiMlhJ96JRiXSWlN6pU=
46,47,xYzKrHJCyJApq7qgx28P1UlZAt0=,WjOCbhkzEiMlhJ96JRiXSWlN6pU=
43,35,xYzKrHJCyJApq7qgx28P1UlZAt0=,WjOCbhkzEiMlhJ96JRiXSWlN6pU=
45,47,xYzKrHJCyJApq7qgx28P1UlZAt0=,WjOCbhkzEiMlhJ96JRiXSWlN6pU=
34,32,xYzKrHJCyJApq7qgx28P1UlZAt0=,WjOCbhkzEiMlhJ96JRiXSWlN6pU=
33,34,xYzKrHJCyJApq7qgx28P1UlZAt0=,WjOCbhkzEiMlhJ96JRiXSWlN6pU=
44,47,xYzKrHJCyJApq7qgx28P1UlZAt0=,WjOCbhkzEiMlhJ96JRiXSWlN6pU=
42,35,xYzKrHJCyJApq7qgx28P1UlZAt0=,WjOCbhkzEiMlhJ96JRiXSWlN6pU=
43,47,xYzKrHJCyJApq7qgx28P1UlZAt0=,WjOCbhkzEiMlhJ96JRiXSWlN6pU=
42,47,xYzKrHJCyJApq7qgx28P1UlZAt0=,WjOCbhkzEiMlhJ96JRiXSWlN6pU=
41,47,xYzKrHJCyJApq7qgx28P1UlZAt0=,WjOCbhkzEiMlhJ96JRiXSWlN6pU=
40,47,xYzKrHJCyJApq7qgx28P1UlZAt0=,WjOCbhkzEiMlhJ96JRiXSWlN6pU=
39,47,xYzKrHJCyJApq7qgx28P1UlZAt0=,WjOCbhkzEiMlhJ96JRiXSWlN6pU=
38,47,xYzKrHJCyJApq7qgx28P1UlZAt0=,WjOCbhkzEiMlhJ96JRiXSWlN6pU=
37,47,xYzKrHJCyJApq7qgx28P1UlZAt0=,WjOCbhkzEiMlhJ96JRiXSWlN6pU=
36,47,xYzKrHJCyJApq7qgx28P1UlZAt0=,WjOCbhkzEiMlhJ96JRiXSWlN6pU=
35,47,xYzKrHJCyJApq7qgx28P1UlZAt0=,WjOCbhkzEiMlhJ96JRiXSWlN6pU=
34,47,xYzKrHJCyJApq7qgx28P1UlZAt0=,WjOCbhkzEiMlhJ96JRiXSWlN6pU=
33,36,xYzKrHJCyJApq7qgx28P1UlZAt0=,WjOCbhkzEiMlhJ96JRiXSWlN6pU=
34,36,xYzKrHJCyJApq7qgx28P1UlZAt0=,WjOCbhkzEiMlhJ96JRiXSWlN6pU=
35,36,xYzKrHJCyJApq7qgx28P1UlZAt0=,WjOCbhkzEiMlhJ96JRiXSWlN6pU=
36,36,xYzKrHJCyJApq7qgx28P1UlZAt0=,WjOCbhkzEiMlhJ96JRiXSWlN6pU=
37,36,xYzKrHJCyJApq7qgx28P1UlZAt0=,WjOCbhkzEiMlhJ96JRiXSWlN6pU=
38,36,xYzKrHJCyJApq7qgx28P1UlZAt0=,WjOCbhkzEiMlhJ96JRiXSWlN6pU=
39,36,xYzKrHJCyJApq7qgx28P1UlZAt0=,WjOCbhkzEiMlhJ96JRiXSWlN6pU=
40,36,xYzKrHJCyJApq7qgx28P1UlZAt0=,WjOCbhkzEiMlhJ96JRiXSWlN6pU=
41,36,xYzKrHJCyJApq7qgx28P1UlZAt0=,WjOCbhkzEiMlhJ96JRiXSWlN6pU=
42,36,xYzKrHJCyJApq7qgx28P1UlZAt0=,WjOCbhkzEiMlhJ96JRiXSWlN6pU=
47,34,xYzKrHJCyJApq7qgx28P1UlZAt0=,WjOCbhkzEiMlhJ96JRiXSWlN6pU=
43,36,xYzKrHJCyJApq7qgx28P1UlZAt0=,WjOCbhkzEiMlhJ96JRiXSWlN6pU=
38,32,xYzKrHJCyJApq7qgx28P1UlZAt0=,WjOCbhkzEiMlhJ96JRiXSWlN6pU=
44,36,xYzKrHJCyJApq7qgx28P1UlZAt0=,WjOCbhkzEiMlhJ96JRiXSWlN6pU=
45,36,xYzKrHJCyJApq7qgx28P1UlZAt0=,WjOCbhkzEiMlhJ96JRiXSWlN6pU=
46,36,xYzKrHJCyJApq7qgx28P1UlZAt0=,WjOCbhkzEiMlhJ96JRiXSWlN6pU=
47,36,xYzKrHJCyJApq7qgx28P1UlZAt0=,WjOCbhkzEiMlhJ96JRiXSWlN6pU=
33,47,xYzKrHJCyJApq7qgx28P1UlZAt0=,WjOCbhkzEiMlhJ96JRiXSWlN6pU=
46,33,xYzKrHJCyJApq7qgx28P1UlZAt0=,WjOCbhkzEiMlhJ96JRiXSWlN6pU=
47,46,xYzKrHJCyJApq7qgx28P1UlZAt0=,WjOCbhkzEiMlhJ96JRiXSWlN6pU=
46,46,xYzKrHJCyJApq7qgx28P1UlZAt0=,WjOCbhkzEiMlhJ96JRiXSWlN6pU=
45,46,xYzKrHJCyJApq7qgx28P1UlZAt0=,WjOCbhkzEiMlhJ96JRiXSWlN6pU=
44,46,xYzKrHJCyJApq7qgx28P1UlZAt0=,WjOCbhkzEiMlhJ96JRiXSWlN6pU=
43,46,xYzKrHJCyJApq7qgx28P1UlZAt0=,WjOCbhkzEiMlhJ96JRiXSWlN6pU=
42,46,xYzKrHJCyJApq7qgx28P1UlZAt0=,WjOCbhkzEiMlhJ96JRiXSWlN6pU=
41,46,xYzKrHJCyJApq7qgx28P1UlZAt0=,WjOCbhkzEiMlhJ96JRiXSWlN6pU=
40,46,xYzKrHJCyJApq7qgx28P1UlZAt0=,WjOCbhkzEiMlhJ96JRiXSWlN6pU=
39,46,xYzKrHJCyJApq7qgx28P1UlZAt0=,WjOCbhkzEiMlhJ96JRiXSWlN6pU=
38,46,xYzKrHJCyJApq7qgx28P1UlZAt0=,WjOCbhkzEiMlhJ96JRiXSWlN6pU=
37,46,xYzKrHJCyJApq7qgx28P1UlZAt0=,WjOCbhkzEiMlhJ96JRiXSWlN6pU=
36,46,xYzKrHJCyJApq7qgx28P1UlZAt0=,WjOCbhkzEiMlhJ96JRiXSWlN6pU=
35,46,xYzKrHJCyJApq7qgx28P1UlZAt0=,WjOCbhkzEiMlhJ96JRiXSWlN6pU=
34,46,xYzKrHJCyJApq7qgx28P1UlZAt0=,WjOCbhkzEiMlhJ96JRiXSWlN6pU=
32,47,xYzKrHJCyJApq7qgx28P1UlZAt0=,WjOCbhkzEiMlhJ96JRiXSWlN6pU=
41,35,xYzKrHJCyJApq7qgx28P1UlZAt0=,WjOCbhkzEiMlhJ96JRiXSWlN6pU=
33,33,xYzKrHJCyJApq7qgx28P1UlZAt0=,WjOCbhkzEiMlhJ96JRiXSWlN6pU=
47,45,xYzKrHJCyJApq7qgx28P1UlZAt0=,WjOCbhkzEiMlhJ96JRiXSWlN6pU=
46,45,xYzKrHJCyJApq7qgx28P1UlZAt0=,WjOCbhkzEiMlhJ96JRiXSWlN6pU=
45,45,xYzKrHJCyJApq7qgx28P1UlZAt0=,WjOCbhkzEiMlhJ96JRiXSWlN6pU=
44,45,xYzKrHJCyJApq7qgx28P1UlZAt0=,WjOCbhkzEiMlhJ96JRiXSWlN6pU=
43,45,xYzKrHJCyJApq7qgx28P1UlZAt0=,WjOCbhkzEiMlhJ96JRiXSWlN6pU=
42,45,xYzKrHJCyJApq7qgx28P1UlZAt0=,WjOCbhkzEiMlhJ96JRiXSWlN6pU=
41,45,xYzKrHJCyJApq7qgx28P1UlZAt0=,WjOCbhkzEiMlhJ96JRiXSWlN6pU=
40,45,xYzKrHJCyJApq7qgx28P1UlZAt0=,WjOCbhkzEiMlhJ96JRiXSWlN6pU=
39,45,xYzKrHJCyJApq7qgx28P1UlZAt0=,WjOCbhkzEiMlhJ96JRiXSWlN6pU=
38,45,xYzKrHJCyJApq7qgx28P1UlZAt0=,WjOCbhkzEiMlhJ96JRiXSWlN6pU=
37,45,xYzKrHJCyJApq7qgx28P1UlZAt0=,WjOCbhkzEiMlhJ96JRiXSWlN6pU=
36,45,xYzKrHJCyJApq7qgx28P1UlZAt0=,WjOCbhkzEiMlhJ96JRiXSWlN6pU=
35,45,xYzKrHJCyJApq7qgx28P1UlZAt0=,WjOCbhkzEiMlhJ96JRiXSWlN6pU=
47,32,xYzKrHJCyJApq7qgx28P1UlZAt0=,WjOCbhkzEiMlhJ96JRiXSWlN6pU=
45,33,xYzKrHJCyJApq7qgx28P1UlZAt0=,WjOCbhkzEiMlhJ96JRiXSWlN6pU=
33,46,xYzKrHJCyJApq7qgx28P1UlZAt0=,WjOCbhkzEiMlhJ96JRiXSWlN6pU=
40,35,xYzKrHJCyJApq7qgx28P1UlZAt0=,WjOCbhkzEiMlhJ96JRiXSWlN6pU=
34,45,xYzKrHJCyJApq7qgx28P1UlZAt0=,WjOCbhkzEiMlhJ96JRiXSWlN6pU=
32,32,xYzKrHJCyJApq7qgx28P1UlZAt0=,WjOCbhkzEiMlhJ96JRiXSWlN6pU=
44,33,xYzKrHJCyJApq7qgx28P1UlZAt0=,WjOCbhkzEiMlhJ96JRiXSWlN6pU=
32,46,xYzKrHJCyJApq7qgx28P1UlZAt0=,WjOCbhkzEiMlhJ96JRiXSWlN6pU=
47,44,xYzKrHJCyJApq7qgx28P1UlZAt0=,WjOCbhkzEiMlhJ96JRiXSWlN6pU=
46,44,xYzKrHJCyJApq7qgx28P1UlZAt0=,WjOCbhkzEiMlhJ96JRiXSWlN6pU=
45,44,xYzKrHJCyJApq7qgx28P1UlZAt0=,WjOCbhkzEiMlhJ96JRiXSWlN6pU=
44,44,xYzKrHJCyJApq7qgx28P1UlZAt0=,WjOCbhkzEiMlhJ96JRiXSWlN6pU=
43,44,xYzKrHJCyJApq7qgx28P1UlZAt0=,WjOCbhkzEiMlhJ96JRiXSWlN6pU=
42,44,xYzKrHJCyJApq7qgx28P1UlZAt0=,WjOCbhkzEiMlhJ96JRiXSWlN6pU=
41,44,xYzKrHJCyJApq7qgx28P1UlZAt0=,WjOCbhkzEiMlhJ96JRiXSWlN6pU=
40,44,xYzKrHJCyJApq7qgx28P1UlZAt0=,WjOCbhkzEiMlhJ96JRiXSWlN6pU=
39,44,xYzKrHJCyJApq7qgx28P1UlZAt0=,WjOCbhkzEiMlhJ96JRiXSWlN6pU=
38,44,xYzKrHJCyJApq7qgx28P1UlZAt0=,WjOCbhkzEiMlhJ96JRiXSWlN6pU=
37,44,xYzKrHJCyJApq7qgx28P1UlZAt0=,WjOCbhkzEiMlhJ96JRiXSWlN6pU=
36,44,xYzKrHJCyJApq7qgx28P1UlZAt0=,WjOCbhkzEiMlhJ96JRiXSWlN6pU=
46,32,xYzKrHJCyJApq7qgx28P1UlZAt0=,WjOCbhkzEiMlhJ96JRiXSWlN6pU=
39,35,xYzKrHJCyJApq7qgx28P1UlZAt0=,WjOCbhkzEiMlhJ96JRiXSWlN6pU=
35,44,xYzKrHJCyJApq7qgx28P1UlZAt0=,WjOCbhkzEiMlhJ96JRiXSWlN6pU=
34,44,xYzKrHJCyJApq7qgx28P1UlZAt0=,WjOCbhkzEiMlhJ96JRiXSWlN6pU=
32,33,xYzKrHJCyJApq7qgx28P1UlZAt0=,WjOCbhkzEiMlhJ96JRiXSWlN6pU=
43,33,xYzKrHJCyJApq7qgx28P1UlZAt0=,WjOCbhkzEiMlhJ96JRiXSWlN6pU=
33,45,xYzKrHJCyJApq7qgx28P1UlZAt0=,WjOCbhkzEiMlhJ96JRiXSWlN6pU=
47,43,xYzKrHJCyJApq7qgx28P1UlZAt0=,WjOCbhkzEiMlhJ96JRiXSWlN6pU=
46,43,xYzKrHJCyJApq7qgx28P1UlZAt0=,WjOCbhkzEiMlhJ96JRiXSWlN6pU=
45,43,xYzKrHJCyJApq7qgx28P1UlZAt0=,WjOCbhkzEiMlhJ96JRiXSWlN6pU=
44,43,xYzKrHJCyJApq7qgx28P1UlZAt0=,WjOCbhkzEiMlhJ96JRiXSWlN6pU=
43,43,xYzKrHJCyJApq7qgx28P1UlZAt0=,WjOCbhkzEiMlhJ96JRiXSWlN6pU=
42,43,xYzKrHJCyJApq7qgx28P1UlZAt0=,WjOCbhkzEiMlhJ96JRiXSWlN6pU=
41,43,xYzKrHJCyJApq7qgx28P1UlZAt0=,WjOCbhkzEiMlhJ96JRiXSWlN6pU=
40,43,xYzKrHJCyJApq7qgx28P1UlZAt0=,WjOCbhkzEiMlhJ96JRiXSWlN6pU=
39,43,xYzKrHJCyJApq7qgx28P1UlZAt0=,WjOCbhkzEiMlhJ96JRiXSWlN6pU=
38,43,xYzKrHJCyJApq7qgx28P1UlZAt0=,WjOCbhkzEiMlhJ96JRiXSWlN6pU=
37,43,xYzKrHJCyJApq7qgx28P1UlZAt0=,WjOCbhkzEiMlhJ96JRiXSWlN6pU=
45,32,xYzKrHJCyJApq7qgx28P1UlZAt0=,WjOCbhkzEiMlhJ96JRiXSWlN6pU=
38,35,xYzKrHJCyJApq7qgx28P1UlZAt0=,WjOCbhkzEiMlhJ96JRiXSWlN6pU=
36,43,xYzKrHJCyJApq7qgx28P1UlZAt0=,WjOCbhkzEiMlhJ96JRiXSWlN6pU=
35,43,xYzKrHJCyJApq7qgx28P1UlZAt0=,WjOCbhkzEiMlhJ96JRiXSWlN6pU=
34,43,xYzKrHJCyJApq7qgx28P1UlZAt0=,WjOCbhkzEiMlhJ96JRiXSWlN6pU=
32,37,xYzKrHJCyJApq7qgx28P1UlZAt0=,WjOCbhkzEiMlhJ96JRiXSWlN6pU=
35,33,xYzKrHJCyJApq7qgx28P1UlZAt0=,WjOCbhkzEiMlhJ96JRiXSWlN6pU=
32,45,xYzKrHJCyJApq7qgx28P1UlZAt0=,WjOCbhkzEiMlhJ96JRiXSWlN6pU=
42,33,xYzKrHJCyJApq7qgx28P1UlZAt0=,WjOCbhkzEiMlhJ96JRiXSWlN6pU=
33,44,xYzKrHJCyJApq7qgx28P1UlZAt0=,WjOCbhkzEiMlhJ96JRiXSWlN6pU=
47,42,xYzKrHJCyJApq7qgx28P1UlZAt0=,WjOCbhkzEiMlhJ96JRiXSWlN6pU=
46,42,xYzKrHJCyJApq7qgx28P1UlZAt0=,WjOCbhkzEiMlhJ96JRiXSWlN6pU=
45,42,xYzKrHJCyJApq7qgx28P1UlZAt0=,WjOCbhkzEiMlhJ96JRiXSWlN6pU=
44,42,xYzKrHJCyJApq7qgx28P1UlZAt0=,WjOCbhkzEiMlhJ96JRiXSWlN6pU=
43,42,xYzKrHJCyJApq7qgx28P1UlZAt0=,WjOCbhkzEiMlhJ96JRiXSWlN6pU=
42,42,xYzKrHJCyJApq7qgx28P1UlZAt0=,WjOCbhkzEiMlhJ96JRiXSWlN6pU=
41,42,xYzKrHJCyJApq7qgx28P1UlZAt0=,WjOCbhkzEiMlhJ96JRiXSWlN6pU=
40,42,xYzKrHJCyJApq7qgx28P1UlZAt0=,WjOCbhkzEiMlhJ96JRiXSWlN6pU=
39,42,xYzKrHJCyJApq7qgx28P1UlZAt0=,WjOCbhkzEiMlhJ96JRiXSWlN6pU=
38,42,xYzKrHJCyJApq7qgx28P1UlZAt0=,WjOCbhkzEiMlhJ96JRiXSWlN6pU=
44,32,xYzKrHJCyJApq7qgx28P1UlZAt0=,WjOCbhkzEiMlhJ96JRiXSWlN6pU=
37,35,xYzKrHJCyJApq7qgx28P1UlZAt0=,WjOCbhkzEiMlhJ96JRiXSWlN6pU=
37,42,xYzKrHJCyJApq7qgx28P1UlZAt0=,WjOCbhkzEiMlhJ96JRiXSWlN6pU=
36,42,xYzKrHJCyJApq7qgx28P1UlZAt0=,WjOCbhkzEiMlhJ96JRiXSWlN6pU=
35,42,xYzKrHJCyJApq7qgx28P1UlZAt0=,WjOCbhkzEiMlhJ96JRiXSWlN6pU=
34,42,xYzKrHJCyJApq7qgx28P1UlZAt0=,WjOCbhkzEiMlhJ96JRiXSWlN6pU=
33,32,xYzKrHJCyJApq7qgx28P1UlZAt0=,WjOCbhkzEiMlhJ96JRiXSWlN6pU=
41,33,xYzKrHJCyJApq7qgx28P1UlZAt0=,WjOCbhkzEiMlhJ96JRiXSWlN6pU=
33,37,xYzKrHJCyJApq7qgx28P1UlZAt0=,WjOCbhkzEiMlhJ96JRiXSWlN6pU=
34,37,xYzKrHJCyJApq7qgx28P1UlZAt0=,WjOCbhkzEiMlhJ96JRiXSWlN6pU=
35,37,xYzKrHJCyJApq7qgx28P1UlZAt0=,WjOCbhkzEiMlhJ96JRiXSWlN6pU=
36,37,xYzKrHJCyJApq7qgx28P1UlZAt0=,WjOCbhkzEiMlhJ96JRiXSWlN6pU=
37,37,xYzKrHJCyJApq7qgx28P1UlZAt0=,WjOCbhkzEiMlhJ96JRiXSWlN6pU=
38,37,xYzKrHJCyJApq7qgx28P1UlZAt0=,WjOCbhkzEiMlhJ96JRiXSWlN6pU=
39,37,xYzKrHJCyJApq7qgx28P1UlZAt0=,WjOCbhkzEiMlhJ96JRiXSWlN6pU=
40,37,xYzKrHJCyJApq7qgx28P1UlZAt0=,WjOCbhkzEiMlhJ96JRiXSWlN6pU=
41,37,xYzKrHJCyJApq7qgx28P1UlZAt0=,WjOCbhkzEiMlhJ96JRiXSWlN6pU=
42,37,xYzKrHJCyJApq7qgx28P1UlZAt0=,WjOCbhkzEiMlhJ96JRiXSWlN6pU=
47,41,xYzKrHJCyJApq7qgx28P1UlZAt0=,WjOCbhkzEiMlhJ96JRiXSWlN6pU=
46,41,xYzKrHJCyJApq7qgx28P1UlZAt0=,WjOCbhkzEiMlhJ96JRiXSWlN6pU=
45,41,xYzKrHJCyJApq7qgx28P1UlZAt0=,WjOCbhkzEiMlhJ96JRiXSWlN6pU=
44,41,xYzKrHJCyJApq7qgx28P1UlZAt0=,WjOCbhkzEiMlhJ96JRiXSWlN6pU=
43,41,xYzKrHJCyJApq7qgx28P1UlZAt0=,WjOCbhkzEiMlhJ96JRiXSWlN6pU=
42,41,xYzKrHJCyJApq7qgx28P1UlZAt0=,WjOCbhkzEiMlhJ96JRiXSWlN6pU=
41,41,xYzKrHJCyJApq7qgx28P1UlZAt0=,WjOCbhkzEiMlhJ96JRiXSWlN6pU=
40,41,xYzKrHJCyJApq7qgx28P1UlZAt0=,WjOCbhkzEiMlhJ96JRiXSWlN6pU=
39,41,xYzKrHJCyJApq7qgx28P1UlZAt0=,WjOCbhkzEiMlhJ96JRiXSWlN6pU=
43,32,xYzKrHJCyJApq7qgx28P1UlZAt0=,WjOCbhkzEiMlhJ96JRiXSWlN6pU=
36,35,xYzKrHJCyJApq7qgx28P1UlZAt0=,WjOCbhkzEiMlhJ96JRiXSWlN6pU=
38,41,xYzKrHJCyJApq7qgx28P1UlZAt0=,WjOCbhkzEiMlhJ96JRiXSWlN6pU=
37,41,xYzKrHJCyJApq7qgx28P1UlZAt0=,WjOCbhkzEiMlhJ96JRiXSWlN6pU=
36,41,xYzKrHJCyJApq7qgx28P1UlZAt0=,WjOCbhkzEiMlhJ96JRiXSWlN6pU=
35,41,xYzKrHJCyJApq7qgx28P1UlZAt0=,WjOCbhkzEiMlhJ96JRiXSWlN6pU=
34,41,xYzKrHJCyJApq7qgx28P1UlZAt0=,WjOCbhkzEiMlhJ96JRiXSWlN6pU=
32,35,xYzKrHJCyJApq7qgx28P1UlZAt0=,WjOCbhkzEiMlhJ96JRiXSWlN6pU=
36,33,xYzKrHJCyJApq7qgx28P1UlZAt0=,WjOCbhkzEiMlhJ96JRiXSWlN6pU=
39,32,xYzKrHJCyJApq7qgx28P1UlZAt0=,WjOCbhkzEiMlhJ96JRiXSWlN6pU=
32,42,xYzKrHJCyJApq7qgx28P1UlZAt0=,WjOCbhkzEiMlhJ96JRiXSWlN6pU=
43,37,xYzKrHJCyJApq7qgx28P1UlZAt0=,WjOCbhkzEiMlhJ96JRiXSWlN6pU=
44,37,xYzKrHJCyJApq7qgx28P1UlZAt0=,WjOCbhkzEiMlhJ96JRiXSWlN6pU=
40,33,xYzKrHJCyJApq7qgx28P1UlZAt0=,WjOCbhkzEiMlhJ96JRiXSWlN6pU=
45,37,xYzKrHJCyJApq7qgx28P1UlZAt0=,WjOCbhkzEiMlhJ96JRiXSWlN6pU=
46,37,xYzKrHJCyJApq7qgx28P1UlZAt0=,WjOCbhkzEiMlhJ96JRiXSWlN6pU=
47,37,xYzKrHJCyJApq7qgx28P1UlZAt0=,WjOCbhkzEiMlhJ96JRiXSWlN6pU=
33,41,xYzKrHJCyJApq7qgx28P1UlZAt0=,WjOCbhkzEiMlhJ96JRiXSWlN6pU=
47,40,xYzKrHJCyJApq7qgx28P1UlZAt0=,WjOCbhkzEiMlhJ96JRiXSWlN6pU=
46,40,xYzKrHJCyJApq7qgx28P1UlZAt0=,WjOCbhkzEiMlhJ96JRiXSWlN6pU=
45,40,xYzKrHJCyJApq7qgx28P1UlZAt0=,WjOCbhkzEiMlhJ96JRiXSWlN6pU=
44,40,xYzKrHJCyJApq7qgx28P1UlZAt0=,WjOCbhkzEiMlhJ96JRiXSWlN6pU=
43,40,xYzKrHJCyJApq7qgx28P1UlZAt0=,WjOCbhkzEiMlhJ96JRiXSWlN6pU=
42,40,xYzKrHJCyJApq7qgx28P1UlZAt0=,WjOCbhkzEiMlhJ96JRiXSWlN6pU=
41,40,xYzKrHJCyJApq7qgx28P1UlZAt0=,WjOCbhkzEiMlhJ96JRiXSWlN6pU=
40,40,xYzKrHJCyJApq7qgx28P1UlZAt0=,WjOCbhkzEiMlhJ96JRiXSWlN6pU=
42,32,xYzKrHJCyJApq7qgx28P1UlZAt0=,WjOCbhkzEiMlhJ96JRiXSWlN6pU=
35,35,xYzKrHJCyJApq7qgx28P1UlZAt0=,WjOCbhkzEiMlhJ96JRiXSWlN6pU=
39,40,xYzKrHJCyJApq7qgx28P1UlZAt0=,WjOCbhkzEiMlhJ96JRiXSWlN6pU=
38,40,xYzKrHJCyJApq7qgx28P1UlZAt0=,WjOCbhkzEiMlhJ96JRiXSWlN6pU=
37,40,xYzKrHJCyJApq7qgx28P1UlZAt0=,WjOCbhkzEiMlhJ96JRiXSWlN6pU=
36,40,xYzKrHJCyJApq7qgx28P1UlZAt0=,WjOCbhkzEiMlhJ96JRiXSWlN6pU=
35,40,xYzKrHJCyJApq7qgx28P1UlZAt0=,WjOCbhkzEiMlhJ96JRiXSWlN6pU=
34,40,xYzKrHJCyJApq7qgx28P1UlZAt0=,WjOCbhkzEiMlhJ96JRiXSWlN6pU=
39,33,xYzKrHJCyJApq7qgx28P1UlZAt0=,WjOCbhkzEiMlhJ96JRiXSWlN6pU=
47,39,xYzKrHJCyJApq7qgx28P1UlZAt0=,WjOCbhkzEiMlhJ96JRiXSWlN6pU=
46,39,xYzKrHJCyJApq7qgx28P1UlZAt0=,WjOCbhkzEiMlhJ96JRiXSWlN6pU=
45,39,xYzKrHJCyJApq7qgx28P1UlZAt0=,WjOCbhkzEiMlhJ96JRiXSWlN6pU=
44,39,xYzKrHJCyJApq7qgx28P1UlZAt0=,WjOCbhkzEiMlhJ96JRiXSWlN6pU=
43,39,xYzKrHJCyJApq7qgx28P1UlZAt0=,WjOCbhkzEiMlhJ96JRiXSWlN6pU=
42,39,xYzKrHJCyJApq7qgx28P1UlZAt0=,WjOCbhkzEiMlhJ96JRiXSWlN6pU=
41,39,xYzKrHJCyJApq7qgx28P1UlZAt0=,WjOCbhkzEiMlhJ96JRiXSWlN6pU=
41,32,xYzKrHJCyJApq7qgx28P1UlZAt0=,WjOCbhkzEiMlhJ96JRiXSWlN6pU=
34,35,xYzKrHJCyJApq7qgx28P1UlZAt0=,WjOCbhkzEiMlhJ96JRiXSWlN6pU=
40,39,xYzKrHJCyJApq7qgx28P1UlZAt0=,WjOCbhkzEiMlhJ96JRiXSWlN6pU=
39,39,xYzKrHJCyJApq7qgx28P1UlZAt0=,WjOCbhkzEiMlhJ96JRiXSWlN6pU=
38,39,xYzKrHJCyJApq7qgx28P1UlZAt0=,WjOCbhkzEiMlhJ96JRiXSWlN6pU=
37,39,xYzKrHJCyJApq7qgx28P1UlZAt0=,WjOCbhkzEiMlhJ96JRiXSWlN6pU=
36,39,xYzKrHJCyJApq7qgx28P1UlZAt0=,WjOCbhkzEiMlhJ96JRiXSWlN6pU=
35,39,xYzKrHJCyJApq7qgx28P1UlZAt0=,WjOCbhkzEiMlhJ96JRiXSWlN6pU=
34,39,xYzKrHJCyJApq7qgx28P1UlZAt0=,WjOCbhkzEiMlhJ96JRiXSWlN6pU=
38,33,xYzKrHJCyJApq7qgx28P1UlZAt0=,WjOCbhkzEiMlhJ96JRiXSWlN6pU=
47,38,xYzKrHJCyJApq7qgx28P1UlZAt0=,WjOCbhkzEiMlhJ96JRiXSWlN6pU=
46,38,xYzKrHJCyJApq7qgx28P1UlZAt0=,WjOCbhkzEiMlhJ96JRiXSWlN6pU=
45,38,xYzKrHJCyJApq7qgx28P1UlZAt0=,WjOCbhkzEiMlhJ96JRiXSWlN6pU=
44,38,xYzKrHJCyJApq7qgx28P1UlZAt0=,WjOCbhkzEiMlhJ96JRiXSWlN6pU=
43,38,xYzKrHJCyJApq7qgx28P1UlZAt0=,WjOCbhkzEiMlhJ96JRiXSWlN6pU=
42,38,xYzKrHJCyJApq7qgx28P1UlZAt0=,WjOCbhkzEiMlhJ96JRiXSWlN6pU=
40,32,xYzKrHJCyJApq7qgx28P1UlZAt0=,WjOCbhkzEiMlhJ96JRiXSWlN6pU=
33,39,xYzKrHJCyJApq7qgx28P1UlZAt0=,WjOCbhkzEiMlhJ96JRiXSWlN6pU=
41,38,xYzKrHJCyJApq7qgx28P1UlZAt0=,WjOCbhkzEiMlhJ96JRiXSWlN6pU=
40,38,xYzKrHJCyJApq7qgx28P1UlZAt0=,WjOCbhkzEiMlhJ96JRiXSWlN6pU=
39,38,xYzKrHJCyJApq7qgx28P1UlZAt0=,WjOCbhkzEiMlhJ96JRiXSWlN6pU=
38,38,xYzKrHJCyJApq7qgx28P1UlZAt0=,WjOCbhkzEiMlhJ96JRiXSWlN6pU=
37,38,xYzKrHJCyJApq7qgx28P1UlZAt0=,WjOCbhkzEiMlhJ96JRiXSWlN6pU=
36,38,xYzKrHJCyJApq7qgx28P1UlZAt0=,WjOCbhkzEiMlhJ96JRiXSWlN6pU=
35,38,xYzKrHJCyJApq7qgx28P1UlZAt0=,WjOCbhkzEiMlhJ96JRiXSWlN6pU=
34,38,xYzKrHJCyJApq7qgx28P1UlZAt0=,WjOCbhkzEiMlhJ96JRiXSWlN6pU=
32,40,xYzKrHJCyJApq7qgx28P1UlZAt0=,WjOCbhkzEiMlhJ96JRiXSWlN6pU=
37,33,xYzKrHJCyJApq7qgx28P1UlZAt0=,WjOCbhkzEiMlhJ96JRiXSWlN6pU=
33,35,xYzKrHJCyJApq7qgx28P1UlZAt0=,WjOCbhkzEiMlhJ96JRiXSWlN6pU=
33,43,xYzKrHJCyJApq7qgx28P1UlZAt0=,WjOCbhkzEiMlhJ96JRiXSWlN6pU=
32,44,xYzKrHJCyJApq7qgx28P1UlZAt0=,WjOCbhkzEiMlhJ96JRiXSWlN6pU=
33,38,xYzKrHJCyJApq7qgx28P1UlZAt0=,WjOCbhkzEiMlhJ96JRiXSWlN6pU=
32,38,xYzKrHJCyJApq7qgx28P1UlZAt0=,WjOCbhkzEiMlhJ96JRiXSWlN6pU=
32,41,xYzKrHJCyJApq7qgx28P1UlZAt0=,WjOCbhkzEiMlhJ96JRiXSWlN6pU=
32,39,xYzKrHJCyJApq7qgx28P1UlZAt0=,WjOCbhkzEiMlhJ96JRiXSWlN6pU=
33,42,xYzKrHJCyJApq7qgx28P1UlZAt0=,WjOCbhkzEiMlhJ96JRiXSWlN6pU=
33,40,xYzKrHJCyJApq7qgx28P1UlZAt0=,WjOCbhkzEiMlhJ96JRiXSWlN6pU=
32,43,xYzKrHJCyJApq7qgx28P1UlZAt0=,WjOCbhkzEiMlhJ96JRiXSWlN6pU=
45,50,g6FmLsQNNn79nRAtl49TL8k/LI8=,TB+qvbweCx0uYiyMrJ1icH3yFoI=
35,48,D2U7qIZDi1ikWGaQRe5S2HcqxNI=,TB+qvbweCx0uYiyMrJ1icH3yFoI=
44,50,D2U7qIZDi1ikWGaQRe5S2HcqxNI=,TB+qvbweCx0uYiyMrJ1icH3yFoI=
47,63,D2U7qIZDi1ikWGaQRe5S2HcqxNI=,TB+qvbweCx0uYiyMrJ1icH3yFoI=
43,50,D2U7qIZDi1ikWGaQRe5S2HcqxNI=,TB+qvbweCx0uYiyMrJ1icH3yFoI=
41,50,D2U7qIZDi1ikWGaQRe5S2HcqxNI=,TB+qvbweCx0uYiyMrJ1icH3yFoI=
42,50,D2U7qIZDi1ikWGaQRe5S2HcqxNI=,TB+qvbweCx0uYiyMrJ1icH3yFoI=
40,50,D2U7qIZDi1ikWGaQRe5S2HcqxNI=,TB+qvbweCx0uYiyMrJ1icH3yFoI=
39,50,D2U7qIZDi1ikWGaQRe5S2HcqxNI=,TB+qvbweCx0uYiyMrJ1icH3yFoI=
38,50,D2U7qIZDi1ikWGaQRe5S2HcqxNI=,TB+qvbweCx0uYiyMrJ1icH3yFoI=
44,51,D2U7qIZDi1ikWGaQRe5S2HcqxNI=,TB+qvbweCx0uYiyMrJ1icH3yFoI=
47,49,D2U7qIZDi1ikWGaQRe5S2HcqxNI=,TB+qvbweCx0uYiyMrJ1icH3yFoI=
37,50,D2U7qIZDi1ikWGaQRe5S2HcqxNI=,TB+qvbweCx0uYiyMrJ1icH3yFoI=
36,50,D2U7qIZDi1ikWGaQRe5S2HcqxNI=,TB+qvbweCx0uYiyMrJ1icH3yFoI=
46,50,D2U7qIZDi1ikWGaQRe5S2HcqxNI=,TB+qvbweCx0uYiyMrJ1icH3yFoI=
35,50,D2U7qIZDi1ikWGaQRe5S2HcqxNI=,TB+qvbweCx0uYiyMrJ1icH3yFoI=
34,50,D2U7qIZDi1ikWGaQRe5S2HcqxNI=,TB+qvbweCx0uYiyMrJ1icH3yFoI=
36,48,D2U7qIZDi1ikWGaQRe5S2HcqxNI=,TB+qvbweCx0uYiyMrJ1icH3yFoI=
45,51,D2U7qIZDi1ikWGaQRe5S2HcqxNI=,TB+qvbweCx0uYiyMrJ1icH3yFoI=
46,63,D2U7qIZDi1ikWGaQRe5S2HcqxNI=,TB+qvbweCx0uYiyMrJ1icH3yFoI=
46,51,D2U7qIZDi1ikWGaQRe5S2HcqxNI=,TB+qvbweCx0uYiyMrJ1icH3yFoI=
43,51,D2U7qIZDi1ikWGaQRe5S2HcqxNI=,TB+qvbweCx0uYiyMrJ1icH3yFoI=
47,51,D2U7qIZDi1ikWGaQRe5S2HcqxNI=,TB+qvbweCx0uYiyMrJ1icH3yFoI=
32,52,D2U7qIZDi1ikWGaQRe5S2HcqxNI=,TB+qvbweCx0uYiyMrJ1icH3yFoI=
37,48,D2U7qIZDi1ikWGaQRe5S2HcqxNI=,TB+qvbweCx0uYiyMrJ1icH3yFoI=
34,49,D2U7qIZDi1ikWGaQRe5S2HcqxNI=,TB+qvbweCx0uYiyMrJ1icH3yFoI=
32,50,D2U7qIZDi1ikWGaQRe5S2HcqxNI=,TB+qvbweCx0uYiyMrJ1icH3yFoI=
45,63,D2U7qIZDi1ikWGaQRe5S2HcqxNI=,TB+qvbweCx0uYiyMrJ1icH3yFoI=
34,48,D2U7qIZDi1ikWGaQRe5S2HcqxNI=,TB+qvbweCx0uYiyMrJ1icH3yFoI=
44,63,D2U7qIZDi1ikWGaQRe5S2HcqxNI=,TB+qvbweCx0uYiyMrJ1icH3yFoI=
42,51,D2U7qIZDi1ikWGaQRe5S2HcqxNI=,TB+qvbweCx0uYiyMrJ1icH3yFoI=
43,63,D2U7qIZDi1ikWGaQRe5S2HcqxNI=,TB+qvbweCx0uYiyMrJ1icH3yFoI=
42,63,D2U7qIZDi1ikWGaQRe5S2HcqxNI=,TB+qvbweCx0uYiyMrJ1icH3yFoI=
41,63,D2U7qIZDi1ikWGaQRe5S2HcqxNI=,TB+qvbweCx0uYiyMrJ1icH3yFoI=
40,63,D2U7qIZDi1ikWGaQRe5S2HcqxNI=,TB+qvbweCx0uYiyMrJ1icH3yFoI=
39,63,D2U7qIZDi1ikWGaQRe5S2HcqxNI=,TB+qvbweCx0uYiyMrJ1icH3yFoI=
38,63,D2U7qIZDi1ikWGaQRe5S2HcqxNI=,TB+qvbweCx0uYiyMrJ1icH3yFoI=
37,63,D2U7qIZDi1ikWGaQRe5S2HcqxNI=,TB+qvbweCx0uYiyMrJ1icH3yFoI=
36,63,D2U7qIZDi1ikWGaQRe5S2HcqxNI=,TB+qvbweCx0uYiyMrJ1icH3yFoI=
35,63,D2U7qIZDi1ikWGaQRe5S2HcqxNI=,TB+qvbweCx0uYiyMrJ1icH3yFoI=
34,63,D2U7qIZDi1ikWGaQRe5S2HcqxNI=,TB+qvbweCx0uYiyMrJ1icH3yFoI=
33,63,D2U7qIZDi1ikWGaQRe5S2HcqxNI=,TB+qvbweCx0uYiyMrJ1icH3yFoI=
46,49,D2U7qIZDi1ikWGaQRe5S2HcqxNI=,TB+qvbweCx0uYiyMrJ1icH3yFoI=
32,63,D2U7qIZDi1ikWGaQRe5S2HcqxNI=,TB+qvbweCx0uYiyMrJ1icH3yFoI=
47,62,D2U7qIZDi1ikWGaQRe5S2HcqxNI=,TB+qvbweCx0uYiyMrJ1icH3yFoI=
46,62,D2U7qIZDi1ikWGaQRe5S2HcqxNI=,TB+qvbweCx0uYiyMrJ1icH3yFoI=
45,62,D2U7qIZDi1ikWGaQRe5S2HcqxNI=,TB+qvbweCx0uYiyMrJ1icH3yFoI=
44,62,D2U7qIZDi1ikWGaQRe5S2HcqxNI=,TB+qvbweCx0uYiyMrJ1icH3yFoI=
43,62,D2U7qIZDi1ikWGaQRe5S2HcqxNI=,TB+qvbweCx0uYiyMrJ1icH3yFoI=
42,62,D2U7qIZDi1ikWGaQRe5S2HcqxNI=,TB+qvbweCx0uYiyMrJ1icH3yFoI=
41,62,D2U7qIZDi1ikWGaQRe5S2HcqxNI=,TB+qvbweCx0uYiyMrJ1icH3yFoI=
40,62,D2U7qIZDi1ikWGaQRe5S2HcqxNI=,TB+qvbweCx0uYiyMrJ1icH3yFoI=
39,62,D2U7qIZDi1ikWGaQRe5S2HcqxNI=,TB+qvbweCx0uYiyMrJ1icH3yFoI=
38,62,D2U7qIZDi1ikWGaQRe5S2HcqxNI=,TB+qvbweCx0uYiyMrJ1icH3yFoI=
37,62,D2U7qIZDi1ikWGaQRe5S2HcqxNI=,TB+qvbweCx0uYiyMrJ1icH3yFoI=
36,62,D2U7qIZDi1ikWGaQRe5S2HcqxNI=,TB+qvbweCx0uYiyMrJ1icH3yFoI=
35,62,D2U7qIZDi1ikWGaQRe5S2HcqxNI=,TB+qvbweCx0uYiyMrJ1icH3yFoI=
34,62,D2U7qIZDi1ikWGaQRe5S2HcqxNI=,TB+qvbweCx0uYiyMrJ1icH3yFoI=
33,50,D2U7qIZDi1ikWGaQRe5S2HcqxNI=,TB+qvbweCx0uYiyMrJ1icH3yFoI=
33,62,D2U7qIZDi1ikWGaQRe5S2HcqxNI=,TB+qvbweCx0uYiyMrJ1icH3yFoI=
41,51,D2U7qIZDi1ikWGaQRe5S2HcqxNI=,TB+qvbweCx0uYiyMrJ1icH3yFoI=
32,62,D2U7qIZDi1ikWGaQRe5S2HcqxNI=,TB+qvbweCx0uYiyMrJ1icH3yFoI=
33,49,D2U7qIZDi1ikWGaQRe5S2HcqxNI=,TB+qvbweCx0uYiyMrJ1icH3yFoI=
47,61,D2U7qIZDi1ikWGaQRe5S2HcqxNI=,TB+qvbweCx0uYiyMrJ1icH3yFoI=
46,61,D2U7qIZDi1ikWGaQRe5S2HcqxNI=,TB+qvbweCx0uYiyMrJ1icH3yFoI=
45,61,D2U7qIZDi1ikWGaQRe5S2HcqxNI=,TB+qvbweCx0uYiyMrJ1icH3yFoI=
44,61,D2U7qIZDi1ikWGaQRe5S2HcqxNI=,TB+qvbweCx0uYiyMrJ1icH3yFoI=
43,61,D2U7qIZDi1ikWGaQRe5S2HcqxNI=,TB+qvbweCx0uYiyMrJ1icH3yFoI=
42,61,D2U7qIZDi1ikWGaQRe5S2HcqxNI=,TB+qvbweCx0uYiyMrJ1icH3yFoI=
41,61,D2U7qIZDi1ikWGaQRe5S2HcqxNI=,TB+qvbweCx0uYiyMrJ1icH3yFoI=
40,61,D2U7qIZDi1ikWGaQRe5S2HcqxNI=,TB+qvbweCx0uYiyMrJ1icH3yFoI=
39,61,D2U7qIZDi1ikWGaQRe5S2HcqxNI=,TB+qvbweCx0uYiyMrJ1icH3yFoI=
38,61,D2U7qIZDi1ikWGaQRe5S2HcqxNI=,TB+qvbweCx0uYiyMrJ1icH3yFoI=
37,61,D2U7qIZDi1ikWGaQRe5S2HcqxNI=,TB+qvbweCx0uYiyMrJ1icH3yFoI=
36,61,D2U7qIZDi1ikWGaQRe5S2HcqxNI=,TB+qvbweCx0uYiyMrJ1icH3yFoI=
35,61,D2U7qIZDi1ikWGaQRe5S2HcqxNI=,TB+qvbweCx0uYiyMrJ1icH3yFoI=
45,49,D2U7qIZDi1ikWGaQRe5S2HcqxNI=,TB+qvbweCx0uYiyMrJ1icH3yFoI=
47,48,D2U7qIZDi1ikWGaQRe5S2HcqxNI=,TB+qvbweCx0uYiyMrJ1icH3yFoI=
32,49,D2U7qIZDi1ikWGaQRe5S2HcqxNI=,TB+qvbweCx0uYiyMrJ1icH3yFoI=
40,51,D2U7qIZDi1ikWGaQRe5S2HcqxNI=,TB+qvbweCx0uYiyMrJ1icH3yFoI=
34,61,D2U7qIZDi1ikWGaQRe5S2HcqxNI=,TB+qvbweCx0uYiyMrJ1icH3yFoI=
33,61,D2U7qIZDi1ikWGaQRe5S2HcqxNI=,TB+qvbweCx0uYiyMrJ1icH3yFoI=
32,61,D2U7qIZDi1ikWGaQRe5S2HcqxNI=,TB+qvbweCx0uYiyMrJ1icH3yFoI=
44,49,D2U7qIZDi1ikWGaQRe5S2HcqxNI=,TB+qvbweCx0uYiyMrJ1icH3yFoI=
47,60,D2U7qIZDi1ikWGaQRe5S2HcqxNI=,TB+qvbweCx0uYiyMrJ1icH3yFoI=
46,60,D2U7qIZDi1ikWGaQRe5S2HcqxNI=,TB+qvbweCx0uYiyMrJ1icH3yFoI=
45,60,D2U7qIZDi1ikWGaQRe5S2HcqxNI=,TB+qvbweCx0uYiyMrJ1icH3yFoI=
44,60,D2U7qIZDi1ikWGaQRe5S2HcqxNI=,TB+qvbweCx0uYiyMrJ1icH3yFoI=
43,60,D2U7qIZDi1ikWGaQRe5S2HcqxNI=,TB+qvbweCx0uYiyMrJ1icH3yFoI=
42,60,D2U7qIZDi1ikWGaQRe5S2HcqxNI=,TB+qvbweCx0uYiyMrJ1icH3yFoI=
41,60,D2U7qIZDi1ikWGaQRe5S2HcqxNI=,TB+qvbweCx0uYiyMrJ1icH3yFoI=
40,60,D2U7qIZDi1ikWGaQRe5S2HcqxNI=,TB+qvbweCx0uYiyMrJ1icH3yFoI=
39,60,D2U7qIZDi1ikWGaQRe5S2HcqxNI=,TB+qvbweCx0uYiyMrJ1icH3yFoI=
38,60,D2U7qIZDi1ikWGaQRe5S2HcqxNI=,TB+qvbweCx0uYiyMrJ1icH3yFoI=
37,60,D2U7qIZDi1ikWGaQRe5S2HcqxNI=,TB+qvbweCx0uYiyMrJ1icH3yFoI=
36,60,D2U7qIZDi1ikWGaQRe5S2HcqxNI=,TB+qvbweCx0uYiyMrJ1icH3yFoI=
46,48,D2U7qIZDi1ikWGaQRe5S2HcqxNI=,TB+qvbweCx0uYiyMrJ1icH3yFoI=
39,51,D2U7qIZDi1ikWGaQRe5S2HcqxNI=,TB+qvbweCx0uYiyMrJ1icH3yFoI=
35,60,D2U7qIZDi1ikWGaQRe5S2HcqxNI=,TB+qvbweCx0uYiyMrJ1icH3yFoI=
34,60,D2U7qIZDi1ikWGaQRe5S2HcqxNI=,TB+qvbweCx0uYiyMrJ1icH3yFoI=
33,60,D2U7qIZDi1ikWGaQRe5S2HcqxNI=,TB+qvbweCx0uYiyMrJ1icH3yFoI=
32,60,D2U7qIZDi1ikWGaQRe5S2HcqxNI=,TB+qvbweCx0uYiyMrJ1icH3yFoI=
43,49,D2U7qIZDi1ikWGaQRe5S2HcqxNI=,TB+qvbweCx0uYiyMrJ1icH3yFoI=
47,59,D2U7qIZDi1ikWGaQRe5S2HcqxNI=,TB+qvbweCx0uYiyMrJ1icH3yFoI=
46,59,D2U7qIZDi1ikWGaQRe5S2HcqxNI=,TB+qvbweCx0uYiyMrJ1icH3yFoI=
45,59,D2U7qIZDi1ikWGaQRe5S2HcqxNI=,TB+qvbweCx0uYiyMrJ1icH3yFoI=
44,59,D2U7qIZDi1ikWGaQRe5S2HcqxNI=,TB+qvbweCx0uYiyMrJ1icH3yFoI=
43,59,D2U7qIZDi1ikWGaQRe5S2HcqxNI=,TB+qvbweCx0uYiyMrJ1icH3yFoI=
42,59,D2U7qIZDi1ikWGaQRe5S2HcqxNI=,TB+qvbweCx0uYiyMrJ1icH3yFoI=
41,59,D2U7qIZDi1ikWGaQRe5S2HcqxNI=,TB+qvbweCx0uYiyMrJ1icH3yFoI=
40,59,D2U7qIZDi1ikWGaQRe5S2HcqxNI=,TB+qvbweCx0uYiyMrJ1icH3yFoI=
39,59,D2U7qIZDi1ikWGaQRe5S2HcqxNI=,TB+qvbweCx0uYiyMrJ1icH3yFoI=
38,59,D2U7qIZDi1ikWGaQRe5S2HcqxNI=,TB+qvbweCx0uYiyMrJ1icH3yFoI=
37,59,D2U7qIZDi1ikWGaQRe5S2HcqxNI=,TB+qvbweCx0uYiyMrJ1icH3yFoI=
45,48,D2U7qIZDi1ikWGaQRe5S2HcqxNI=,TB+qvbweCx0uYiyMrJ1icH3yFoI=
38,51,D2U7qIZDi1ikWGaQRe5S2HcqxNI=,TB+qvbweCx0uYiyMrJ1icH3yFoI=
36,59,D2U7qIZDi1ikWGaQRe5S2HcqxNI=,TB+qvbweCx0uYiyMrJ1icH3yFoI=
35,59,D2U7qIZDi1ikWGaQRe5S2HcqxNI=,TB+qvbweCx0uYiyMrJ1icH3yFoI=
34,59,D2U7qIZDi1ikWGaQRe5S2HcqxNI=,TB+qvbweCx0uYiyMrJ1icH3yFoI=
33,59,D2U7qIZDi1ikWGaQRe5S2HcqxNI=,TB+qvbweCx0uYiyMrJ1icH3yFoI=
32,59,D2U7qIZDi1ikWGaQRe5S2HcqxNI=,TB+qvbweCx0uYiyMrJ1icH3yFoI=
42,49,D2U7qIZDi1ikWGaQRe5S2HcqxNI=,TB+qvbweCx0uYiyMrJ1icH3yFoI=
47,58,D2U7qIZDi1ikWGaQRe5S2HcqxNI=,TB+qvbweCx0uYiyMrJ1icH3yFoI=
46,58,D2U7qIZDi1ikWGaQRe5S2HcqxNI=,TB+qvbweCx0uYiyMrJ1icH3yFoI=
45,58,D2U7qIZDi1ikWGaQRe5S2HcqxNI=,TB+qvbweCx0uYiyMrJ1icH3yFoI=
44,58,D2U7qIZDi1ikWGaQRe5S2HcqxNI=,TB+qvbweCx0uYiyMrJ1icH3yFoI=
43,58,D2U7qIZDi1ikWGaQRe5S2HcqxNI=,TB+qvbweCx0uYiyMrJ1icH3yFoI=
42,58,D2U7qIZDi1ikWGaQRe5S2HcqxNI=,TB+qvbweCx0uYiyMrJ1icH3yFoI=
41,58,D2U7qIZDi1ikWGaQRe5S2HcqxNI=,TB+qvbweCx0uYiyMrJ1icH3yFoI=
40,58,D2U7qIZDi1ikWGaQRe5S2HcqxNI=,TB+qvbweCx0uYiyMrJ1icH3yFoI=
39,58,D2U7qIZDi1ikWGaQRe5S2HcqxNI=,TB+qvbweCx0uYiyMrJ1icH3yFoI=
38,58,D2U7qIZDi1ikWGaQRe5S2HcqxNI=,TB+qvbweCx0uYiyMrJ1icH3yFoI=
44,48,D2U7qIZDi1ikWGaQRe5S2HcqxNI=,TB+qvbweCx0uYiyMrJ1icH3yFoI=
32,48,D2U7qIZDi1ikWGaQRe5S2HcqxNI=,TB+qvbweCx0uYiyMrJ1icH3yFoI=
37,51,D2U7qIZDi1ikWGaQRe5S2HcqxNI=,TB+qvbweCx0uYiyMrJ1icH3yFoI=
37,58,D2U7qIZDi1ikWGaQRe5S2HcqxNI=,TB+qvbweCx0uYiyMrJ1icH3yFoI=
36,58,D2U7qIZDi1ikWGaQRe5S2HcqxNI=,TB+qvbweCx0uYiyMrJ1icH3yFoI=
35,58,D2U7qIZDi1ikWGaQRe5S2HcqxNI=,TB+qvbweCx0uYiyMrJ1icH3yFoI=
34,58,D2U7qIZDi1ikWGaQRe5S2HcqxNI=,TB+qvbweCx0uYiyMrJ1icH3yFoI=
33,58,D2U7qIZDi1ikWGaQRe5S2HcqxNI=,TB+qvbweCx0uYiyMrJ1icH3yFoI=
32,58,D2U7qIZDi1ikWGaQRe5S2HcqxNI=,TB+qvbweCx0uYiyMrJ1icH3yFoI=
41,49,D2U7qIZDi1ikWGaQRe5S2HcqxNI=,TB+qvbweCx0uYiyMrJ1icH3yFoI=
47,57,D2U7qIZDi1ikWGaQRe5S2HcqxNI=,TB+qvbweCx0uYiyMrJ1icH3yFoI=
46,57,D2U7qIZDi1ikWGaQRe5S2HcqxNI=,TB+qvbweCx0uYiyMrJ1icH3yFoI=
45,57,D2U7qIZDi1ikWGaQRe5S2HcqxNI=,TB+qvbweCx0uYiyMrJ1icH3yFoI=
44,57,D2U7qIZDi1ikWGaQRe5S2HcqxNI=,TB+qvbweCx0uYiyMrJ1icH3yFoI=
43,57,D2U7qIZDi1ikWGaQRe5S2HcqxNI=,TB+qvbweCx0uYiyMrJ1icH3yFoI=
42,57,D2U7qIZDi1ikWGaQRe5S2HcqxNI=,TB+qvbweCx0uYiyMrJ1icH3yFoI=
41,57,D2U7qIZDi1ikWGaQRe5S2HcqxNI=,TB+qvbweCx0uYiyMrJ1icH3yFoI=
40,57,D2U7qIZDi1ikWGaQRe5S2HcqxNI=,TB+qvbweCx0uYiyMrJ1icH3yFoI=
39,57,D2U7qIZDi1ikWGaQRe5S2HcqxNI=,TB+qvbweCx0uYiyMrJ1icH3yFoI=
43,48,D2U7qIZDi1ikWGaQRe5S2HcqxNI=,TB+qvbweCx0uYiyMrJ1icH3yFoI=
36,51,D2U7qIZDi1ikWGaQRe5S2HcqxNI=,TB+qvbweCx0uYiyMrJ1icH3yFoI=
38,57,D2U7qIZDi1ikWGaQRe5S2HcqxNI=,TB+qvbweCx0uYiyMrJ1icH3yFoI=
37,57,D2U7qIZDi1ikWGaQRe5S2HcqxNI=,TB+qvbweCx0uYiyMrJ1icH3yFoI=
36,57,D2U7qIZDi1ikWGaQRe5S2HcqxNI=,TB+qvbweCx0uYiyMrJ1icH3yFoI=
35,57,D2U7qIZDi1ikWGaQRe5S2HcqxNI=,TB+qvbweCx0uYiyMrJ1icH3yFoI=
34,57,D2U7qIZDi1ikWGaQRe5S2HcqxNI=,TB+qvbweCx0uYiyMrJ1icH3yFoI=
33,48,D2U7qIZDi1ikWGaQRe5S2HcqxNI=,TB+qvbweCx0uYiyMrJ1icH3yFoI=
40,49,D2U7qIZDi1ikWGaQRe5S2HcqxNI=,TB+qvbweCx0uYiyMrJ1icH3yFoI=
47,56,D2U7qIZDi1ikWGaQRe5S2HcqxNI=,TB+qvbweCx0uYiyMrJ1icH3yFoI=
46,56,D2U7qIZDi1ikWGaQRe5S2HcqxNI=,TB+qvbweCx0uYiyMrJ1icH3yFoI=
45,56,D2U7qIZDi1ikWGaQRe5S2HcqxNI=,TB+qvbweCx0uYiyMrJ1icH3yFoI=
44,56,D2U7qIZDi1ikWGaQRe5S2HcqxNI=,TB+qvbweCx0uYiyMrJ1icH3yFoI=
43,56,D2U7qIZDi1ikWGaQRe5S2HcqxNI=,TB+qvbweCx0uYiyMrJ1icH3yFoI=
42,56,D2U7qIZDi1ikWGaQRe5S2HcqxNI=,TB+qvbweCx0uYiyMrJ1icH3yFoI=
41,56,D2U7qIZDi1ikWGaQRe5S2HcqxNI=,TB+qvbweCx0uYiyMrJ1icH3yFoI=
40,56,D2U7qIZDi1ikWGaQRe5S2HcqxNI=,TB+qvbweCx0uYiyMrJ1icH3yFoI=
42,48,D2U7qIZDi1ikWGaQRe5S2HcqxNI=,TB+qvbweCx0uYiyMrJ1icH3yFoI=
35,51,D2U7qIZDi1ikWGaQRe5S2HcqxNI=,TB+qvbweCx0uYiyMrJ1icH3yFoI=
39,56,D2U7qIZDi1ikWGaQRe5S2HcqxNI=,TB+qvbweCx0uYiyMrJ1icH3yFoI=
38,56,D2U7qIZDi1ikWGaQRe5S2HcqxNI=,TB+qvbweCx0uYiyMrJ1icH3yFoI=
37,56,D2U7qIZDi1ikWGaQRe5S2HcqxNI=,TB+qvbweCx0uYiyMrJ1icH3yFoI=
36,56,D2U7qIZDi1ikWGaQRe5S2HcqxNI=,TB+qvbweCx0uYiyMrJ1icH3yFoI=
35,56,D2U7qIZDi1ikWGaQRe5S2HcqxNI=,TB+qvbweCx0uYiyMrJ1icH3yFoI=
34,56,D2U7qIZDi1ikWGaQRe5S2HcqxNI=,TB+qvbweCx0uYiyMrJ1icH3yFoI=
39,49,D2U7qIZDi1ikWGaQRe5S2HcqxNI=,TB+qvbweCx0uYiyMrJ1icH3yFoI=
47,55,D2U7qIZDi1ikWGaQRe5S2HcqxNI=,TB+qvbweCx0uYiyMrJ1icH3yFoI=
46,55,D2U7qIZDi1ikWGaQRe5S2HcqxNI=,TB+qvbweCx0uYiyMrJ1icH3yFoI=
45,55,D2U7qIZDi1ikWGaQRe5S2HcqxNI=,TB+qvbweCx0uYiyMrJ1icH3yFoI=
44,55,D2U7qIZDi1ikWGaQRe5S2HcqxNI=,TB+qvbweCx0uYiyMrJ1icH3yFoI=
43,55,D2U7qIZDi1ikWGaQRe5S2HcqxNI=,TB+qvbweCx0uYiyMrJ1icH3yFoI=
42,55,D2U7qIZDi1ikWGaQRe5S2HcqxNI=,TB+qvbweCx0uYiyMrJ1icH3yFoI=
41,55,D2U7qIZDi1ikWGaQRe5S2HcqxNI=,TB+qvbweCx0uYiyMrJ1icH3yFoI=
41,48,D2U7qIZDi1ikWGaQRe5S2HcqxNI=,TB+qvbweCx0uYiyMrJ1icH3yFoI=
34,51,D2U7qIZDi1ikWGaQRe5S2HcqxNI=,TB+qvbweCx0uYiyMrJ1icH3yFoI=
40,55,D2U7qIZDi1ikWGaQRe5S2HcqxNI=,TB+qvbweCx0uYiyMrJ1icH3yFoI=
39,55,D2U7qIZDi1ikWGaQRe5S2HcqxNI=,TB+qvbweCx0uYiyMrJ1icH3yFoI=
38,55,D2U7qIZDi1ikWGaQRe5S2HcqxNI=,TB+qvbweCx0uYiyMrJ1icH3yFoI=
37,55,D2U7qIZDi1ikWGaQRe5S2HcqxNI=,TB+qvbweCx0uYiyMrJ1icH3yFoI=
36,55,D2U7qIZDi1ikWGaQRe5S2HcqxNI=,TB+qvbweCx0uYiyMrJ1icH3yFoI=
35,55,D2U7qIZDi1ikWGaQRe5S2HcqxNI=,TB+qvbweCx0uYiyMrJ1icH3yFoI=
34,55,D2U7qIZDi1ikWGaQRe5S2HcqxNI=,TB+qvbweCx0uYiyMrJ1icH3yFoI=
38,49,D2U7qIZDi1ikWGaQRe5S2HcqxNI=,TB+qvbweCx0uYiyMrJ1icH3yFoI=
47,54,D2U7qIZDi1ikWGaQRe5S2HcqxNI=,TB+qvbweCx0uYiyMrJ1icH3yFoI=
46,54,D2U7qIZDi1ikWGaQRe5S2HcqxNI=,TB+qvbweCx0uYiyMrJ1icH3yFoI=
45,54,D2U7qIZDi1ikWGaQRe5S2HcqxNI=,TB+qvbweCx0uYiyMrJ1icH3yFoI=
44,54,D2U7qIZDi1ikWGaQRe5S2HcqxNI=,TB+qvbweCx0uYiyMrJ1icH3yFoI=
43,54,D2U7qIZDi1ikWGaQRe5S2HcqxNI=,TB+qvbweCx0uYiyMrJ1icH3yFoI=
42,54,D2U7qIZDi1ikWGaQRe5S2HcqxNI=,TB+qvbweCx0uYiyMrJ1icH3yFoI=
40,48,D2U7qIZDi1ikWGaQRe5S2HcqxNI=,TB+qvbweCx0uYiyMrJ1icH3yFoI=
32,56,D2U7qIZDi1ikWGaQRe5S2HcqxNI=,TB+qvbweCx0uYiyMrJ1icH3yFoI=
41,54,D2U7qIZDi1ikWGaQRe5S2HcqxNI=,TB+qvbweCx0uYiyMrJ1icH3yFoI=
40,54,D2U7qIZDi1ikWGaQRe5S2HcqxNI=,TB+qvbweCx0uYiyMrJ1icH3yFoI=
39,54,D2U7qIZDi1ikWGaQRe5S2HcqxNI=,TB+qvbweCx0uYiyMrJ1icH3yFoI=
38,54,D2U7qIZDi1ikWGaQRe5S2HcqxNI=,TB+qvbweCx0uYiyMrJ1icH3yFoI=
37,54,D2U7qIZDi1ikWGaQRe5S2HcqxNI=,TB+qvbweCx0uYiyMrJ1icH3yFoI=
36,54,D2U7qIZDi1ikWGaQRe5S2HcqxNI=,TB+qvbweCx0uYiyMrJ1icH3yFoI=
35,54,D2U7qIZDi1ikWGaQRe5S2HcqxNI=,TB+qvbweCx0uYiyMrJ1icH3yFoI=
34,54,D2U7qIZDi1ikWGaQRe5S2HcqxNI=,TB+qvbweCx0uYiyMrJ1icH3yFoI=
33,55,D2U7qIZDi1ikWGaQRe5S2HcqxNI=,TB+qvbweCx0uYiyMrJ1icH3yFoI=
32,55,D2U7qIZDi1ikWGaQRe5S2HcqxNI=,TB+qvbweCx0uYiyMrJ1icH3yFoI=
37,49,D2U7qIZDi1ikWGaQRe5S2HcqxNI=,TB+qvbweCx0uYiyMrJ1icH3yFoI=
47,53,D2U7qIZDi1ikWGaQRe5S2HcqxNI=,TB+qvbweCx0uYiyMrJ1icH3yFoI=
46,53,D2U7qIZDi1ikWGaQRe5S2HcqxNI=,TB+qvbweCx0uYiyMrJ1icH3yFoI=
45,53,D2U7qIZDi1ikWGaQRe5S2HcqxNI=,TB+qvbweCx0uYiyMrJ1icH3yFoI=
44,53,D2U7qIZDi1ikWGaQRe5S2HcqxNI=,TB+qvbweCx0uYiyMrJ1icH3yFoI=
43,53,D2U7qIZDi1ikWGaQRe5S2HcqxNI=,TB+qvbweCx0uYiyMrJ1icH3yFoI=
39,48,D2U7qIZDi1ikWGaQRe5S2HcqxNI=,TB+qvbweCx0uYiyMrJ1icH3yFoI=
33,54,D2U7qIZDi1ikWGaQRe5S2HcqxNI=,TB+qvbweCx0uYiyMrJ1icH3yFoI=
36,49,D2U7qIZDi1ikWGaQRe5S2HcqxNI=,TB+qvbweCx0uYiyMrJ1icH3yFoI=
42,53,D2U7qIZDi1ikWGaQRe5S2HcqxNI=,TB+qvbweCx0uYiyMrJ1icH3yFoI=
41,53,D2U7qIZDi1ikWGaQRe5S2HcqxNI=,TB+qvbweCx0uYiyMrJ1icH3yFoI=
40,53,D2U7qIZDi1ikWGaQRe5S2HcqxNI=,TB+qvbweCx0uYiyMrJ1icH3yFoI=
39,53,D2U7qIZDi1ikWGaQRe5S2HcqxNI=,TB+qvbweCx0uYiyMrJ1icH3yFoI=
38,53,D2U7qIZDi1ikWGaQRe5S2HcqxNI=,TB+qvbweCx0uYiyMrJ1icH3yFoI=
37,53,D2U7qIZDi1ikWGaQRe5S2HcqxNI=,TB+qvbweCx0uYiyMrJ1icH3yFoI=
36,53,D2U7qIZDi1ikWGaQRe5S2HcqxNI=,TB+qvbweCx0uYiyMrJ1icH3yFoI=
35,53,D2U7qIZDi1ikWGaQRe5S2HcqxNI=,TB+qvbweCx0uYiyMrJ1icH3yFoI=
34,53,D2U7qIZDi1ikWGaQRe5S2HcqxNI=,TB+qvbweCx0uYiyMrJ1icH3yFoI=
32,54,D2U7qIZDi1ikWGaQRe5S2HcqxNI=,TB+qvbweCx0uYiyMrJ1icH3yFoI=
33,51,D2U7qIZDi1ikWGaQRe5S2HcqxNI=,TB+qvbweCx0uYiyMrJ1icH3yFoI=
35,49,D2U7qIZDi1ikWGaQRe5S2HcqxNI=,TB+qvbweCx0uYiyMrJ1icH3yFoI=
47,52,D2U7qIZDi1ikWGaQRe5S2HcqxNI=,TB+qvbweCx0uYiyMrJ1icH3yFoI=
46,52,D2U7qIZDi1ikWGaQRe5S2HcqxNI=,TB+qvbweCx0uYiyMrJ1icH3yFoI=
45,52,D2U7qIZDi1ikWGaQRe5S2HcqxNI=,TB+qvbweCx0uYiyMrJ1icH3yFoI=
44,52,D2U7qIZDi1ikWGaQRe5S2HcqxNI=,TB+qvbweCx0uYiyMrJ1icH3yFoI=
38,48,D2U7qIZDi1ikWGaQRe5S2HcqxNI=,TB+qvbweCx0uYiyMrJ1icH3yFoI=
47,50,D2U7qIZDi1ikWGaQRe5S2HcqxNI=,TB+qvbweCx0uYiyMrJ1icH3yFoI=
43,52,D2U7qIZDi1ikWGaQRe5S2HcqxNI=,TB+qvbweCx0uYiyMrJ1icH3yFoI=
42,52,D2U7qIZDi1ikWGaQRe5S2HcqxNI=,TB+qvbweCx0uYiyMrJ1icH3yFoI=
41,52,D2U7qIZDi1ikWGaQRe5S2HcqxNI=,TB+qvbweCx0uYiyMrJ1icH3yFoI=
40,52,D2U7qIZDi1ikWGaQRe5S2HcqxNI=,TB+qvbweCx0uYiyMrJ1icH3yFoI=
39,52,D2U7qIZDi1ikWGaQRe5S2HcqxNI=,TB+qvbweCx0uYiyMrJ1icH3yFoI=
38,52,D2U7qIZDi1ikWGaQRe5S2HcqxNI=,TB+qvbweCx0uYiyMrJ1icH3yFoI=
37,52,D2U7qIZDi1ikWGaQRe5S2HcqxNI=,TB+qvbweCx0uYiyMrJ1icH3yFoI=
36,52,D2U7qIZDi1ikWGaQRe5S2HcqxNI=,TB+qvbweCx0uYiyMrJ1icH3yFoI=
35,52,D2U7qIZDi1ikWGaQRe5S2HcqxNI=,TB+qvbweCx0uYiyMrJ1icH3yFoI=
34,52,D2U7qIZDi1ikWGaQRe5S2HcqxNI=,TB+qvbweCx0uYiyMrJ1icH3yFoI=
33,53,D2U7qIZDi1ikWGaQRe5S2HcqxNI=,TB+qvbweCx0uYiyMrJ1icH3yFoI=
32,51,D2U7qIZDi1ikWGaQRe5S2HcqxNI=,TB+qvbweCx0uYiyMrJ1icH3yFoI=
32,57,D2U7qIZDi1ikWGaQRe5S2HcqxNI=,TB+qvbweCx0uYiyMrJ1icH3yFoI=
33,52,D2U7qIZDi1ikWGaQRe5S2HcqxNI=,TB+qvbweCx0uYiyMrJ1icH3yFoI=
33,56,D2U7qIZDi1ikWGaQRe5S2HcqxNI=,TB+qvbweCx0uYiyMrJ1icH3yFoI=
32,53,D2U7qIZDi1ikWGaQRe5S2HcqxNI=,TB+qvbweCx0uYiyMrJ1icH3yFoI=
33,57,D2U7qIZDi1ikWGaQRe5S2HcqxNI=,TB+qvbweCx0uYiyMrJ1icH3yFoI=
