51,-16,8xp7In97jGOehdaEUu12XZqPbPY=,QdfyDwJ7tR58wCjWcq8B/Vs4WDY=
63,-15,8xp7In97jGOehdaEUu12XZqPbPY=,QdfyDwJ7tR58wCjWcq8B/Vs4WDY=
61,-14,8xp7In97jGOehdaEUu12XZqPbPY=,QdfyDwJ7tR58wCjWcq8B/Vs4WDY=
60,-14,GnmDrQ2zusMIJcni52dOoAHktHI=,QdfyDwJ7tR58wCjWcq8B/Vs4WDY=
59,-14,GnmDrQ2zusMIJcni52dOoAHktHI=,QdfyDwJ7tR58wCjWcq8B/Vs4WDY=
58,-14,GnmDrQ2zusMIJcni52dOoAHktHI=,QdfyDwJ7tR58wCjWcq8B/Vs4WDY=
57,-14,GnmDrQ2zusMIJcni52dOoAHktHI=,QdfyDwJ7tR58wCjWcq8B/Vs4WDY=
55,-14,GnmDrQ2zusMIJcni52dOoAHktHI=,QdfyDwJ7tR58wCjWcq8B/Vs4WDY=
56,-14,GnmDrQ2zusMIJcni52dOoAHktHI=,QdfyDwJ7tR58wCjWcq8B/Vs4WDY=
60,-13,GnmDrQ2zusMIJcni52dOoAHktHI=,QdfyDwJ7tR58wCjWcq8B/Vs4WDY=
54,-14,GnmDrQ2zusMIJcni52dOoAHktHI=,QdfyDwJ7tR58wCjWcq8B/Vs4WDY=
53,-14,GnmDrQ2zusMIJcni52dOoAHktHI=,QdfyDwJ7tR58wCjWcq8B/Vs4WDY=
62,-14,GnmDrQ2zusMIJcni52dOoAHktHI=,QdfyDwJ7tR58wCjWcq8B/Vs4WDY=
52,-14,GnmDrQ2zusMIJcni52dOoAHktHI=,QdfyDwJ7tR58wCjWcq8B/Vs4WDY=
51,-14,GnmDrQ2zusMIJcni52dOoAHktHI=,QdfyDwJ7tR58wCjWcq8B/Vs4WDY=
52,-16,GnmDrQ2zusMIJcni52dOoAHktHI=,QdfyDwJ7tR58wCjWcq8B/Vs4WDY=
50,-14,GnmDrQ2zusMIJcni52dOoAHktHI=,QdfyDwJ7tR58wCjWcq8B/Vs4WDY=
61,-13,GnmDrQ2zusMIJcni52dOoAHktHI=,QdfyDwJ7tR58wCjWcq8B/Vs4WDY=
49,-14,GnmDrQ2zusMIJcni52dOoAHktHI=,QdfyDwJ7tR58wCjWcq8B/Vs4WDY=
62,-13,GnmDrQ2zusMIJcni52dOoAHktHI=,QdfyDwJ7tR58wCjWcq8B/Vs4WDY=
53,-16,GnmDrQ2zusMIJcni52dOoAHktHI=,QdfyDwJ7tR58wCjWcq8B/Vs4WDY=
50,-15,GnmDrQ2zusMIJcni52dOoAHktHI=,QdfyDwJ7tR58wCjWcq8B/Vs4WDY=
63,-13,GnmDrQ2zusMIJcni52dOoAHktHI=,QdfyDwJ7tR58wCjWcq8B/Vs4WDY=
48,-12,GnmDrQ2zusMIJcni52dOoAHktHI=,QdfyDwJ7tR58wCjWcq8B/Vs4WDY=
49,-12,GnmDrQ2zusMIJcni52dOoAHktHI=,QdfyDwJ7tR58wCjWcq8B/Vs4WDY=
50,-12,GnmDrQ2zusMIJcni52dOoAHktHI=,QdfyDwJ7tR58wCjWcq8B/Vs4WDY=
51,-12,GnmDrQ2zusMIJcni52dOoAHktHI=,QdfyDwJ7tR58wCjWcq8B/Vs4WDY=
52,-12,GnmDrQ2zusMIJcni52dOoAHktHI=,QdfyDwJ7tR58wCjWcq8B/Vs4WDY=
53,-12,GnmDrQ2zusMIJcni52dOoAHktHI=,QdfyDwJ7tR58wCjWcq8B/Vs4WDY=
54,-12,GnmDrQ2zusMIJcni52dOoAHktHI=,QdfyDwJ7tR58wCjWcq8B/Vs4WDY=
55,-12,GnmDrQ2zusMIJcni52dOoAHktHI=,QdfyDwJ7tR58wCjWcq8B/Vs4WDY=
56,-12,GnmDrQ2zusMIJcni52dOoAHktHI=,QdfyDwJ7tR58wCjWcq8B/Vs4WDY=
57,-12,GnmDrQ2zusMIJcni52dOoAHktHI=,QdfyDwJ7tR58wCjWcq8B/Vs4WDY=
58,-12,GnmDrQ2zusMIJcni52dOoAHktHI=,QdfyDwJ7tR58wCjWcq8B/Vs4WDY=
63,-14,GnmDrQ2zusMIJcni52dOoAHktHI=,QdfyDwJ7tR58wCjWcq8B/Vs4WDY=
59,-12,GnmDrQ2zusMIJcni52dOoAHktHI=,QdfyDwJ7tR58wCjWcq8B/Vs4WDY=
54,-16,GnmDrQ2zusMIJcni52dOoAHktHI=,QdfyDwJ7tR58wCjWcq8B/Vs4WDY=
60,-12,GnmDrQ2zusMIJcni52dOoAHktHI=,QdfyDwJ7tR58wCjWcq8B/Vs4WDY=
61,-12,GnmDrQ2zusMIJcni52dOoAHktHI=,QdfyDwJ7tR58wCjWcq8B/Vs4WDY=
62,-12,GnmDrQ2zusMIJcni52dOoAHktHI=,QdfyDwJ7tR58wCjWcq8B/Vs4WDY=
63,-12,GnmDrQ2zusMIJcni52dOoAHktHI=,QdfyDwJ7tR58wCjWcq8B/Vs4WDY=
48,-11,GnmDrQ2zusMIJcni52dOoAHktHI=,QdfyDwJ7tR58wCjWcq8B/Vs4WDY=
51,-15,GnmDrQ2zusMIJcni52dOoAHktHI=,QdfyDwJ7tR58wCjWcq8B/Vs4WDY=
49,-11,GnmDrQ2zusMIJcni52dOoAHktHI=,QdfyDwJ7tR58wCjWcq8B/Vs4WDY=
50,-11,GnmDrQ2zusMIJcni52dOoAHktHI=,QdfyDwJ7tR58wCjWcq8B/Vs4WDY=
51,-11,GnmDrQ2zusMIJcni52dOoAHktHI=,QdfyDwJ7tR58wCjWcq8B/Vs4WDY=
52,-11,GnmDrQ2zusMIJcni52dOoAHktHI=,QdfyDwJ7tR58wCjWcq8B/Vs4WDY=
53,-11,GnmDrQ2zusMIJcni52dOoAHktHI=,QdfyDwJ7tR58wCjWcq8B/Vs4WDY=
54,-11,GnmDrQ2zusMIJcni52dOoAHktHI=,QdfyDwJ7tR58wCjWcq8B/Vs4WDY=
55,-11,GnmDrQ2zusMIJcni52dOoAHktHI=,QdfyDwJ7tR58wCjWcq8B/Vs4WDY=
56,-11,GnmDrQ2zusMIJcni52dOoAHktHI=,QdfyDwJ7tR58wCjWcq8B/Vs4WDY=
57,-11,GnmDrQ2zusMIJcni52dOoAHktHI=,QdfyDwJ7tR58wCjWcq8B/Vs4WDY=
58,-11,GnmDrQ2zusMIJcni52dOoAHktHI=,QdfyDwJ7tR58wCjWcq8B/Vs4WDY=
48,-13,GnmDrQ2zusMIJcni52dOoAHktHI=,QdfyDwJ7tR58wCjWcq8B/Vs4WDY=
52,-15,GnmDrQ2zusMIJcni52dOoAHktHI=,QdfyDwJ7tR58wCjWcq8B/Vs4WDY=
55,-16,GnmDrQ2zusMIJcni52dOoAHktHI=,QdfyDwJ7tR58wCjWcq8B/Vs4WDY=
59,-11,GnmDrQ2zusMIJcni52dOoAHktHI=,QdfyDwJ7tR58wCjWcq8B/Vs4WDY=
60,-11,GnmDrQ2zusMIJcni52dOoAHktHI=,QdfyDwJ7tR58wCjWcq8B/Vs4WDY=
61,-11,GnmDrQ2zusMIJcni52dOoAHktHI=,QdfyDwJ7tR58wCjWcq8B/Vs4WDY=
62,-11,GnmDrQ2zusMIJcni52dOoAHktHI=,QdfyDwJ7tR58wCjWcq8B/Vs4WDY=
63,-11,GnmDrQ2zusMIJcni52dOoAHktHI=,QdfyDwJ7tR58wCjWcq8B/Vs4WDY=
62,-1,GnmDrQ2zusMIJcni52dOoAHktHI=,QdfyDwJ7tR58wCjWcq8B/Vs4WDY=
59,-13,GnmDrQ2zusMIJcni52dOoAHktHI=,QdfyDwJ7tR58wCjWcq8B/Vs4WDY=
48,-14,GnmDrQ2zusMIJcni52dOoAHktHI=,QdfyDwJ7tR58wCjWcq8B/Vs4WDY=
63,-1,GnmDrQ2zusMIJcni52dOoAHktHI=,QdfyDwJ7tR58wCjWcq8B/Vs4WDY=
50,-16,GnmDrQ2zusMIJcni52dOoAHktHI=,QdfyDwJ7tR58wCjWcq8B/Vs4WDY=
48,-10,GnmDrQ2zusMIJcni52dOoAHktHI=,QdfyDwJ7tR58wCjWcq8B/Vs4WDY=
58,-13,GnmDrQ2zusMIJcni52dOoAHktHI=,QdfyDwJ7tR58wCjWcq8B/Vs4WDY=
61,-1,GnmDrQ2zusMIJcni52dOoAHktHI=,QdfyDwJ7tR58wCjWcq8B/Vs4WDY=
60,-1,GnmDrQ2zusMIJcni52dOoAHktHI=,QdfyDwJ7tR58wCjWcq8B/Vs4WDY=
59,-1,GnmDrQ2zusMIJcni52dOoAHktHI=,QdfyDwJ7tR58wCjWcq8B/Vs4WDY=
55,-1,GnmDrQ2zusMIJcni52dOoAHktHI=,QdfyDwJ7tR58wCjWcq8B/Vs4WDY=
56,-1,GnmDrQ2zusMIJcni52dOoAHktHI=,QdfyDwJ7tR58wCjWcq8B/Vs4WDY=
51,-1,GnmDrQ2zusMIJcni52dOoAHktHI=,QdfyDwJ7tR58wCjWcq8B/Vs4WDY=
53,-1,GnmDrQ2zusMIJcni52dOoAHktHI=,QdfyDwJ7tR58wCjWcq8B/Vs4WDY=
62,-15,GnmDrQ2zusMIJcni52dOoAHktHI=,QdfyDwJ7tR58wCjWcq8B/Vs4WDY=
50,-1,GnmDrQ2zusMIJcni52dOoAHktHI=,QdfyDwJ7tR58wCjWcq8B/Vs4WDY=
63,-2,GnmDrQ2zusMIJcni52dOoAHktHI=,QdfyDwJ7tR58wCjWcq8B/Vs4WDY=
62,-2,GnmDrQ2zusMIJcni52dOoAHktHI=,QdfyDwJ7tR58wCjWcq8B/Vs4WDY=
60,-2,GnmDrQ2zusMIJcni52dOoAHktHI=,QdfyDwJ7tR58wCjWcq8B/Vs4WDY=
59,-2,GnmDrQ2zusMIJcni52dOoAHktHI=,QdfyDwJ7tR58wCjWcq8B/Vs4WDY=
57,-2,GnmDrQ2zusMIJcni52dOoAHktHI=,QdfyDwJ7tR58wCjWcq8B/Vs4WDY=
53,-15,GnmDrQ2zusMIJcni52dOoAHktHI=,QdfyDwJ7tR58wCjWcq8B/Vs4WDY=
55,-2,GnmDrQ2zusMIJcni52dOoAHktHI=,QdfyDwJ7tR58wCjWcq8B/Vs4WDY=
54,-2,GnmDrQ2zusMIJcni52dOoAHktHI=,QdfyDwJ7tR58wCjWcq8B/Vs4WDY=
49,-15,GnmDrQ2zusMIJcni52dOoAHktHI=,QdfyDwJ7tR58wCjWcq8B/Vs4WDY=
48,-15,GnmDrQ2zusMIJcni52dOoAHktHI=,QdfyDwJ7tR58wCjWcq8B/Vs4WDY=
57,-13,GnmDrQ2zusMIJcni52dOoAHktHI=,QdfyDwJ7tR58wCjWcq8B/Vs4WDY=
49,-10,GnmDrQ2zusMIJcni52dOoAHktHI=,QdfyDwJ7tR58wCjWcq8B/Vs4WDY=
50,-10,GnmDrQ2zusMIJcni52dOoAHktHI=,QdfyDwJ7tR58wCjWcq8B/Vs4WDY=
51,-10,GnmDrQ2zusMIJcni52dOoAHktHI=,QdfyDwJ7tR58wCjWcq8B/Vs4WDY=
52,-10,GnmDrQ2zusMIJcni52dOoAHktHI=,QdfyDwJ7tR58wCjWcq8B/Vs4WDY=
53,-10,GnmDrQ2zusMIJcni52dOoAHktHI=,QdfyDwJ7tR58wCjWcq8B/Vs4WDY=
51,-2,GnmDrQ2zusMIJcni52dOoAHktHI=,QdfyDwJ7tR58wCjWcq8B/Vs4WDY=
49,-16,GnmDrQ2zusMIJcni52dOoAHktHI=,QdfyDwJ7tR58wCjWcq8B/Vs4WDY=
54,-10,GnmDrQ2zusMIJcni52dOoAHktHI=,QdfyDwJ7tR58wCjWcq8B/Vs4WDY=
55,-10,GnmDrQ2zusMIJcni52dOoAHktHI=,QdfyDwJ7tR58wCjWcq8B/Vs4WDY=
56,-10,GnmDrQ2zusMIJcni52dOoAHktHI=,QdfyDwJ7tR58wCjWcq8B/Vs4WDY=
57,-10,GnmDrQ2zusMIJcni52dOoAHktHI=,QdfyDwJ7tR58wCjWcq8B/Vs4WDY=
49,-13,GnmDrQ2zusMIJcni52dOoAHktHI=,QdfyDwJ7tR58wCjWcq8B/Vs4WDY=
56,-16,GnmDrQ2zusMIJcni52dOoAHktHI=,QdfyDwJ7tR58wCjWcq8B/Vs4WDY=
58,-10,GnmDrQ2zusMIJcni52dOoAHktHI=,QdfyDwJ7tR58wCjWcq8B/Vs4WDY=
59,-10,GnmDrQ2zusMIJcni52dOoAHktHI=,QdfyDwJ7tR58wCjWcq8B/Vs4WDY=
60,-10,GnmDrQ2zusMIJcni52dOoAHktHI=,QdfyDwJ7tR58wCjWcq8B/Vs4WDY=
61,-10,GnmDrQ2zusMIJcni52dOoAHktHI=,QdfyDwJ7tR58wCjWcq8B/Vs4WDY=
62,-10,GnmDrQ2zusMIJcni52dOoAHktHI=,QdfyDwJ7tR58wCjWcq8B/Vs4WDY=
63,-10,GnmDrQ2zusMIJcni52dOoAHktHI=,QdfyDwJ7tR58wCjWcq8B/Vs4WDY=
58,-1,GnmDrQ2zusMIJcni52dOoAHktHI=,QdfyDwJ7tR58wCjWcq8B/Vs4WDY=
57,-1,GnmDrQ2zusMIJcni52dOoAHktHI=,QdfyDwJ7tR58wCjWcq8B/Vs4WDY=
54,-1,GnmDrQ2zusMIJcni52dOoAHktHI=,QdfyDwJ7tR58wCjWcq8B/Vs4WDY=
52,-1,GnmDrQ2zusMIJcni52dOoAHktHI=,QdfyDwJ7tR58wCjWcq8B/Vs4WDY=
62,-3,GnmDrQ2zusMIJcni52dOoAHktHI=,QdfyDwJ7tR58wCjWcq8B/Vs4WDY=
60,-3,GnmDrQ2zusMIJcni52dOoAHktHI=,QdfyDwJ7tR58wCjWcq8B/Vs4WDY=
61,-2,GnmDrQ2zusMIJcni52dOoAHktHI=,QdfyDwJ7tR58wCjWcq8B/Vs4WDY=
49,-1,GnmDrQ2zusMIJcni52dOoAHktHI=,QdfyDwJ7tR58wCjWcq8B/Vs4WDY=
48,-1,GnmDrQ2zusMIJcni52dOoAHktHI=,QdfyDwJ7tR58wCjWcq8B/Vs4WDY=
58,-3,GnmDrQ2zusMIJcni52dOoAHktHI=,QdfyDwJ7tR58wCjWcq8B/Vs4WDY=
57,-3,GnmDrQ2zusMIJcni52dOoAHktHI=,QdfyDwJ7tR58wCjWcq8B/Vs4WDY=
56,-3,GnmDrQ2zusMIJcni52dOoAHktHI=,QdfyDwJ7tR58wCjWcq8B/Vs4WDY=
58,-2,GnmDrQ2zusMIJcni52dOoAHktHI=,QdfyDwJ7tR58wCjWcq8B/Vs4WDY=
56,-2,GnmDrQ2zusMIJcni52dOoAHktHI=,QdfyDwJ7tR58wCjWcq8B/Vs4WDY=
63,-16,GnmDrQ2zusMIJcni52dOoAHktHI=,QdfyDwJ7tR58wCjWcq8B/Vs4WDY=
61,-15,GnmDrQ2zusMIJcni52dOoAHktHI=,QdfyDwJ7tR58wCjWcq8B/Vs4WDY=
48,-16,GnmDrQ2zusMIJcni52dOoAHktHI=,QdfyDwJ7tR58wCjWcq8B/Vs4WDY=
56,-13,GnmDrQ2zusMIJcni52dOoAHktHI=,QdfyDwJ7tR58wCjWcq8B/Vs4WDY=
53,-2,GnmDrQ2zusMIJcni52dOoAHktHI=,QdfyDwJ7tR58wCjWcq8B/Vs4WDY=
51,-3,GnmDrQ2zusMIJcni52dOoAHktHI=,QdfyDwJ7tR58wCjWcq8B/Vs4WDY=
60,-15,GnmDrQ2zusMIJcni52dOoAHktHI=,QdfyDwJ7tR58wCjWcq8B/Vs4WDY=
52,-2,GnmDrQ2zusMIJcni52dOoAHktHI=,QdfyDwJ7tR58wCjWcq8B/Vs4WDY=
49,-3,GnmDrQ2zusMIJcni52dOoAHktHI=,QdfyDwJ7tR58wCjWcq8B/Vs4WDY=
50,-2,GnmDrQ2zusMIJcni52dOoAHktHI=,QdfyDwJ7tR58wCjWcq8B/Vs4WDY=
61,-4,GnmDrQ2zusMIJcni52dOoAHktHI=,QdfyDwJ7tR58wCjWcq8B/Vs4WDY=
49,-2,GnmDrQ2zusMIJcni52dOoAHktHI=,QdfyDwJ7tR58wCjWcq8B/Vs4WDY=
48,-2,GnmDrQ2zusMIJcni52dOoAHktHI=,QdfyDwJ7tR58wCjWcq8B/Vs4WDY=
60,-4,GnmDrQ2zusMIJcni52dOoAHktHI=,QdfyDwJ7tR58wCjWcq8B/Vs4WDY=
63,-3,GnmDrQ2zusMIJcni52dOoAHktHI=,QdfyDwJ7tR58wCjWcq8B/Vs4WDY=
48,-9,GnmDrQ2zusMIJcni52dOoAHktHI=,QdfyDwJ7tR58wCjWcq8B/Vs4WDY=
54,-15,GnmDrQ2zusMIJcni52dOoAHktHI=,QdfyDwJ7tR58wCjWcq8B/Vs4WDY=
58,-4,GnmDrQ2zusMIJcni52dOoAHktHI=,QdfyDwJ7tR58wCjWcq8B/Vs4WDY=
56,-4,GnmDrQ2zusMIJcni52dOoAHktHI=,QdfyDwJ7tR58wCjWcq8B/Vs4WDY=
61,-3,GnmDrQ2zusMIJcni52dOoAHktHI=,QdfyDwJ7tR58wCjWcq8B/Vs4WDY=
59,-3,GnmDrQ2zusMIJcni52dOoAHktHI=,QdfyDwJ7tR58wCjWcq8B/Vs4WDY=
53,-4,GnmDrQ2zusMIJcni52dOoAHktHI=,QdfyDwJ7tR58wCjWcq8B/Vs4WDY=
62,-16,GnmDrQ2zusMIJcni52dOoAHktHI=,QdfyDwJ7tR58wCjWcq8B/Vs4WDY=
55,-13,GnmDrQ2zusMIJcni52dOoAHktHI=,QdfyDwJ7tR58wCjWcq8B/Vs4WDY=
52,-4,GnmDrQ2zusMIJcni52dOoAHktHI=,QdfyDwJ7tR58wCjWcq8B/Vs4WDY=
55,-3,GnmDrQ2zusMIJcni52dOoAHktHI=,QdfyDwJ7tR58wCjWcq8B/Vs4WDY=
51,-4,GnmDrQ2zusMIJcni52dOoAHktHI=,QdfyDwJ7tR58wCjWcq8B/Vs4WDY=
59,-15,GnmDrQ2zusMIJcni52dOoAHktHI=,QdfyDwJ7tR58wCjWcq8B/Vs4WDY=
53,-3,GnmDrQ2zusMIJcni52dOoAHktHI=,QdfyDwJ7tR58wCjWcq8B/Vs4WDY=
54,-3,GnmDrQ2zusMIJcni52dOoAHktHI=,QdfyDwJ7tR58wCjWcq8B/Vs4WDY=
49,-4,GnmDrQ2zusMIJcni52dOoAHktHI=,QdfyDwJ7tR58wCjWcq8B/Vs4WDY=
52,-3,GnmDrQ2zusMIJcni52dOoAHktHI=,QdfyDwJ7tR58wCjWcq8B/Vs4WDY=
60,-5,GnmDrQ2zusMIJcni52dOoAHktHI=,QdfyDwJ7tR58wCjWcq8B/Vs4WDY=
50,-3,GnmDrQ2zusMIJcni52dOoAHktHI=,QdfyDwJ7tR58wCjWcq8B/Vs4WDY=
48,-3,GnmDrQ2zusMIJcni52dOoAHktHI=,QdfyDwJ7tR58wCjWcq8B/Vs4WDY=
62,-5,GnmDrQ2zusMIJcni52dOoAHktHI=,QdfyDwJ7tR58wCjWcq8B/Vs4WDY=
59,-5,GnmDrQ2zusMIJcni52dOoAHktHI=,QdfyDwJ7tR58wCjWcq8B/Vs4WDY=
58,-5,GnmDrQ2zusMIJcni52dOoAHktHI=,QdfyDwJ7tR58wCjWcq8B/Vs4WDY=
62,-4,GnmDrQ2zusMIJcni52dOoAHktHI=,QdfyDwJ7tR58wCjWcq8B/Vs4WDY=
57,-5,GnmDrQ2zusMIJcni52dOoAHktHI=,QdfyDwJ7tR58wCjWcq8B/Vs4WDY=
61,-16,GnmDrQ2zusMIJcni52dOoAHktHI=,QdfyDwJ7tR58wCjWcq8B/Vs4WDY=
54,-13,GnmDrQ2zusMIJcni52dOoAHktHI=,QdfyDwJ7tR58wCjWcq8B/Vs4WDY=
56,-5,GnmDrQ2zusMIJcni52dOoAHktHI=,QdfyDwJ7tR58wCjWcq8B/Vs4WDY=
53,-5,GnmDrQ2zusMIJcni52dOoAHktHI=,QdfyDwJ7tR58wCjWcq8B/Vs4WDY=
54,-5,GnmDrQ2zusMIJcni52dOoAHktHI=,QdfyDwJ7tR58wCjWcq8B/Vs4WDY=
63,-4,GnmDrQ2zusMIJcni52dOoAHktHI=,QdfyDwJ7tR58wCjWcq8B/Vs4WDY=
58,-15,GnmDrQ2zusMIJcni52dOoAHktHI=,QdfyDwJ7tR58wCjWcq8B/Vs4WDY=
57,-4,GnmDrQ2zusMIJcni52dOoAHktHI=,QdfyDwJ7tR58wCjWcq8B/Vs4WDY=
59,-4,GnmDrQ2zusMIJcni52dOoAHktHI=,QdfyDwJ7tR58wCjWcq8B/Vs4WDY=
62,-6,GnmDrQ2zusMIJcni52dOoAHktHI=,QdfyDwJ7tR58wCjWcq8B/Vs4WDY=
63,-6,GnmDrQ2zusMIJcni52dOoAHktHI=,QdfyDwJ7tR58wCjWcq8B/Vs4WDY=
49,-9,GnmDrQ2zusMIJcni52dOoAHktHI=,QdfyDwJ7tR58wCjWcq8B/Vs4WDY=
60,-6,GnmDrQ2zusMIJcni52dOoAHktHI=,QdfyDwJ7tR58wCjWcq8B/Vs4WDY=
55,-4,GnmDrQ2zusMIJcni52dOoAHktHI=,QdfyDwJ7tR58wCjWcq8B/Vs4WDY=
58,-6,GnmDrQ2zusMIJcni52dOoAHktHI=,QdfyDwJ7tR58wCjWcq8B/Vs4WDY=
61,-6,GnmDrQ2zusMIJcni52dOoAHktHI=,QdfyDwJ7tR58wCjWcq8B/Vs4WDY=
54,-4,GnmDrQ2zusMIJcni52dOoAHktHI=,QdfyDwJ7tR58wCjWcq8B/Vs4WDY=
57,-6,GnmDrQ2zusMIJcni52dOoAHktHI=,QdfyDwJ7tR58wCjWcq8B/Vs4WDY=
55,-6,GnmDrQ2zusMIJcni52dOoAHktHI=,QdfyDwJ7tR58wCjWcq8B/Vs4WDY=
60,-16,GnmDrQ2zusMIJcni52dOoAHktHI=,QdfyDwJ7tR58wCjWcq8B/Vs4WDY=
53,-13,GnmDrQ2zusMIJcni52dOoAHktHI=,QdfyDwJ7tR58wCjWcq8B/Vs4WDY=
50,-4,GnmDrQ2zusMIJcni52dOoAHktHI=,QdfyDwJ7tR58wCjWcq8B/Vs4WDY=
61,-5,GnmDrQ2zusMIJcni52dOoAHktHI=,QdfyDwJ7tR58wCjWcq8B/Vs4WDY=
48,-4,GnmDrQ2zusMIJcni52dOoAHktHI=,QdfyDwJ7tR58wCjWcq8B/Vs4WDY=
63,-5,GnmDrQ2zusMIJcni52dOoAHktHI=,QdfyDwJ7tR58wCjWcq8B/Vs4WDY=
51,-6,GnmDrQ2zusMIJcni52dOoAHktHI=,QdfyDwJ7tR58wCjWcq8B/Vs4WDY=
57,-15,GnmDrQ2zusMIJcni52dOoAHktHI=,QdfyDwJ7tR58wCjWcq8B/Vs4WDY=
55,-5,GnmDrQ2zusMIJcni52dOoAHktHI=,QdfyDwJ7tR58wCjWcq8B/Vs4WDY=
63,-7,GnmDrQ2zusMIJcni52dOoAHktHI=,QdfyDwJ7tR58wCjWcq8B/Vs4WDY=
62,-7,GnmDrQ2zusMIJcni52dOoAHktHI=,QdfyDwJ7tR58wCjWcq8B/Vs4WDY=
61,-7,GnmDrQ2zusMIJcni52dOoAHktHI=,QdfyDwJ7tR58wCjWcq8B/Vs4WDY=
60,-7,GnmDrQ2zusMIJcni52dOoAHktHI=,QdfyDwJ7tR58wCjWcq8B/Vs4WDY=
59,-7,GnmDrQ2zusMIJcni52dOoAHktHI=,QdfyDwJ7tR58wCjWcq8B/Vs4WDY=
51,-5,GnmDrQ2zusMIJcni52dOoAHktHI=,QdfyDwJ7tR58wCjWcq8B/Vs4WDY=
50,-5,GnmDrQ2zusMIJcni52dOoAHktHI=,QdfyDwJ7tR58wCjWcq8B/Vs4WDY=
49,-5,GnmDrQ2zusMIJcni52dOoAHktHI=,QdfyDwJ7tR58wCjWcq8B/Vs4WDY=
52,-5,GnmDrQ2zusMIJcni52dOoAHktHI=,QdfyDwJ7tR58wCjWcq8B/Vs4WDY=
59,-16,GnmDrQ2zusMIJcni52dOoAHktHI=,QdfyDwJ7tR58wCjWcq8B/Vs4WDY=
52,-13,GnmDrQ2zusMIJcni52dOoAHktHI=,QdfyDwJ7tR58wCjWcq8B/Vs4WDY=
48,-5,GnmDrQ2zusMIJcni52dOoAHktHI=,QdfyDwJ7tR58wCjWcq8B/Vs4WDY=
59,-6,GnmDrQ2zusMIJcni52dOoAHktHI=,QdfyDwJ7tR58wCjWcq8B/Vs4WDY=
50,-9,GnmDrQ2zusMIJcni52dOoAHktHI=,QdfyDwJ7tR58wCjWcq8B/Vs4WDY=
52,-7,GnmDrQ2zusMIJcni52dOoAHktHI=,QdfyDwJ7tR58wCjWcq8B/Vs4WDY=
56,-6,GnmDrQ2zusMIJcni52dOoAHktHI=,QdfyDwJ7tR58wCjWcq8B/Vs4WDY=
54,-6,GnmDrQ2zusMIJcni52dOoAHktHI=,QdfyDwJ7tR58wCjWcq8B/Vs4WDY=
51,-9,GnmDrQ2zusMIJcni52dOoAHktHI=,QdfyDwJ7tR58wCjWcq8B/Vs4WDY=
50,-6,GnmDrQ2zusMIJcni52dOoAHktHI=,QdfyDwJ7tR58wCjWcq8B/Vs4WDY=
56,-15,GnmDrQ2zusMIJcni52dOoAHktHI=,QdfyDwJ7tR58wCjWcq8B/Vs4WDY=
53,-6,GnmDrQ2zusMIJcni52dOoAHktHI=,QdfyDwJ7tR58wCjWcq8B/Vs4WDY=
63,-8,GnmDrQ2zusMIJcni52dOoAHktHI=,QdfyDwJ7tR58wCjWcq8B/Vs4WDY=
62,-8,GnmDrQ2zusMIJcni52dOoAHktHI=,QdfyDwJ7tR58wCjWcq8B/Vs4WDY=
61,-8,GnmDrQ2zusMIJcni52dOoAHktHI=,QdfyDwJ7tR58wCjWcq8B/Vs4WDY=
60,-8,GnmDrQ2zusMIJcni52dOoAHktHI=,QdfyDwJ7tR58wCjWcq8B/Vs4WDY=
52,-6,GnmDrQ2zusMIJcni52dOoAHktHI=,QdfyDwJ7tR58wCjWcq8B/Vs4WDY=
59,-8,GnmDrQ2zusMIJcni52dOoAHktHI=,QdfyDwJ7tR58wCjWcq8B/Vs4WDY=
58,-8,GnmDrQ2zusMIJcni52dOoAHktHI=,QdfyDwJ7tR58wCjWcq8B/Vs4WDY=
58,-7,GnmDrQ2zusMIJcni52dOoAHktHI=,QdfyDwJ7tR58wCjWcq8B/Vs4WDY=
58,-16,GnmDrQ2zusMIJcni52dOoAHktHI=,QdfyDwJ7tR58wCjWcq8B/Vs4WDY=
51,-13,GnmDrQ2zusMIJcni52dOoAHktHI=,QdfyDwJ7tR58wCjWcq8B/Vs4WDY=
48,-6,GnmDrQ2zusMIJcni52dOoAHktHI=,QdfyDwJ7tR58wCjWcq8B/Vs4WDY=
49,-6,GnmDrQ2zusMIJcni52dOoAHktHI=,QdfyDwJ7tR58wCjWcq8B/Vs4WDY=
57,-7,GnmDrQ2zusMIJcni52dOoAHktHI=,QdfyDwJ7tR58wCjWcq8B/Vs4WDY=
55,-8,GnmDrQ2zusMIJcni52dOoAHktHI=,QdfyDwJ7tR58wCjWcq8B/Vs4WDY=
55,-7,GnmDrQ2zusMIJcni52dOoAHktHI=,QdfyDwJ7tR58wCjWcq8B/Vs4WDY=
54,-7,GnmDrQ2zusMIJcni52dOoAHktHI=,QdfyDwJ7tR58wCjWcq8B/Vs4WDY=
56,-7,GnmDrQ2zusMIJcni52dOoAHktHI=,QdfyDwJ7tR58wCjWcq8B/Vs4WDY=
55,-15,GnmDrQ2zusMIJcni52dOoAHktHI=,QdfyDwJ7tR58wCjWcq8B/Vs4WDY=
51,-8,GnmDrQ2zusMIJcni52dOoAHktHI=,QdfyDwJ7tR58wCjWcq8B/Vs4WDY=
63,-9,GnmDrQ2zusMIJcni52dOoAHktHI=,QdfyDwJ7tR58wCjWcq8B/Vs4WDY=
62,-9,GnmDrQ2zusMIJcni52dOoAHktHI=,QdfyDwJ7tR58wCjWcq8B/Vs4WDY=
61,-9,GnmDrQ2zusMIJcni52dOoAHktHI=,QdfyDwJ7tR58wCjWcq8B/Vs4WDY=
60,-9,GnmDrQ2zusMIJcni52dOoAHktHI=,QdfyDwJ7tR58wCjWcq8B/Vs4WDY=
59,-9,GnmDrQ2zusMIJcni52dOoAHktHI=,QdfyDwJ7tR58wCjWcq8B/Vs4WDY=
58,-9,GnmDrQ2zusMIJcni52dOoAHktHI=,QdfyDwJ7tR58wCjWcq8B/Vs4WDY=
49,-8,GnmDrQ2zusMIJcni52dOoAHktHI=,QdfyDwJ7tR58wCjWcq8B/Vs4WDY=
57,-16,GnmDrQ2zusMIJcni52dOoAHktHI=,QdfyDwJ7tR58wCjWcq8B/Vs4WDY=
50,-13,GnmDrQ2zusMIJcni52dOoAHktHI=,QdfyDwJ7tR58wCjWcq8B/Vs4WDY=
57,-9,GnmDrQ2zusMIJcni52dOoAHktHI=,QdfyDwJ7tR58wCjWcq8B/Vs4WDY=
53,-7,GnmDrQ2zusMIJcni52dOoAHktHI=,QdfyDwJ7tR58wCjWcq8B/Vs4WDY=
48,-8,GnmDrQ2zusMIJcni52dOoAHktHI=,QdfyDwJ7tR58wCjWcq8B/Vs4WDY=
54,-9,GnmDrQ2zusMIJcni52dOoAHktHI=,QdfyDwJ7tR58wCjWcq8B/Vs4WDY=
51,-7,GnmDrQ2zusMIJcni52dOoAHktHI=,QdfyDwJ7tR58wCjWcq8B/Vs4WDY=
50,-7,GnmDrQ2zusMIJcni52dOoAHktHI=,QdfyDwJ7tR58wCjWcq8B/Vs4WDY=
57,-8,GnmDrQ2zusMIJcni52dOoAHktHI=,QdfyDwJ7tR58wCjWcq8B/Vs4WDY=
49,-7,GnmDrQ2zusMIJcni52dOoAHktHI=,QdfyDwJ7tR58wCjWcq8B/Vs4WDY=
48,-7,GnmDrQ2zusMIJcni52dOoAHktHI=,QdfyDwJ7tR58wCjWcq8B/Vs4WDY=
56,-8,GnmDrQ2zusMIJcni52dOoAHktHI=,QdfyDwJ7tR58wCjWcq8B/Vs4WDY=
52,-9,GnmDrQ2zusMIJcni52dOoAHktHI=,QdfyDwJ7tR58wCjWcq8B/Vs4WDY=
52,-8,GnmDrQ2zusMIJcni52dOoAHktHI=,QdfyDwJ7tR58wCjWcq8B/Vs4WDY=
54,-8,GnmDrQ2zusMIJcni52dOoAHktHI=,QdfyDwJ7tR58wCjWcq8B/Vs4WDY=
53,-8,GnmDrQ2zusMIJcni52dOoAHktHI=,QdfyDwJ7tR58wCjWcq8B/Vs4WDY=
50,-8,GnmDrQ2zusMIJcni52dOoAHktHI=,QdfyDwJ7tR58wCjWcq8B/Vs4WDY=
56,-9,GnmDrQ2zusMIJcni52dOoAHktHI=,QdfyDwJ7tR58wCjWcq8B/Vs4WDY=
55,-9,GnmDrQ2zusMIJcni52dOoAHktHI=,QdfyDwJ7tR58wCjWcq8B/Vs4WDY=
53,-9,GnmDrQ2zusMIJcni52dOoAHktHI=,QdfyDwJ7tR58wCjWcq8B/Vs4WDY=
51,-32,FGfFMb2fCh3Q6iJeUnzQ7sv7eA8=,eXgAckAoHy9bzYJIbDoAGmg+Z+I=
63,-17,FGfFMb2fCh3Q6iJeUnzQ7sv7eA8=,eXgAckAoHy9bzYJIbDoAGmg+Z+I=
61,-30,FGfFMb2fCh3Q6iJeUnzQ7sv7eA8=,eXgAckAoHy9bzYJIbDoAGmg+Z+I=
60,-30,FGfFMb2fCh3Q6iJeUnzQ7sv7eA8=,eXgAckAoHy9bzYJIbDoAGmg+Z+I=
59,-30,FGfFMb2fCh3Q6iJeUnzQ7sv7eA8=,eXgAckAoHy9bzYJIbDoAGmg+Z+I=
58,-30,FGfFMb2fCh3Q6iJeUnzQ7sv7eA8=,eXgAckAoHy9bzYJIbDoAGmg+Z+I=
60,-29,FGfFMb2fCh3Q6iJeUnzQ7sv7eA8=,eXgAckAoHy9bzYJIbDoAGmg+Z+I=
57,-30,FGfFMb2fCh3Q6iJeUnzQ7sv7eA8=,eXgAckAoHy9bzYJIbDoAGmg+Z+I=
62,-30,FGfFMb2fCh3Q6iJeUnzQ7sv7eA8=,eXgAckAoHy9bzYJIbDoAGmg+Z+I=
56,-30,FGfFMb2fCh3Q6iJeUnzQ7sv7eA8=,eXgAckAoHy9bzYJIbDoAGmg+Z+I=
52,-32,FGfFMb2fCh3Q6iJeUnzQ7sv7eA8=,eXgAckAoHy9bzYJIbDoAGmg+Z+I=
55,-30,FGfFMb2fCh3Q6iJeUnzQ7sv7eA8=,eXgAckAoHy9bzYJIbDoAGmg+Z+I=
61,-29,FGfFMb2fCh3Q6iJeUnzQ7sv7eA8=,eXgAckAoHy9bzYJIbDoAGmg+Z+I=
54,-30,FGfFMb2fCh3Q6iJeUnzQ7sv7eA8=,eXgAckAoHy9bzYJIbDoAGmg+Z+I=
62,-29,FGfFMb2fCh3Q6iJeUnzQ7sv7eA8=,eXgAckAoHy9bzYJIbDoAGmg+Z+I=
53,-30,FGfFMb2fCh3Q6iJeUnzQ7sv7eA8=,eXgAckAoHy9bzYJIbDoAGmg+Z+I=
63,-31,FGfFMb2fCh3Q6iJeUnzQ7sv7eA8=,eXgAckAoHy9bzYJIbDoAGmg+Z+I=
63,-29,FGfFMb2fCh3Q6iJeUnzQ7sv7eA8=,eXgAckAoHy9bzYJIbDoAGmg+Z+I=
48,-28,FGfFMb2fCh3Q6iJeUnzQ7sv7eA8=,eXgAckAoHy9bzYJIbDoAGmg+Z+I=
52,-30,FGfFMb2fCh3Q6iJeUnzQ7sv7eA8=,eXgAckAoHy9bzYJIbDoAGmg+Z+I=
53,-32,FGfFMb2fCh3Q6iJeUnzQ7sv7eA8=,eXgAckAoHy9bzYJIbDoAGmg+Z+I=
51,-30,FGfFMb2fCh3Q6iJeUnzQ7sv7eA8=,eXgAckAoHy9bzYJIbDoAGmg+Z+I=
50,-30,FGfFMb2fCh3Q6iJeUnzQ7sv7eA8=,eXgAckAoHy9bzYJIbDoAGmg+Z+I=
50,-31,FGfFMb2fCh3Q6iJeUnzQ7sv7eA8=,eXgAckAoHy9bzYJIbDoAGmg+Z+I=
49,-28,FGfFMb2fCh3Q6iJeUnzQ7sv7eA8=,eXgAckAoHy9bzYJIbDoAGmg+Z+I=
49,-30,FGfFMb2fCh3Q6iJeUnzQ7sv7eA8=,eXgAckAoHy9bzYJIbDoAGmg+Z+I=
50,-28,FGfFMb2fCh3Q6iJeUnzQ7sv7eA8=,eXgAckAoHy9bzYJIbDoAGmg+Z+I=
59,-29,FGfFMb2fCh3Q6iJeUnzQ7sv7eA8=,eXgAckAoHy9bzYJIbDoAGmg+Z+I=
51,-28,FGfFMb2fCh3Q6iJeUnzQ7sv7eA8=,eXgAckAoHy9bzYJIbDoAGmg+Z+I=
48,-30,FGfFMb2fCh3Q6iJeUnzQ7sv7eA8=,eXgAckAoHy9bzYJIbDoAGmg+Z+I=
52,-28,FGfFMb2fCh3Q6iJeUnzQ7sv7eA8=,eXgAckAoHy9bzYJIbDoAGmg+Z+I=
62,-17,FGfFMb2fCh3Q6iJeUnzQ7sv7eA8=,eXgAckAoHy9bzYJIbDoAGmg+Z+I=
53,-28,FGfFMb2fCh3Q6iJeUnzQ7sv7eA8=,eXgAckAoHy9bzYJIbDoAGmg+Z+I=
61,-17,FGfFMb2fCh3Q6iJeUnzQ7sv7eA8=,eXgAckAoHy9bzYJIbDoAGmg+Z+I=
54,-28,FGfFMb2fCh3Q6iJeUnzQ7sv7eA8=,eXgAckAoHy9bzYJIbDoAGmg+Z+I=
50,-32,FGfFMb2fCh3Q6iJeUnzQ7sv7eA8=,eXgAckAoHy9bzYJIbDoAGmg+Z+I=
55,-28,FGfFMb2fCh3Q6iJeUnzQ7sv7eA8=,eXgAckAoHy9bzYJIbDoAGmg+Z+I=
60,-17,FGfFMb2fCh3Q6iJeUnzQ7sv7eA8=,eXgAckAoHy9bzYJIbDoAGmg+Z+I=
56,-28,FGfFMb2fCh3Q6iJeUnzQ7sv7eA8=,eXgAckAoHy9bzYJIbDoAGmg+Z+I=
57,-28,FGfFMb2fCh3Q6iJeUnzQ7sv7eA8=,eXgAckAoHy9bzYJIbDoAGmg+Z+I=
58,-28,FGfFMb2fCh3Q6iJeUnzQ7sv7eA8=,eXgAckAoHy9bzYJIbDoAGmg+Z+I=
58,-29,FGfFMb2fCh3Q6iJeUnzQ7sv7eA8=,eXgAckAoHy9bzYJIbDoAGmg+Z+I=
59,-17,FGfFMb2fCh3Q6iJeUnzQ7sv7eA8=,eXgAckAoHy9bzYJIbDoAGmg+Z+I=
59,-28,FGfFMb2fCh3Q6iJeUnzQ7sv7eA8=,eXgAckAoHy9bzYJIbDoAGmg+Z+I=
63,-30,FGfFMb2fCh3Q6iJeUnzQ7sv7eA8=,eXgAckAoHy9bzYJIbDoAGmg+Z+I=
54,-32,FGfFMb2fCh3Q6iJeUnzQ7sv7eA8=,eXgAckAoHy9bzYJIbDoAGmg+Z+I=
60,-28,FGfFMb2fCh3Q6iJeUnzQ7sv7eA8=,eXgAckAoHy9bzYJIbDoAGmg+Z+I=
61,-28,FGfFMb2fCh3Q6iJeUnzQ7sv7eA8=,eXgAckAoHy9bzYJIbDoAGmg+Z+I=
62,-28,FGfFMb2fCh3Q6iJeUnzQ7sv7eA8=,eXgAckAoHy9bzYJIbDoAGmg+Z+I=
63,-28,FGfFMb2fCh3Q6iJeUnzQ7sv7eA8=,eXgAckAoHy9bzYJIbDoAGmg+Z+I=
51,-31,FGfFMb2fCh3Q6iJeUnzQ7sv7eA8=,eXgAckAoHy9bzYJIbDoAGmg+Z+I=
48,-27,FGfFMb2fCh3Q6iJeUnzQ7sv7eA8=,eXgAckAoHy9bzYJIbDoAGmg+Z+I=
49,-27,FGfFMb2fCh3Q6iJeUnzQ7sv7eA8=,eXgAckAoHy9bzYJIbDoAGmg+Z+I=
50,-27,FGfFMb2fCh3Q6iJeUnzQ7sv7eA8=,eXgAckAoHy9bzYJIbDoAGmg+Z+I=
51,-27,FGfFMb2fCh3Q6iJeUnzQ7sv7eA8=,eXgAckAoHy9bzYJIbDoAGmg+Z+I=
52,-27,FGfFMb2fCh3Q6iJeUnzQ7sv7eA8=,eXgAckAoHy9bzYJIbDoAGmg+Z+I=
53,-27,FGfFMb2fCh3Q6iJeUnzQ7sv7eA8=,eXgAckAoHy9bzYJIbDoAGmg+Z+I=
54,-27,FGfFMb2fCh3Q6iJeUnzQ7sv7eA8=,eXgAckAoHy9bzYJIbDoAGmg+Z+I=
58,-17,FGfFMb2fCh3Q6iJeUnzQ7sv7eA8=,eXgAckAoHy9bzYJIbDoAGmg+Z+I=
55,-27,FGfFMb2fCh3Q6iJeUnzQ7sv7eA8=,eXgAckAoHy9bzYJIbDoAGmg+Z+I=
56,-27,FGfFMb2fCh3Q6iJeUnzQ7sv7eA8=,eXgAckAoHy9bzYJIbDoAGmg+Z+I=
57,-27,FGfFMb2fCh3Q6iJeUnzQ7sv7eA8=,eXgAckAoHy9bzYJIbDoAGmg+Z+I=
58,-27,FGfFMb2fCh3Q6iJeUnzQ7sv7eA8=,eXgAckAoHy9bzYJIbDoAGmg+Z+I=
57,-17,FGfFMb2fCh3Q6iJeUnzQ7sv7eA8=,eXgAckAoHy9bzYJIbDoAGmg+Z+I=
52,-31,FGfFMb2fCh3Q6iJeUnzQ7sv7eA8=,eXgAckAoHy9bzYJIbDoAGmg+Z+I=
48,-29,FGfFMb2fCh3Q6iJeUnzQ7sv7eA8=,eXgAckAoHy9bzYJIbDoAGmg+Z+I=
56,-17,FGfFMb2fCh3Q6iJeUnzQ7sv7eA8=,eXgAckAoHy9bzYJIbDoAGmg+Z+I=
55,-32,FGfFMb2fCh3Q6iJeUnzQ7sv7eA8=,eXgAckAoHy9bzYJIbDoAGmg+Z+I=
55,-17,FGfFMb2fCh3Q6iJeUnzQ7sv7eA8=,eXgAckAoHy9bzYJIbDoAGmg+Z+I=
59,-27,FGfFMb2fCh3Q6iJeUnzQ7sv7eA8=,eXgAckAoHy9bzYJIbDoAGmg+Z+I=
54,-17,FGfFMb2fCh3Q6iJeUnzQ7sv7eA8=,eXgAckAoHy9bzYJIbDoAGmg+Z+I=
60,-27,FGfFMb2fCh3Q6iJeUnzQ7sv7eA8=,eXgAckAoHy9bzYJIbDoAGmg+Z+I=
53,-17,FGfFMb2fCh3Q6iJeUnzQ7sv7eA8=,eXgAckAoHy9bzYJIbDoAGmg+Z+I=
61,-27,FGfFMb2fCh3Q6iJeUnzQ7sv7eA8=,eXgAckAoHy9bzYJIbDoAGmg+Z+I=
52,-17,FGfFMb2fCh3Q6iJeUnzQ7sv7eA8=,eXgAckAoHy9bzYJIbDoAGmg+Z+I=
62,-27,FGfFMb2fCh3Q6iJeUnzQ7sv7eA8=,eXgAckAoHy9bzYJIbDoAGmg+Z+I=
51,-17,FGfFMb2fCh3Q6iJeUnzQ7sv7eA8=,eXgAckAoHy9bzYJIbDoAGmg+Z+I=
63,-27,FGfFMb2fCh3Q6iJeUnzQ7sv7eA8=,eXgAckAoHy9bzYJIbDoAGmg+Z+I=
50,-17,FGfFMb2fCh3Q6iJeUnzQ7sv7eA8=,eXgAckAoHy9bzYJIbDoAGmg+Z+I=
53,-31,FGfFMb2fCh3Q6iJeUnzQ7sv7eA8=,eXgAckAoHy9bzYJIbDoAGmg+Z+I=
49,-17,FGfFMb2fCh3Q6iJeUnzQ7sv7eA8=,eXgAckAoHy9bzYJIbDoAGmg+Z+I=
48,-26,FGfFMb2fCh3Q6iJeUnzQ7sv7eA8=,eXgAckAoHy9bzYJIbDoAGmg+Z+I=
62,-31,FGfFMb2fCh3Q6iJeUnzQ7sv7eA8=,eXgAckAoHy9bzYJIbDoAGmg+Z+I=
49,-26,FGfFMb2fCh3Q6iJeUnzQ7sv7eA8=,eXgAckAoHy9bzYJIbDoAGmg+Z+I=
48,-17,FGfFMb2fCh3Q6iJeUnzQ7sv7eA8=,eXgAckAoHy9bzYJIbDoAGmg+Z+I=
50,-26,FGfFMb2fCh3Q6iJeUnzQ7sv7eA8=,eXgAckAoHy9bzYJIbDoAGmg+Z+I=
63,-18,FGfFMb2fCh3Q6iJeUnzQ7sv7eA8=,eXgAckAoHy9bzYJIbDoAGmg+Z+I=
51,-26,FGfFMb2fCh3Q6iJeUnzQ7sv7eA8=,eXgAckAoHy9bzYJIbDoAGmg+Z+I=
62,-18,FGfFMb2fCh3Q6iJeUnzQ7sv7eA8=,eXgAckAoHy9bzYJIbDoAGmg+Z+I=
52,-26,FGfFMb2fCh3Q6iJeUnzQ7sv7eA8=,eXgAckAoHy9bzYJIbDoAGmg+Z+I=
53,-26,FGfFMb2fCh3Q6iJeUnzQ7sv7eA8=,eXgAckAoHy9bzYJIbDoAGmg+Z+I=
61,-18,FGfFMb2fCh3Q6iJeUnzQ7sv7eA8=,eXgAckAoHy9bzYJIbDoAGmg+Z+I=
54,-26,FGfFMb2fCh3Q6iJeUnzQ7sv7eA8=,eXgAckAoHy9bzYJIbDoAGmg+Z+I=
60,-18,FGfFMb2fCh3Q6iJeUnzQ7sv7eA8=,eXgAckAoHy9bzYJIbDoAGmg+Z+I=
55,-26,FGfFMb2fCh3Q6iJeUnzQ7sv7eA8=,eXgAckAoHy9bzYJIbDoAGmg+Z+I=
59,-18,FGfFMb2fCh3Q6iJeUnzQ7sv7eA8=,eXgAckAoHy9bzYJIbDoAGmg+Z+I=
56,-26,FGfFMb2fCh3Q6iJeUnzQ7sv7eA8=,eXgAckAoHy9bzYJIbDoAGmg+Z+I=
58,-18,FGfFMb2fCh3Q6iJeUnzQ7sv7eA8=,eXgAckAoHy9bzYJIbDoAGmg+Z+I=
57,-26,FGfFMb2fCh3Q6iJeUnzQ7sv7eA8=,eXgAckAoHy9bzYJIbDoAGmg+Z+I=
57,-18,FGfFMb2fCh3Q6iJeUnzQ7sv7eA8=,eXgAckAoHy9bzYJIbDoAGmg+Z+I=
49,-29,FGfFMb2fCh3Q6iJeUnzQ7sv7eA8=,eXgAckAoHy9bzYJIbDoAGmg+Z+I=
56,-18,FGfFMb2fCh3Q6iJeUnzQ7sv7eA8=,eXgAckAoHy9bzYJIbDoAGmg+Z+I=
56,-32,FGfFMb2fCh3Q6iJeUnzQ7sv7eA8=,eXgAckAoHy9bzYJIbDoAGmg+Z+I=
55,-18,FGfFMb2fCh3Q6iJeUnzQ7sv7eA8=,eXgAckAoHy9bzYJIbDoAGmg+Z+I=
58,-26,FGfFMb2fCh3Q6iJeUnzQ7sv7eA8=,eXgAckAoHy9bzYJIbDoAGmg+Z+I=
54,-18,FGfFMb2fCh3Q6iJeUnzQ7sv7eA8=,eXgAckAoHy9bzYJIbDoAGmg+Z+I=
59,-26,FGfFMb2fCh3Q6iJeUnzQ7sv7eA8=,eXgAckAoHy9bzYJIbDoAGmg+Z+I=
53,-18,FGfFMb2fCh3Q6iJeUnzQ7sv7eA8=,eXgAckAoHy9bzYJIbDoAGmg+Z+I=
60,-26,FGfFMb2fCh3Q6iJeUnzQ7sv7eA8=,eXgAckAoHy9bzYJIbDoAGmg+Z+I=
52,-18,FGfFMb2fCh3Q6iJeUnzQ7sv7eA8=,eXgAckAoHy9bzYJIbDoAGmg+Z+I=
61,-26,FGfFMb2fCh3Q6iJeUnzQ7sv7eA8=,eXgAckAoHy9bzYJIbDoAGmg+Z+I=
51,-18,FGfFMb2fCh3Q6iJeUnzQ7sv7eA8=,eXgAckAoHy9bzYJIbDoAGmg+Z+I=
62,-26,FGfFMb2fCh3Q6iJeUnzQ7sv7eA8=,eXgAckAoHy9bzYJIbDoAGmg+Z+I=
50,-18,FGfFMb2fCh3Q6iJeUnzQ7sv7eA8=,eXgAckAoHy9bzYJIbDoAGmg+Z+I=
63,-26,FGfFMb2fCh3Q6iJeUnzQ7sv7eA8=,eXgAckAoHy9bzYJIbDoAGmg+Z+I=
49,-31,FGfFMb2fCh3Q6iJeUnzQ7sv7eA8=,eXgAckAoHy9bzYJIbDoAGmg+Z+I=
54,-31,FGfFMb2fCh3Q6iJeUnzQ7sv7eA8=,eXgAckAoHy9bzYJIbDoAGmg+Z+I=
48,-31,FGfFMb2fCh3Q6iJeUnzQ7sv7eA8=,eXgAckAoHy9bzYJIbDoAGmg+Z+I=
48,-25,FGfFMb2fCh3Q6iJeUnzQ7sv7eA8=,eXgAckAoHy9bzYJIbDoAGmg+Z+I=
49,-25,FGfFMb2fCh3Q6iJeUnzQ7sv7eA8=,eXgAckAoHy9bzYJIbDoAGmg+Z+I=
57,-29,FGfFMb2fCh3Q6iJeUnzQ7sv7eA8=,eXgAckAoHy9bzYJIbDoAGmg+Z+I=
49,-18,FGfFMb2fCh3Q6iJeUnzQ7sv7eA8=,eXgAckAoHy9bzYJIbDoAGmg+Z+I=
50,-25,FGfFMb2fCh3Q6iJeUnzQ7sv7eA8=,eXgAckAoHy9bzYJIbDoAGmg+Z+I=
48,-18,FGfFMb2fCh3Q6iJeUnzQ7sv7eA8=,eXgAckAoHy9bzYJIbDoAGmg+Z+I=
51,-25,FGfFMb2fCh3Q6iJeUnzQ7sv7eA8=,eXgAckAoHy9bzYJIbDoAGmg+Z+I=
52,-25,FGfFMb2fCh3Q6iJeUnzQ7sv7eA8=,eXgAckAoHy9bzYJIbDoAGmg+Z+I=
49,-32,FGfFMb2fCh3Q6iJeUnzQ7sv7eA8=,eXgAckAoHy9bzYJIbDoAGmg+Z+I=
53,-25,FGfFMb2fCh3Q6iJeUnzQ7sv7eA8=,eXgAckAoHy9bzYJIbDoAGmg+Z+I=
63,-19,FGfFMb2fCh3Q6iJeUnzQ7sv7eA8=,eXgAckAoHy9bzYJIbDoAGmg+Z+I=
54,-25,FGfFMb2fCh3Q6iJeUnzQ7sv7eA8=,eXgAckAoHy9bzYJIbDoAGmg+Z+I=
62,-19,FGfFMb2fCh3Q6iJeUnzQ7sv7eA8=,eXgAckAoHy9bzYJIbDoAGmg+Z+I=
55,-25,FGfFMb2fCh3Q6iJeUnzQ7sv7eA8=,eXgAckAoHy9bzYJIbDoAGmg+Z+I=
61,-19,FGfFMb2fCh3Q6iJeUnzQ7sv7eA8=,eXgAckAoHy9bzYJIbDoAGmg+Z+I=
56,-25,FGfFMb2fCh3Q6iJeUnzQ7sv7eA8=,eXgAckAoHy9bzYJIbDoAGmg+Z+I=
60,-19,FGfFMb2fCh3Q6iJeUnzQ7sv7eA8=,eXgAckAoHy9bzYJIbDoAGmg+Z+I=
50,-29,FGfFMb2fCh3Q6iJeUnzQ7sv7eA8=,eXgAckAoHy9bzYJIbDoAGmg+Z+I=
59,-19,FGfFMb2fCh3Q6iJeUnzQ7sv7eA8=,eXgAckAoHy9bzYJIbDoAGmg+Z+I=
57,-32,FGfFMb2fCh3Q6iJeUnzQ7sv7eA8=,eXgAckAoHy9bzYJIbDoAGmg+Z+I=
58,-19,FGfFMb2fCh3Q6iJeUnzQ7sv7eA8=,eXgAckAoHy9bzYJIbDoAGmg+Z+I=
57,-25,FGfFMb2fCh3Q6iJeUnzQ7sv7eA8=,eXgAckAoHy9bzYJIbDoAGmg+Z+I=
57,-19,FGfFMb2fCh3Q6iJeUnzQ7sv7eA8=,eXgAckAoHy9bzYJIbDoAGmg+Z+I=
58,-25,FGfFMb2fCh3Q6iJeUnzQ7sv7eA8=,eXgAckAoHy9bzYJIbDoAGmg+Z+I=
56,-19,FGfFMb2fCh3Q6iJeUnzQ7sv7eA8=,eXgAckAoHy9bzYJIbDoAGmg+Z+I=
59,-25,FGfFMb2fCh3Q6iJeUnzQ7sv7eA8=,eXgAckAoHy9bzYJIbDoAGmg+Z+I=
55,-19,FGfFMb2fCh3Q6iJeUnzQ7sv7eA8=,eXgAckAoHy9bzYJIbDoAGmg+Z+I=
60,-25,FGfFMb2fCh3Q6iJeUnzQ7sv7eA8=,eXgAckAoHy9bzYJIbDoAGmg+Z+I=
54,-19,FGfFMb2fCh3Q6iJeUnzQ7sv7eA8=,eXgAckAoHy9bzYJIbDoAGmg+Z+I=
61,-25,FGfFMb2fCh3Q6iJeUnzQ7sv7eA8=,eXgAckAoHy9bzYJIbDoAGmg+Z+I=
53,-19,FGfFMb2fCh3Q6iJeUnzQ7sv7eA8=,eXgAckAoHy9bzYJIbDoAGmg+Z+I=
62,-25,FGfFMb2fCh3Q6iJeUnzQ7sv7eA8=,eXgAckAoHy9bzYJIbDoAGmg+Z+I=
52,-19,FGfFMb2fCh3Q6iJeUnzQ7sv7eA8=,eXgAckAoHy9bzYJIbDoAGmg+Z+I=
63,-25,FGfFMb2fCh3Q6iJeUnzQ7sv7eA8=,eXgAckAoHy9bzYJIbDoAGmg+Z+I=
55,-31,FGfFMb2fCh3Q6iJeUnzQ7sv7eA8=,eXgAckAoHy9bzYJIbDoAGmg+Z+I=
51,-19,FGfFMb2fCh3Q6iJeUnzQ7sv7eA8=,eXgAckAoHy9bzYJIbDoAGmg+Z+I=
61,-31,FGfFMb2fCh3Q6iJeUnzQ7sv7eA8=,eXgAckAoHy9bzYJIbDoAGmg+Z+I=
48,-24,FGfFMb2fCh3Q6iJeUnzQ7sv7eA8=,eXgAckAoHy9bzYJIbDoAGmg+Z+I=
63,-32,FGfFMb2fCh3Q6iJeUnzQ7sv7eA8=,eXgAckAoHy9bzYJIbDoAGmg+Z+I=
49,-24,FGfFMb2fCh3Q6iJeUnzQ7sv7eA8=,eXgAckAoHy9bzYJIbDoAGmg+Z+I=
48,-32,FGfFMb2fCh3Q6iJeUnzQ7sv7eA8=,eXgAckAoHy9bzYJIbDoAGmg+Z+I=
50,-24,FGfFMb2fCh3Q6iJeUnzQ7sv7eA8=,eXgAckAoHy9bzYJIbDoAGmg+Z+I=
56,-29,FGfFMb2fCh3Q6iJeUnzQ7sv7eA8=,eXgAckAoHy9bzYJIbDoAGmg+Z+I=
51,-24,FGfFMb2fCh3Q6iJeUnzQ7sv7eA8=,eXgAckAoHy9bzYJIbDoAGmg+Z+I=
50,-19,FGfFMb2fCh3Q6iJeUnzQ7sv7eA8=,eXgAckAoHy9bzYJIbDoAGmg+Z+I=
52,-24,FGfFMb2fCh3Q6iJeUnzQ7sv7eA8=,eXgAckAoHy9bzYJIbDoAGmg+Z+I=
49,-19,FGfFMb2fCh3Q6iJeUnzQ7sv7eA8=,eXgAckAoHy9bzYJIbDoAGmg+Z+I=
53,-24,FGfFMb2fCh3Q6iJeUnzQ7sv7eA8=,eXgAckAoHy9bzYJIbDoAGmg+Z+I=
54,-24,FGfFMb2fCh3Q6iJeUnzQ7sv7eA8=,eXgAckAoHy9bzYJIbDoAGmg+Z+I=
48,-19,FGfFMb2fCh3Q6iJeUnzQ7sv7eA8=,eXgAckAoHy9bzYJIbDoAGmg+Z+I=
55,-24,FGfFMb2fCh3Q6iJeUnzQ7sv7eA8=,eXgAckAoHy9bzYJIbDoAGmg+Z+I=
60,-31,FGfFMb2fCh3Q6iJeUnzQ7sv7eA8=,eXgAckAoHy9bzYJIbDoAGmg+Z+I=
51,-29,FGfFMb2fCh3Q6iJeUnzQ7sv7eA8=,eXgAckAoHy9bzYJIbDoAGmg+Z+I=
63,-20,FGfFMb2fCh3Q6iJeUnzQ7sv7eA8=,eXgAckAoHy9bzYJIbDoAGmg+Z+I=
58,-32,FGfFMb2fCh3Q6iJeUnzQ7sv7eA8=,eXgAckAoHy9bzYJIbDoAGmg+Z+I=
62,-20,FGfFMb2fCh3Q6iJeUnzQ7sv7eA8=,eXgAckAoHy9bzYJIbDoAGmg+Z+I=
56,-24,FGfFMb2fCh3Q6iJeUnzQ7sv7eA8=,eXgAckAoHy9bzYJIbDoAGmg+Z+I=
61,-20,FGfFMb2fCh3Q6iJeUnzQ7sv7eA8=,eXgAckAoHy9bzYJIbDoAGmg+Z+I=
57,-24,FGfFMb2fCh3Q6iJeUnzQ7sv7eA8=,eXgAckAoHy9bzYJIbDoAGmg+Z+I=
60,-20,FGfFMb2fCh3Q6iJeUnzQ7sv7eA8=,eXgAckAoHy9bzYJIbDoAGmg+Z+I=
58,-24,FGfFMb2fCh3Q6iJeUnzQ7sv7eA8=,eXgAckAoHy9bzYJIbDoAGmg+Z+I=
59,-20,FGfFMb2fCh3Q6iJeUnzQ7sv7eA8=,eXgAckAoHy9bzYJIbDoAGmg+Z+I=
59,-24,FGfFMb2fCh3Q6iJeUnzQ7sv7eA8=,eXgAckAoHy9bzYJIbDoAGmg+Z+I=
58,-20,FGfFMb2fCh3Q6iJeUnzQ7sv7eA8=,eXgAckAoHy9bzYJIbDoAGmg+Z+I=
60,-24,FGfFMb2fCh3Q6iJeUnzQ7sv7eA8=,eXgAckAoHy9bzYJIbDoAGmg+Z+I=
57,-20,FGfFMb2fCh3Q6iJeUnzQ7sv7eA8=,eXgAckAoHy9bzYJIbDoAGmg+Z+I=
61,-24,FGfFMb2fCh3Q6iJeUnzQ7sv7eA8=,eXgAckAoHy9bzYJIbDoAGmg+Z+I=
56,-20,FGfFMb2fCh3Q6iJeUnzQ7sv7eA8=,eXgAckAoHy9bzYJIbDoAGmg+Z+I=
62,-24,FGfFMb2fCh3Q6iJeUnzQ7sv7eA8=,eXgAckAoHy9bzYJIbDoAGmg+Z+I=
55,-20,FGfFMb2fCh3Q6iJeUnzQ7sv7eA8=,eXgAckAoHy9bzYJIbDoAGmg+Z+I=
63,-24,FGfFMb2fCh3Q6iJeUnzQ7sv7eA8=,eXgAckAoHy9bzYJIbDoAGmg+Z+I=
54,-20,FGfFMb2fCh3Q6iJeUnzQ7sv7eA8=,eXgAckAoHy9bzYJIbDoAGmg+Z+I=
56,-31,FGfFMb2fCh3Q6iJeUnzQ7sv7eA8=,eXgAckAoHy9bzYJIbDoAGmg+Z+I=
53,-20,FGfFMb2fCh3Q6iJeUnzQ7sv7eA8=,eXgAckAoHy9bzYJIbDoAGmg+Z+I=
48,-23,FGfFMb2fCh3Q6iJeUnzQ7sv7eA8=,eXgAckAoHy9bzYJIbDoAGmg+Z+I=
49,-23,FGfFMb2fCh3Q6iJeUnzQ7sv7eA8=,eXgAckAoHy9bzYJIbDoAGmg+Z+I=
52,-20,FGfFMb2fCh3Q6iJeUnzQ7sv7eA8=,eXgAckAoHy9bzYJIbDoAGmg+Z+I=
50,-23,FGfFMb2fCh3Q6iJeUnzQ7sv7eA8=,eXgAckAoHy9bzYJIbDoAGmg+Z+I=
62,-32,FGfFMb2fCh3Q6iJeUnzQ7sv7eA8=,eXgAckAoHy9bzYJIbDoAGmg+Z+I=
51,-23,FGfFMb2fCh3Q6iJeUnzQ7sv7eA8=,eXgAckAoHy9bzYJIbDoAGmg+Z+I=
55,-29,FGfFMb2fCh3Q6iJeUnzQ7sv7eA8=,eXgAckAoHy9bzYJIbDoAGmg+Z+I=
51,-20,FGfFMb2fCh3Q6iJeUnzQ7sv7eA8=,eXgAckAoHy9bzYJIbDoAGmg+Z+I=
52,-23,FGfFMb2fCh3Q6iJeUnzQ7sv7eA8=,eXgAckAoHy9bzYJIbDoAGmg+Z+I=
53,-23,FGfFMb2fCh3Q6iJeUnzQ7sv7eA8=,eXgAckAoHy9bzYJIbDoAGmg+Z+I=
50,-20,FGfFMb2fCh3Q6iJeUnzQ7sv7eA8=,eXgAckAoHy9bzYJIbDoAGmg+Z+I=
54,-23,FGfFMb2fCh3Q6iJeUnzQ7sv7eA8=,eXgAckAoHy9bzYJIbDoAGmg+Z+I=
49,-20,FGfFMb2fCh3Q6iJeUnzQ7sv7eA8=,eXgAckAoHy9bzYJIbDoAGmg+Z+I=
52,-29,FGfFMb2fCh3Q6iJeUnzQ7sv7eA8=,eXgAckAoHy9bzYJIbDoAGmg+Z+I=
48,-20,FGfFMb2fCh3Q6iJeUnzQ7sv7eA8=,eXgAckAoHy9bzYJIbDoAGmg+Z+I=
59,-32,FGfFMb2fCh3Q6iJeUnzQ7sv7eA8=,eXgAckAoHy9bzYJIbDoAGmg+Z+I=
59,-31,FGfFMb2fCh3Q6iJeUnzQ7sv7eA8=,eXgAckAoHy9bzYJIbDoAGmg+Z+I=
55,-23,FGfFMb2fCh3Q6iJeUnzQ7sv7eA8=,eXgAckAoHy9bzYJIbDoAGmg+Z+I=
63,-21,FGfFMb2fCh3Q6iJeUnzQ7sv7eA8=,eXgAckAoHy9bzYJIbDoAGmg+Z+I=
56,-23,FGfFMb2fCh3Q6iJeUnzQ7sv7eA8=,eXgAckAoHy9bzYJIbDoAGmg+Z+I=
62,-21,FGfFMb2fCh3Q6iJeUnzQ7sv7eA8=,eXgAckAoHy9bzYJIbDoAGmg+Z+I=
57,-23,FGfFMb2fCh3Q6iJeUnzQ7sv7eA8=,eXgAckAoHy9bzYJIbDoAGmg+Z+I=
61,-21,FGfFMb2fCh3Q6iJeUnzQ7sv7eA8=,eXgAckAoHy9bzYJIbDoAGmg+Z+I=
58,-23,FGfFMb2fCh3Q6iJeUnzQ7sv7eA8=,eXgAckAoHy9bzYJIbDoAGmg+Z+I=
60,-21,FGfFMb2fCh3Q6iJeUnzQ7sv7eA8=,eXgAckAoHy9bzYJIbDoAGmg+Z+I=
59,-23,FGfFMb2fCh3Q6iJeUnzQ7sv7eA8=,eXgAckAoHy9bzYJIbDoAGmg+Z+I=
59,-21,FGfFMb2fCh3Q6iJeUnzQ7sv7eA8=,eXgAckAoHy9bzYJIbDoAGmg+Z+I=
60,-23,FGfFMb2fCh3Q6iJeUnzQ7sv7eA8=,eXgAckAoHy9bzYJIbDoAGmg+Z+I=
58,-21,FGfFMb2fCh3Q6iJeUnzQ7sv7eA8=,eXgAckAoHy9bzYJIbDoAGmg+Z+I=
61,-23,FGfFMb2fCh3Q6iJeUnzQ7sv7eA8=,eXgAckAoHy9bzYJIbDoAGmg+Z+I=
57,-21,FGfFMb2fCh3Q6iJeUnzQ7sv7eA8=,eXgAckAoHy9bzYJIbDoAGmg+Z+I=
62,-23,FGfFMb2fCh3Q6iJeUnzQ7sv7eA8=,eXgAckAoHy9bzYJIbDoAGmg+Z+I=
56,-21,FGfFMb2fCh3Q6iJeUnzQ7sv7eA8=,eXgAckAoHy9bzYJIbDoAGmg+Z+I=
63,-23,FGfFMb2fCh3Q6iJeUnzQ7sv7eA8=,eXgAckAoHy9bzYJIbDoAGmg+Z+I=
55,-21,FGfFMb2fCh3Q6iJeUnzQ7sv7eA8=,eXgAckAoHy9bzYJIbDoAGmg+Z+I=
57,-31,FGfFMb2fCh3Q6iJeUnzQ7sv7eA8=,eXgAckAoHy9bzYJIbDoAGmg+Z+I=
54,-21,FGfFMb2fCh3Q6iJeUnzQ7sv7eA8=,eXgAckAoHy9bzYJIbDoAGmg+Z+I=
48,-22,FGfFMb2fCh3Q6iJeUnzQ7sv7eA8=,eXgAckAoHy9bzYJIbDoAGmg+Z+I=
53,-21,FGfFMb2fCh3Q6iJeUnzQ7sv7eA8=,eXgAckAoHy9bzYJIbDoAGmg+Z+I=
49,-22,FGfFMb2fCh3Q6iJeUnzQ7sv7eA8=,eXgAckAoHy9bzYJIbDoAGmg+Z+I=
61,-32,FGfFMb2fCh3Q6iJeUnzQ7sv7eA8=,eXgAckAoHy9bzYJIbDoAGmg+Z+I=
50,-22,FGfFMb2fCh3Q6iJeUnzQ7sv7eA8=,eXgAckAoHy9bzYJIbDoAGmg+Z+I=
54,-29,FGfFMb2fCh3Q6iJeUnzQ7sv7eA8=,eXgAckAoHy9bzYJIbDoAGmg+Z+I=
51,-22,FGfFMb2fCh3Q6iJeUnzQ7sv7eA8=,eXgAckAoHy9bzYJIbDoAGmg+Z+I=
52,-21,FGfFMb2fCh3Q6iJeUnzQ7sv7eA8=,eXgAckAoHy9bzYJIbDoAGmg+Z+I=
52,-22,FGfFMb2fCh3Q6iJeUnzQ7sv7eA8=,eXgAckAoHy9bzYJIbDoAGmg+Z+I=
51,-21,FGfFMb2fCh3Q6iJeUnzQ7sv7eA8=,eXgAckAoHy9bzYJIbDoAGmg+Z+I=
53,-22,FGfFMb2fCh3Q6iJeUnzQ7sv7eA8=,eXgAckAoHy9bzYJIbDoAGmg+Z+I=
50,-21,FGfFMb2fCh3Q6iJeUnzQ7sv7eA8=,eXgAckAoHy9bzYJIbDoAGmg+Z+I=
53,-29,FGfFMb2fCh3Q6iJeUnzQ7sv7eA8=,eXgAckAoHy9bzYJIbDoAGmg+Z+I=
49,-21,FGfFMb2fCh3Q6iJeUnzQ7sv7eA8=,eXgAckAoHy9bzYJIbDoAGmg+Z+I=
60,-32,FGfFMb2fCh3Q6iJeUnzQ7sv7eA8=,eXgAckAoHy9bzYJIbDoAGmg+Z+I=
48,-21,FGfFMb2fCh3Q6iJeUnzQ7sv7eA8=,eXgAckAoHy9bzYJIbDoAGmg+Z+I=
54,-22,FGfFMb2fCh3Q6iJeUnzQ7sv7eA8=,eXgAckAoHy9bzYJIbDoAGmg+Z+I=
58,-31,FGfFMb2fCh3Q6iJeUnzQ7sv7eA8=,eXgAckAoHy9bzYJIbDoAGmg+Z+I=
55,-22,FGfFMb2fCh3Q6iJeUnzQ7sv7eA8=,eXgAckAoHy9bzYJIbDoAGmg+Z+I=
63,-22,FGfFMb2fCh3Q6iJeUnzQ7sv7eA8=,eXgAckAoHy9bzYJIbDoAGmg+Z+I=
56,-22,FGfFMb2fCh3Q6iJeUnzQ7sv7eA8=,eXgAckAoHy9bzYJIbDoAGmg+Z+I=
62,-22,FGfFMb2fCh3Q6iJeUnzQ7sv7eA8=,eXgAckAoHy9bzYJIbDoAGmg+Z+I=
57,-22,FGfFMb2fCh3Q6iJeUnzQ7sv7eA8=,eXgAckAoHy9bzYJIbDoAGmg+Z+I=
61,-22,FGfFMb2fCh3Q6iJeUnzQ7sv7eA8=,eXgAckAoHy9bzYJIbDoAGmg+Z+I=
58,-22,FGfFMb2fCh3Q6iJeUnzQ7sv7eA8=,eXgAckAoHy9bzYJIbDoAGmg+Z+I=
60,-22,FGfFMb2fCh3Q6iJeUnzQ7sv7eA8=,eXgAckAoHy9bzYJIbDoAGmg+Z+I=
59,-22,FGfFMb2fCh3Q6iJeUnzQ7sv7eA8=,eXgAckAoHy9bzYJIbDoAGmg+Z+I=
47,-17,QMVi/LaFYNTKC1do2FaC6uYdJUM=,gMuD4YZX012YRw+cVYRKlZWTSt0=
46,-30,/vjFCjrGbFfUEiceC7hlKnDqMnI=,gMuD4YZX012YRw+cVYRKlZWTSt0=
47,-30,/vjFCjrGbFfUEiceC7hlKnDqMnI=,gMuD4YZX012YRw+cVYRKlZWTSt0=
46,-17,VbjrYi8lX86ePrlpclLwGJa5LIs=,gMuD4YZX012YRw+cVYRKlZWTSt0=
45,-17,VbjrYi8lX86ePrlpclLwGJa5LIs=,gMuD4YZX012YRw+cVYRKlZWTSt0=
32,-29,VbjrYi8lX86ePrlpclLwGJa5LIs=,gMuD4YZX012YRw+cVYRKlZWTSt0=
35,-32,VbjrYi8lX86ePrlpclLwGJa5LIs=,gMuD4YZX012YRw+cVYRKlZWTSt0=
43,-17,VbjrYi8lX86ePrlpclLwGJa5LIs=,gMuD4YZX012YRw+cVYRKlZWTSt0=
41,-17,VbjrYi8lX86ePrlpclLwGJa5LIs=,gMuD4YZX012YRw+cVYRKlZWTSt0=
45,-30,VbjrYi8lX86ePrlpclLwGJa5LIs=,gMuD4YZX012YRw+cVYRKlZWTSt0=
40,-17,VbjrYi8lX86ePrlpclLwGJa5LIs=,gMuD4YZX012YRw+cVYRKlZWTSt0=
39,-17,VbjrYi8lX86ePrlpclLwGJa5LIs=,gMuD4YZX012YRw+cVYRKlZWTSt0=
47,-31,VbjrYi8lX86ePrlpclLwGJa5LIs=,gMuD4YZX012YRw+cVYRKlZWTSt0=
46,-31,VbjrYi8lX86ePrlpclLwGJa5LIs=,gMuD4YZX012YRw+cVYRKlZWTSt0=
32,-17,VbjrYi8lX86ePrlpclLwGJa5LIs=,gMuD4YZX012YRw+cVYRKlZWTSt0=
45,-31,VbjrYi8lX86ePrlpclLwGJa5LIs=,gMuD4YZX012YRw+cVYRKlZWTSt0=
47,-18,VbjrYi8lX86ePrlpclLwGJa5LIs=,gMuD4YZX012YRw+cVYRKlZWTSt0=
44,-31,VbjrYi8lX86ePrlpclLwGJa5LIs=,gMuD4YZX012YRw+cVYRKlZWTSt0=
43,-31,VbjrYi8lX86ePrlpclLwGJa5LIs=,gMuD4YZX012YRw+cVYRKlZWTSt0=
41,-31,VbjrYi8lX86ePrlpclLwGJa5LIs=,gMuD4YZX012YRw+cVYRKlZWTSt0=
42,-31,VbjrYi8lX86ePrlpclLwGJa5LIs=,gMuD4YZX012YRw+cVYRKlZWTSt0=
33,-31,VbjrYi8lX86ePrlpclLwGJa5LIs=,gMuD4YZX012YRw+cVYRKlZWTSt0=
33,-17,VbjrYi8lX86ePrlpclLwGJa5LIs=,gMuD4YZX012YRw+cVYRKlZWTSt0=
35,-17,VbjrYi8lX86ePrlpclLwGJa5LIs=,gMuD4YZX012YRw+cVYRKlZWTSt0=
33,-29,VbjrYi8lX86ePrlpclLwGJa5LIs=,gMuD4YZX012YRw+cVYRKlZWTSt0=
42,-17,VbjrYi8lX86ePrlpclLwGJa5LIs=,gMuD4YZX012YRw+cVYRKlZWTSt0=
36,-31,VbjrYi8lX86ePrlpclLwGJa5LIs=,gMuD4YZX012YRw+cVYRKlZWTSt0=
34,-29,VbjrYi8lX86ePrlpclLwGJa5LIs=,gMuD4YZX012YRw+cVYRKlZWTSt0=
44,-17,VbjrYi8lX86ePrlpclLwGJa5LIs=,gMuD4YZX012YRw+cVYRKlZWTSt0=
37,-17,VbjrYi8lX86ePrlpclLwGJa5LIs=,gMuD4YZX012YRw+cVYRKlZWTSt0=
38,-17,VbjrYi8lX86ePrlpclLwGJa5LIs=,gMuD4YZX012YRw+cVYRKlZWTSt0=
44,-30,VbjrYi8lX86ePrlpclLwGJa5LIs=,gMuD4YZX012YRw+cVYRKlZWTSt0=
46,-18,VbjrYi8lX86ePrlpclLwGJa5LIs=,gMuD4YZX012YRw+cVYRKlZWTSt0=
36,-17,VbjrYi8lX86ePrlpclLwGJa5LIs=,gMuD4YZX012YRw+cVYRKlZWTSt0=
34,-17,VbjrYi8lX86ePrlpclLwGJa5LIs=,gMuD4YZX012YRw+cVYRKlZWTSt0=
45,-18,VbjrYi8lX86ePrlpclLwGJa5LIs=,gMuD4YZX012YRw+cVYRKlZWTSt0=
43,-18,VbjrYi8lX86ePrlpclLwGJa5LIs=,gMuD4YZX012YRw+cVYRKlZWTSt0=
42,-18,VbjrYi8lX86ePrlpclLwGJa5LIs=,gMuD4YZX012YRw+cVYRKlZWTSt0=
39,-18,VbjrYi8lX86ePrlpclLwGJa5LIs=,gMuD4YZX012YRw+cVYRKlZWTSt0=
40,-18,VbjrYi8lX86ePrlpclLwGJa5LIs=,gMuD4YZX012YRw+cVYRKlZWTSt0=
37,-31,VbjrYi8lX86ePrlpclLwGJa5LIs=,gMuD4YZX012YRw+cVYRKlZWTSt0=
39,-31,VbjrYi8lX86ePrlpclLwGJa5LIs=,gMuD4YZX012YRw+cVYRKlZWTSt0=
40,-31,VbjrYi8lX86ePrlpclLwGJa5LIs=,gMuD4YZX012YRw+cVYRKlZWTSt0=
38,-31,VbjrYi8lX86ePrlpclLwGJa5LIs=,gMuD4YZX012YRw+cVYRKlZWTSt0=
32,-18,VbjrYi8lX86ePrlpclLwGJa5LIs=,gMuD4YZX012YRw+cVYRKlZWTSt0=
47,-19,VbjrYi8lX86ePrlpclLwGJa5LIs=,gMuD4YZX012YRw+cVYRKlZWTSt0=
35,-31,VbjrYi8lX86ePrlpclLwGJa5LIs=,gMuD4YZX012YRw+cVYRKlZWTSt0=
34,-18,VbjrYi8lX86ePrlpclLwGJa5LIs=,gMuD4YZX012YRw+cVYRKlZWTSt0=
32,-30,VbjrYi8lX86ePrlpclLwGJa5LIs=,gMuD4YZX012YRw+cVYRKlZWTSt0=
47,-32,VbjrYi8lX86ePrlpclLwGJa5LIs=,gMuD4YZX012YRw+cVYRKlZWTSt0=
46,-19,VbjrYi8lX86ePrlpclLwGJa5LIs=,gMuD4YZX012YRw+cVYRKlZWTSt0=
43,-30,VbjrYi8lX86ePrlpclLwGJa5LIs=,gMuD4YZX012YRw+cVYRKlZWTSt0=
33,-18,VbjrYi8lX86ePrlpclLwGJa5LIs=,gMuD4YZX012YRw+cVYRKlZWTSt0=
45,-19,VbjrYi8lX86ePrlpclLwGJa5LIs=,gMuD4YZX012YRw+cVYRKlZWTSt0=
34,-31,VbjrYi8lX86ePrlpclLwGJa5LIs=,gMuD4YZX012YRw+cVYRKlZWTSt0=
43,-19,VbjrYi8lX86ePrlpclLwGJa5LIs=,gMuD4YZX012YRw+cVYRKlZWTSt0=
41,-19,VbjrYi8lX86ePrlpclLwGJa5LIs=,gMuD4YZX012YRw+cVYRKlZWTSt0=
34,-32,VbjrYi8lX86ePrlpclLwGJa5LIs=,gMuD4YZX012YRw+cVYRKlZWTSt0=
44,-18,VbjrYi8lX86ePrlpclLwGJa5LIs=,gMuD4YZX012YRw+cVYRKlZWTSt0=
41,-18,VbjrYi8lX86ePrlpclLwGJa5LIs=,gMuD4YZX012YRw+cVYRKlZWTSt0=
38,-19,VbjrYi8lX86ePrlpclLwGJa5LIs=,gMuD4YZX012YRw+cVYRKlZWTSt0=
36,-19,VbjrYi8lX86ePrlpclLwGJa5LIs=,gMuD4YZX012YRw+cVYRKlZWTSt0=
37,-19,VbjrYi8lX86ePrlpclLwGJa5LIs=,gMuD4YZX012YRw+cVYRKlZWTSt0=
35,-19,VbjrYi8lX86ePrlpclLwGJa5LIs=,gMuD4YZX012YRw+cVYRKlZWTSt0=
32,-19,VbjrYi8lX86ePrlpclLwGJa5LIs=,gMuD4YZX012YRw+cVYRKlZWTSt0=
38,-18,VbjrYi8lX86ePrlpclLwGJa5LIs=,gMuD4YZX012YRw+cVYRKlZWTSt0=
47,-20,VbjrYi8lX86ePrlpclLwGJa5LIs=,gMuD4YZX012YRw+cVYRKlZWTSt0=
37,-18,VbjrYi8lX86ePrlpclLwGJa5LIs=,gMuD4YZX012YRw+cVYRKlZWTSt0=
46,-20,VbjrYi8lX86ePrlpclLwGJa5LIs=,gMuD4YZX012YRw+cVYRKlZWTSt0=
46,-32,VbjrYi8lX86ePrlpclLwGJa5LIs=,gMuD4YZX012YRw+cVYRKlZWTSt0=
35,-18,VbjrYi8lX86ePrlpclLwGJa5LIs=,gMuD4YZX012YRw+cVYRKlZWTSt0=
42,-30,VbjrYi8lX86ePrlpclLwGJa5LIs=,gMuD4YZX012YRw+cVYRKlZWTSt0=
45,-20,VbjrYi8lX86ePrlpclLwGJa5LIs=,gMuD4YZX012YRw+cVYRKlZWTSt0=
36,-18,VbjrYi8lX86ePrlpclLwGJa5LIs=,gMuD4YZX012YRw+cVYRKlZWTSt0=
32,-31,VbjrYi8lX86ePrlpclLwGJa5LIs=,gMuD4YZX012YRw+cVYRKlZWTSt0=
41,-20,VbjrYi8lX86ePrlpclLwGJa5LIs=,gMuD4YZX012YRw+cVYRKlZWTSt0=
36,-32,VbjrYi8lX86ePrlpclLwGJa5LIs=,gMuD4YZX012YRw+cVYRKlZWTSt0=
42,-19,VbjrYi8lX86ePrlpclLwGJa5LIs=,gMuD4YZX012YRw+cVYRKlZWTSt0=
44,-19,VbjrYi8lX86ePrlpclLwGJa5LIs=,gMuD4YZX012YRw+cVYRKlZWTSt0=
40,-20,VbjrYi8lX86ePrlpclLwGJa5LIs=,gMuD4YZX012YRw+cVYRKlZWTSt0=
38,-20,VbjrYi8lX86ePrlpclLwGJa5LIs=,gMuD4YZX012YRw+cVYRKlZWTSt0=
35,-29,VbjrYi8lX86ePrlpclLwGJa5LIs=,gMuD4YZX012YRw+cVYRKlZWTSt0=
40,-19,VbjrYi8lX86ePrlpclLwGJa5LIs=,gMuD4YZX012YRw+cVYRKlZWTSt0=
37,-20,VbjrYi8lX86ePrlpclLwGJa5LIs=,gMuD4YZX012YRw+cVYRKlZWTSt0=
39,-19,VbjrYi8lX86ePrlpclLwGJa5LIs=,gMuD4YZX012YRw+cVYRKlZWTSt0=
47,-21,VbjrYi8lX86ePrlpclLwGJa5LIs=,gMuD4YZX012YRw+cVYRKlZWTSt0=
34,-20,VbjrYi8lX86ePrlpclLwGJa5LIs=,gMuD4YZX012YRw+cVYRKlZWTSt0=
32,-20,VbjrYi8lX86ePrlpclLwGJa5LIs=,gMuD4YZX012YRw+cVYRKlZWTSt0=
46,-21,VbjrYi8lX86ePrlpclLwGJa5LIs=,gMuD4YZX012YRw+cVYRKlZWTSt0=
45,-32,VbjrYi8lX86ePrlpclLwGJa5LIs=,gMuD4YZX012YRw+cVYRKlZWTSt0=
34,-19,VbjrYi8lX86ePrlpclLwGJa5LIs=,gMuD4YZX012YRw+cVYRKlZWTSt0=
41,-30,VbjrYi8lX86ePrlpclLwGJa5LIs=,gMuD4YZX012YRw+cVYRKlZWTSt0=
33,-19,VbjrYi8lX86ePrlpclLwGJa5LIs=,gMuD4YZX012YRw+cVYRKlZWTSt0=
32,-32,VbjrYi8lX86ePrlpclLwGJa5LIs=,gMuD4YZX012YRw+cVYRKlZWTSt0=
42,-21,VbjrYi8lX86ePrlpclLwGJa5LIs=,gMuD4YZX012YRw+cVYRKlZWTSt0=
41,-21,VbjrYi8lX86ePrlpclLwGJa5LIs=,gMuD4YZX012YRw+cVYRKlZWTSt0=
33,-32,VbjrYi8lX86ePrlpclLwGJa5LIs=,gMuD4YZX012YRw+cVYRKlZWTSt0=
43,-20,VbjrYi8lX86ePrlpclLwGJa5LIs=,gMuD4YZX012YRw+cVYRKlZWTSt0=
42,-20,VbjrYi8lX86ePrlpclLwGJa5LIs=,gMuD4YZX012YRw+cVYRKlZWTSt0=
44,-20,VbjrYi8lX86ePrlpclLwGJa5LIs=,gMuD4YZX012YRw+cVYRKlZWTSt0=
39,-20,VbjrYi8lX86ePrlpclLwGJa5LIs=,gMuD4YZX012YRw+cVYRKlZWTSt0=
36,-21,VbjrYi8lX86ePrlpclLwGJa5LIs=,gMuD4YZX012YRw+cVYRKlZWTSt0=
34,-21,VbjrYi8lX86ePrlpclLwGJa5LIs=,gMuD4YZX012YRw+cVYRKlZWTSt0=
47,-22,VbjrYi8lX86ePrlpclLwGJa5LIs=,gMuD4YZX012YRw+cVYRKlZWTSt0=
35,-21,VbjrYi8lX86ePrlpclLwGJa5LIs=,gMuD4YZX012YRw+cVYRKlZWTSt0=
33,-21,VbjrYi8lX86ePrlpclLwGJa5LIs=,gMuD4YZX012YRw+cVYRKlZWTSt0=
44,-22,VbjrYi8lX86ePrlpclLwGJa5LIs=,gMuD4YZX012YRw+cVYRKlZWTSt0=
36,-20,VbjrYi8lX86ePrlpclLwGJa5LIs=,gMuD4YZX012YRw+cVYRKlZWTSt0=
44,-32,VbjrYi8lX86ePrlpclLwGJa5LIs=,gMuD4YZX012YRw+cVYRKlZWTSt0=
32,-21,VbjrYi8lX86ePrlpclLwGJa5LIs=,gMuD4YZX012YRw+cVYRKlZWTSt0=
43,-22,VbjrYi8lX86ePrlpclLwGJa5LIs=,gMuD4YZX012YRw+cVYRKlZWTSt0=
36,-29,VbjrYi8lX86ePrlpclLwGJa5LIs=,gMuD4YZX012YRw+cVYRKlZWTSt0=
40,-30,VbjrYi8lX86ePrlpclLwGJa5LIs=,gMuD4YZX012YRw+cVYRKlZWTSt0=
42,-22,VbjrYi8lX86ePrlpclLwGJa5LIs=,gMuD4YZX012YRw+cVYRKlZWTSt0=
41,-22,VbjrYi8lX86ePrlpclLwGJa5LIs=,gMuD4YZX012YRw+cVYRKlZWTSt0=
45,-22,VbjrYi8lX86ePrlpclLwGJa5LIs=,gMuD4YZX012YRw+cVYRKlZWTSt0=
40,-22,VbjrYi8lX86ePrlpclLwGJa5LIs=,gMuD4YZX012YRw+cVYRKlZWTSt0=
38,-22,VbjrYi8lX86ePrlpclLwGJa5LIs=,gMuD4YZX012YRw+cVYRKlZWTSt0=
37,-22,VbjrYi8lX86ePrlpclLwGJa5LIs=,gMuD4YZX012YRw+cVYRKlZWTSt0=
36,-22,VbjrYi8lX86ePrlpclLwGJa5LIs=,gMuD4YZX012YRw+cVYRKlZWTSt0=
46,-22,VbjrYi8lX86ePrlpclLwGJa5LIs=,gMuD4YZX012YRw+cVYRKlZWTSt0=
35,-22,VbjrYi8lX86ePrlpclLwGJa5LIs=,gMuD4YZX012YRw+cVYRKlZWTSt0=
33,-22,VbjrYi8lX86ePrlpclLwGJa5LIs=,gMuD4YZX012YRw+cVYRKlZWTSt0=
34,-22,VbjrYi8lX86ePrlpclLwGJa5LIs=,gMuD4YZX012YRw+cVYRKlZWTSt0=
40,-21,VbjrYi8lX86ePrlpclLwGJa5LIs=,gMuD4YZX012YRw+cVYRKlZWTSt0=
32,-22,VbjrYi8lX86ePrlpclLwGJa5LIs=,gMuD4YZX012YRw+cVYRKlZWTSt0=
37,-21,VbjrYi8lX86ePrlpclLwGJa5LIs=,gMuD4YZX012YRw+cVYRKlZWTSt0=
39,-21,VbjrYi8lX86ePrlpclLwGJa5LIs=,gMuD4YZX012YRw+cVYRKlZWTSt0=
43,-32,VbjrYi8lX86ePrlpclLwGJa5LIs=,gMuD4YZX012YRw+cVYRKlZWTSt0=
38,-21,VbjrYi8lX86ePrlpclLwGJa5LIs=,gMuD4YZX012YRw+cVYRKlZWTSt0=
44,-23,VbjrYi8lX86ePrlpclLwGJa5LIs=,gMuD4YZX012YRw+cVYRKlZWTSt0=
39,-30,VbjrYi8lX86ePrlpclLwGJa5LIs=,gMuD4YZX012YRw+cVYRKlZWTSt0=
41,-23,VbjrYi8lX86ePrlpclLwGJa5LIs=,gMuD4YZX012YRw+cVYRKlZWTSt0=
44,-21,VbjrYi8lX86ePrlpclLwGJa5LIs=,gMuD4YZX012YRw+cVYRKlZWTSt0=
37,-23,VbjrYi8lX86ePrlpclLwGJa5LIs=,gMuD4YZX012YRw+cVYRKlZWTSt0=
40,-23,VbjrYi8lX86ePrlpclLwGJa5LIs=,gMuD4YZX012YRw+cVYRKlZWTSt0=
43,-21,VbjrYi8lX86ePrlpclLwGJa5LIs=,gMuD4YZX012YRw+cVYRKlZWTSt0=
35,-20,VbjrYi8lX86ePrlpclLwGJa5LIs=,gMuD4YZX012YRw+cVYRKlZWTSt0=
45,-21,VbjrYi8lX86ePrlpclLwGJa5LIs=,gMuD4YZX012YRw+cVYRKlZWTSt0=
33,-23,VbjrYi8lX86ePrlpclLwGJa5LIs=,gMuD4YZX012YRw+cVYRKlZWTSt0=
47,-24,VbjrYi8lX86ePrlpclLwGJa5LIs=,gMuD4YZX012YRw+cVYRKlZWTSt0=
32,-23,VbjrYi8lX86ePrlpclLwGJa5LIs=,gMuD4YZX012YRw+cVYRKlZWTSt0=
46,-24,VbjrYi8lX86ePrlpclLwGJa5LIs=,gMuD4YZX012YRw+cVYRKlZWTSt0=
33,-20,VbjrYi8lX86ePrlpclLwGJa5LIs=,gMuD4YZX012YRw+cVYRKlZWTSt0=
37,-29,VbjrYi8lX86ePrlpclLwGJa5LIs=,gMuD4YZX012YRw+cVYRKlZWTSt0=
39,-22,VbjrYi8lX86ePrlpclLwGJa5LIs=,gMuD4YZX012YRw+cVYRKlZWTSt0=
44,-24,VbjrYi8lX86ePrlpclLwGJa5LIs=,gMuD4YZX012YRw+cVYRKlZWTSt0=
42,-32,VbjrYi8lX86ePrlpclLwGJa5LIs=,gMuD4YZX012YRw+cVYRKlZWTSt0=
38,-29,VbjrYi8lX86ePrlpclLwGJa5LIs=,gMuD4YZX012YRw+cVYRKlZWTSt0=
40,-24,VbjrYi8lX86ePrlpclLwGJa5LIs=,gMuD4YZX012YRw+cVYRKlZWTSt0=
47,-23,VbjrYi8lX86ePrlpclLwGJa5LIs=,gMuD4YZX012YRw+cVYRKlZWTSt0=
46,-23,VbjrYi8lX86ePrlpclLwGJa5LIs=,gMuD4YZX012YRw+cVYRKlZWTSt0=
42,-24,VbjrYi8lX86ePrlpclLwGJa5LIs=,gMuD4YZX012YRw+cVYRKlZWTSt0=
42,-23,VbjrYi8lX86ePrlpclLwGJa5LIs=,gMuD4YZX012YRw+cVYRKlZWTSt0=
45,-23,VbjrYi8lX86ePrlpclLwGJa5LIs=,gMuD4YZX012YRw+cVYRKlZWTSt0=
38,-23,VbjrYi8lX86ePrlpclLwGJa5LIs=,gMuD4YZX012YRw+cVYRKlZWTSt0=
43,-23,VbjrYi8lX86ePrlpclLwGJa5LIs=,gMuD4YZX012YRw+cVYRKlZWTSt0=
39,-23,VbjrYi8lX86ePrlpclLwGJa5LIs=,gMuD4YZX012YRw+cVYRKlZWTSt0=
37,-24,VbjrYi8lX86ePrlpclLwGJa5LIs=,gMuD4YZX012YRw+cVYRKlZWTSt0=
36,-23,VbjrYi8lX86ePrlpclLwGJa5LIs=,gMuD4YZX012YRw+cVYRKlZWTSt0=
36,-24,VbjrYi8lX86ePrlpclLwGJa5LIs=,gMuD4YZX012YRw+cVYRKlZWTSt0=
47,-25,VbjrYi8lX86ePrlpclLwGJa5LIs=,gMuD4YZX012YRw+cVYRKlZWTSt0=
46,-25,VbjrYi8lX86ePrlpclLwGJa5LIs=,gMuD4YZX012YRw+cVYRKlZWTSt0=
34,-24,VbjrYi8lX86ePrlpclLwGJa5LIs=,gMuD4YZX012YRw+cVYRKlZWTSt0=
35,-23,VbjrYi8lX86ePrlpclLwGJa5LIs=,gMuD4YZX012YRw+cVYRKlZWTSt0=
34,-23,VbjrYi8lX86ePrlpclLwGJa5LIs=,gMuD4YZX012YRw+cVYRKlZWTSt0=
32,-24,VbjrYi8lX86ePrlpclLwGJa5LIs=,gMuD4YZX012YRw+cVYRKlZWTSt0=
43,-25,VbjrYi8lX86ePrlpclLwGJa5LIs=,gMuD4YZX012YRw+cVYRKlZWTSt0=
42,-25,VbjrYi8lX86ePrlpclLwGJa5LIs=,gMuD4YZX012YRw+cVYRKlZWTSt0=
41,-32,VbjrYi8lX86ePrlpclLwGJa5LIs=,gMuD4YZX012YRw+cVYRKlZWTSt0=
40,-25,VbjrYi8lX86ePrlpclLwGJa5LIs=,gMuD4YZX012YRw+cVYRKlZWTSt0=
45,-24,VbjrYi8lX86ePrlpclLwGJa5LIs=,gMuD4YZX012YRw+cVYRKlZWTSt0=
37,-30,VbjrYi8lX86ePrlpclLwGJa5LIs=,gMuD4YZX012YRw+cVYRKlZWTSt0=
43,-24,VbjrYi8lX86ePrlpclLwGJa5LIs=,gMuD4YZX012YRw+cVYRKlZWTSt0=
39,-25,VbjrYi8lX86ePrlpclLwGJa5LIs=,gMuD4YZX012YRw+cVYRKlZWTSt0=
41,-24,VbjrYi8lX86ePrlpclLwGJa5LIs=,gMuD4YZX012YRw+cVYRKlZWTSt0=
38,-24,VbjrYi8lX86ePrlpclLwGJa5LIs=,gMuD4YZX012YRw+cVYRKlZWTSt0=
39,-29,VbjrYi8lX86ePrlpclLwGJa5LIs=,gMuD4YZX012YRw+cVYRKlZWTSt0=
38,-30,VbjrYi8lX86ePrlpclLwGJa5LIs=,gMuD4YZX012YRw+cVYRKlZWTSt0=
34,-25,VbjrYi8lX86ePrlpclLwGJa5LIs=,gMuD4YZX012YRw+cVYRKlZWTSt0=
40,-29,VbjrYi8lX86ePrlpclLwGJa5LIs=,gMuD4YZX012YRw+cVYRKlZWTSt0=
47,-26,VbjrYi8lX86ePrlpclLwGJa5LIs=,gMuD4YZX012YRw+cVYRKlZWTSt0=
41,-29,VbjrYi8lX86ePrlpclLwGJa5LIs=,gMuD4YZX012YRw+cVYRKlZWTSt0=
46,-26,VbjrYi8lX86ePrlpclLwGJa5LIs=,gMuD4YZX012YRw+cVYRKlZWTSt0=
42,-29,VbjrYi8lX86ePrlpclLwGJa5LIs=,gMuD4YZX012YRw+cVYRKlZWTSt0=
45,-26,VbjrYi8lX86ePrlpclLwGJa5LIs=,gMuD4YZX012YRw+cVYRKlZWTSt0=
43,-29,VbjrYi8lX86ePrlpclLwGJa5LIs=,gMuD4YZX012YRw+cVYRKlZWTSt0=
44,-29,VbjrYi8lX86ePrlpclLwGJa5LIs=,gMuD4YZX012YRw+cVYRKlZWTSt0=
45,-29,VbjrYi8lX86ePrlpclLwGJa5LIs=,gMuD4YZX012YRw+cVYRKlZWTSt0=
46,-29,VbjrYi8lX86ePrlpclLwGJa5LIs=,gMuD4YZX012YRw+cVYRKlZWTSt0=
47,-29,VbjrYi8lX86ePrlpclLwGJa5LIs=,gMuD4YZX012YRw+cVYRKlZWTSt0=
39,-24,VbjrYi8lX86ePrlpclLwGJa5LIs=,gMuD4YZX012YRw+cVYRKlZWTSt0=
33,-25,VbjrYi8lX86ePrlpclLwGJa5LIs=,gMuD4YZX012YRw+cVYRKlZWTSt0=
42,-26,VbjrYi8lX86ePrlpclLwGJa5LIs=,gMuD4YZX012YRw+cVYRKlZWTSt0=
32,-25,VbjrYi8lX86ePrlpclLwGJa5LIs=,gMuD4YZX012YRw+cVYRKlZWTSt0=
35,-24,VbjrYi8lX86ePrlpclLwGJa5LIs=,gMuD4YZX012YRw+cVYRKlZWTSt0=
40,-26,VbjrYi8lX86ePrlpclLwGJa5LIs=,gMuD4YZX012YRw+cVYRKlZWTSt0=
43,-26,VbjrYi8lX86ePrlpclLwGJa5LIs=,gMuD4YZX012YRw+cVYRKlZWTSt0=
33,-24,VbjrYi8lX86ePrlpclLwGJa5LIs=,gMuD4YZX012YRw+cVYRKlZWTSt0=
40,-32,VbjrYi8lX86ePrlpclLwGJa5LIs=,gMuD4YZX012YRw+cVYRKlZWTSt0=
41,-25,VbjrYi8lX86ePrlpclLwGJa5LIs=,gMuD4YZX012YRw+cVYRKlZWTSt0=
45,-25,VbjrYi8lX86ePrlpclLwGJa5LIs=,gMuD4YZX012YRw+cVYRKlZWTSt0=
44,-25,VbjrYi8lX86ePrlpclLwGJa5LIs=,gMuD4YZX012YRw+cVYRKlZWTSt0=
35,-26,VbjrYi8lX86ePrlpclLwGJa5LIs=,gMuD4YZX012YRw+cVYRKlZWTSt0=
38,-25,VbjrYi8lX86ePrlpclLwGJa5LIs=,gMuD4YZX012YRw+cVYRKlZWTSt0=
47,-27,VbjrYi8lX86ePrlpclLwGJa5LIs=,gMuD4YZX012YRw+cVYRKlZWTSt0=
46,-27,VbjrYi8lX86ePrlpclLwGJa5LIs=,gMuD4YZX012YRw+cVYRKlZWTSt0=
45,-27,VbjrYi8lX86ePrlpclLwGJa5LIs=,gMuD4YZX012YRw+cVYRKlZWTSt0=
44,-27,VbjrYi8lX86ePrlpclLwGJa5LIs=,gMuD4YZX012YRw+cVYRKlZWTSt0=
43,-27,VbjrYi8lX86ePrlpclLwGJa5LIs=,gMuD4YZX012YRw+cVYRKlZWTSt0=
37,-25,VbjrYi8lX86ePrlpclLwGJa5LIs=,gMuD4YZX012YRw+cVYRKlZWTSt0=
41,-27,VbjrYi8lX86ePrlpclLwGJa5LIs=,gMuD4YZX012YRw+cVYRKlZWTSt0=
42,-27,VbjrYi8lX86ePrlpclLwGJa5LIs=,gMuD4YZX012YRw+cVYRKlZWTSt0=
40,-27,VbjrYi8lX86ePrlpclLwGJa5LIs=,gMuD4YZX012YRw+cVYRKlZWTSt0=
35,-25,VbjrYi8lX86ePrlpclLwGJa5LIs=,gMuD4YZX012YRw+cVYRKlZWTSt0=
36,-25,VbjrYi8lX86ePrlpclLwGJa5LIs=,gMuD4YZX012YRw+cVYRKlZWTSt0=
44,-26,VbjrYi8lX86ePrlpclLwGJa5LIs=,gMuD4YZX012YRw+cVYRKlZWTSt0=
41,-26,VbjrYi8lX86ePrlpclLwGJa5LIs=,gMuD4YZX012YRw+cVYRKlZWTSt0=
33,-30,VbjrYi8lX86ePrlpclLwGJa5LIs=,gMuD4YZX012YRw+cVYRKlZWTSt0=
37,-27,VbjrYi8lX86ePrlpclLwGJa5LIs=,gMuD4YZX012YRw+cVYRKlZWTSt0=
32,-28,VbjrYi8lX86ePrlpclLwGJa5LIs=,gMuD4YZX012YRw+cVYRKlZWTSt0=
36,-27,VbjrYi8lX86ePrlpclLwGJa5LIs=,gMuD4YZX012YRw+cVYRKlZWTSt0=
35,-30,VbjrYi8lX86ePrlpclLwGJa5LIs=,gMuD4YZX012YRw+cVYRKlZWTSt0=
33,-28,VbjrYi8lX86ePrlpclLwGJa5LIs=,gMuD4YZX012YRw+cVYRKlZWTSt0=
33,-27,VbjrYi8lX86ePrlpclLwGJa5LIs=,gMuD4YZX012YRw+cVYRKlZWTSt0=
39,-26,VbjrYi8lX86ePrlpclLwGJa5LIs=,gMuD4YZX012YRw+cVYRKlZWTSt0=
34,-28,VbjrYi8lX86ePrlpclLwGJa5LIs=,gMuD4YZX012YRw+cVYRKlZWTSt0=
36,-30,VbjrYi8lX86ePrlpclLwGJa5LIs=,gMuD4YZX012YRw+cVYRKlZWTSt0=
47,-28,VbjrYi8lX86ePrlpclLwGJa5LIs=,gMuD4YZX012YRw+cVYRKlZWTSt0=
46,-28,VbjrYi8lX86ePrlpclLwGJa5LIs=,gMuD4YZX012YRw+cVYRKlZWTSt0=
45,-28,VbjrYi8lX86ePrlpclLwGJa5LIs=,gMuD4YZX012YRw+cVYRKlZWTSt0=
44,-28,VbjrYi8lX86ePrlpclLwGJa5LIs=,gMuD4YZX012YRw+cVYRKlZWTSt0=
43,-28,VbjrYi8lX86ePrlpclLwGJa5LIs=,gMuD4YZX012YRw+cVYRKlZWTSt0=
42,-28,VbjrYi8lX86ePrlpclLwGJa5LIs=,gMuD4YZX012YRw+cVYRKlZWTSt0=
41,-28,VbjrYi8lX86ePrlpclLwGJa5LIs=,gMuD4YZX012YRw+cVYRKlZWTSt0=
35,-28,VbjrYi8lX86ePrlpclLwGJa5LIs=,gMuD4YZX012YRw+cVYRKlZWTSt0=
40,-28,VbjrYi8lX86ePrlpclLwGJa5LIs=,gMuD4YZX012YRw+cVYRKlZWTSt0=
37,-26,VbjrYi8lX86ePrlpclLwGJa5LIs=,gMuD4YZX012YRw+cVYRKlZWTSt0=
38,-26,VbjrYi8lX86ePrlpclLwGJa5LIs=,gMuD4YZX012YRw+cVYRKlZWTSt0=
34,-26,VbjrYi8lX86ePrlpclLwGJa5LIs=,gMuD4YZX012YRw+cVYRKlZWTSt0=
38,-28,VbjrYi8lX86ePrlpclLwGJa5LIs=,gMuD4YZX012YRw+cVYRKlZWTSt0=
36,-26,VbjrYi8lX86ePrlpclLwGJa5LIs=,gMuD4YZX012YRw+cVYRKlZWTSt0=
37,-28,VbjrYi8lX86ePrlpclLwGJa5LIs=,gMuD4YZX012YRw+cVYRKlZWTSt0=
39,-28,VbjrYi8lX86ePrlpclLwGJa5LIs=,gMuD4YZX012YRw+cVYRKlZWTSt0=
32,-27,VbjrYi8lX86ePrlpclLwGJa5LIs=,gMuD4YZX012YRw+cVYRKlZWTSt0=
36,-28,VbjrYi8lX86ePrlpclLwGJa5LIs=,gMuD4YZX012YRw+cVYRKlZWTSt0=
34,-30,VbjrYi8lX86ePrlpclLwGJa5LIs=,gMuD4YZX012YRw+cVYRKlZWTSt0=
38,-32,VbjrYi8lX86ePrlpclLwGJa5LIs=,gMuD4YZX012YRw+cVYRKlZWTSt0=
34,-27,VbjrYi8lX86ePrlpclLwGJa5LIs=,gMuD4YZX012YRw+cVYRKlZWTSt0=
39,-27,VbjrYi8lX86ePrlpclLwGJa5LIs=,gMuD4YZX012YRw+cVYRKlZWTSt0=
35,-27,VbjrYi8lX86ePrlpclLwGJa5LIs=,gMuD4YZX012YRw+cVYRKlZWTSt0=
38,-27,VbjrYi8lX86ePrlpclLwGJa5LIs=,gMuD4YZX012YRw+cVYRKlZWTSt0=
39,-32,VbjrYi8lX86ePrlpclLwGJa5LIs=,gMuD4YZX012YRw+cVYRKlZWTSt0=
37,-32,VbjrYi8lX86ePrlpclLwGJa5LIs=,gMuD4YZX012YRw+cVYRKlZWTSt0=
32,-26,VbjrYi8lX86ePrlpclLwGJa5LIs=,gMuD4YZX012YRw+cVYRKlZWTSt0=
33,-26,VbjrYi8lX86ePrlpclLwGJa5LIs=,gMuD4YZX012YRw+cVYRKlZWTSt0=
46,-14,8WoNArMhauV9/tQXa2jCRtAWcrQ=,seJENq9eG0Hf8a0asMYoJ/O5UAs=
45,-14,8WoNArMhauV9/tQXa2jCRtAWcrQ=,seJENq9eG0Hf8a0asMYoJ/O5UAs=
47,-1,MSzM0kATy88KmB2Xlfds6HsHHGI=,seJENq9eG0Hf8a0asMYoJ/O5UAs=
45,-1,BzlJf/YtU4no2tUH7dEeQ2RMouc=,seJENq9eG0Hf8a0asMYoJ/O5UAs=
46,-1,BzlJf/YtU4no2tUH7dEeQ2RMouc=,seJENq9eG0Hf8a0asMYoJ/O5UAs=
42,-1,BzlJf/YtU4no2tUH7dEeQ2RMouc=,seJENq9eG0Hf8a0asMYoJ/O5UAs=
41,-1,BzlJf/YtU4no2tUH7dEeQ2RMouc=,seJENq9eG0Hf8a0asMYoJ/O5UAs=
44,-1,BzlJf/YtU4no2tUH7dEeQ2RMouc=,seJENq9eG0Hf8a0asMYoJ/O5UAs=
43,-1,BzlJf/YtU4no2tUH7dEeQ2RMouc=,seJENq9eG0Hf8a0asMYoJ/O5UAs=
38,-1,BzlJf/YtU4no2tUH7dEeQ2RMouc=,seJENq9eG0Hf8a0asMYoJ/O5UAs=
40,-1,BzlJf/YtU4no2tUH7dEeQ2RMouc=,seJENq9eG0Hf8a0asMYoJ/O5UAs=
37,-1,BzlJf/YtU4no2tUH7dEeQ2RMouc=,seJENq9eG0Hf8a0asMYoJ/O5UAs=
47,-15,BzlJf/YtU4no2tUH7dEeQ2RMouc=,seJENq9eG0Hf8a0asMYoJ/O5UAs=
34,-1,BzlJf/YtU4no2tUH7dEeQ2RMouc=,seJENq9eG0Hf8a0asMYoJ/O5UAs=
46,-15,BzlJf/YtU4no2tUH7dEeQ2RMouc=,seJENq9eG0Hf8a0asMYoJ/O5UAs=
39,-1,BzlJf/YtU4no2tUH7dEeQ2RMouc=,seJENq9eG0Hf8a0asMYoJ/O5UAs=
35,-16,BzlJf/YtU4no2tUH7dEeQ2RMouc=,seJENq9eG0Hf8a0asMYoJ/O5UAs=
36,-1,BzlJf/YtU4no2tUH7dEeQ2RMouc=,seJENq9eG0Hf8a0asMYoJ/O5UAs=
33,-15,BzlJf/YtU4no2tUH7dEeQ2RMouc=,seJENq9eG0Hf8a0asMYoJ/O5UAs=
35,-1,BzlJf/YtU4no2tUH7dEeQ2RMouc=,seJENq9eG0Hf8a0asMYoJ/O5UAs=
43,-15,BzlJf/YtU4no2tUH7dEeQ2RMouc=,seJENq9eG0Hf8a0asMYoJ/O5UAs=
42,-15,BzlJf/YtU4no2tUH7dEeQ2RMouc=,seJENq9eG0Hf8a0asMYoJ/O5UAs=
41,-15,BzlJf/YtU4no2tUH7dEeQ2RMouc=,seJENq9eG0Hf8a0asMYoJ/O5UAs=
32,-1,BzlJf/YtU4no2tUH7dEeQ2RMouc=,seJENq9eG0Hf8a0asMYoJ/O5UAs=
33,-1,BzlJf/YtU4no2tUH7dEeQ2RMouc=,seJENq9eG0Hf8a0asMYoJ/O5UAs=
39,-15,BzlJf/YtU4no2tUH7dEeQ2RMouc=,seJENq9eG0Hf8a0asMYoJ/O5UAs=
45,-15,BzlJf/YtU4no2tUH7dEeQ2RMouc=,seJENq9eG0Hf8a0asMYoJ/O5UAs=
37,-15,BzlJf/YtU4no2tUH7dEeQ2RMouc=,seJENq9eG0Hf8a0asMYoJ/O5UAs=
47,-2,BzlJf/YtU4no2tUH7dEeQ2RMouc=,seJENq9eG0Hf8a0asMYoJ/O5UAs=
36,-15,BzlJf/YtU4no2tUH7dEeQ2RMouc=,seJENq9eG0Hf8a0asMYoJ/O5UAs=
44,-15,BzlJf/YtU4no2tUH7dEeQ2RMouc=,seJENq9eG0Hf8a0asMYoJ/O5UAs=
46,-2,BzlJf/YtU4no2tUH7dEeQ2RMouc=,seJENq9eG0Hf8a0asMYoJ/O5UAs=
34,-15,BzlJf/YtU4no2tUH7dEeQ2RMouc=,seJENq9eG0Hf8a0asMYoJ/O5UAs=
45,-2,BzlJf/YtU4no2tUH7dEeQ2RMouc=,seJENq9eG0Hf8a0asMYoJ/O5UAs=
44,-2,BzlJf/YtU4no2tUH7dEeQ2RMouc=,seJENq9eG0Hf8a0asMYoJ/O5UAs=
40,-15,BzlJf/YtU4no2tUH7dEeQ2RMouc=,seJENq9eG0Hf8a0asMYoJ/O5UAs=
38,-15,BzlJf/YtU4no2tUH7dEeQ2RMouc=,seJENq9eG0Hf8a0asMYoJ/O5UAs=
35,-15,BzlJf/YtU4no2tUH7dEeQ2RMouc=,seJENq9eG0Hf8a0asMYoJ/O5UAs=
44,-14,BzlJf/YtU4no2tUH7dEeQ2RMouc=,seJENq9eG0Hf8a0asMYoJ/O5UAs=
34,-16,BzlJf/YtU4no2tUH7dEeQ2RMouc=,seJENq9eG0Hf8a0asMYoJ/O5UAs=
35,-2,BzlJf/YtU4no2tUH7dEeQ2RMouc=,seJENq9eG0Hf8a0asMYoJ/O5UAs=
36,-2,BzlJf/YtU4no2tUH7dEeQ2RMouc=,seJENq9eG0Hf8a0asMYoJ/O5UAs=
38,-2,BzlJf/YtU4no2tUH7dEeQ2RMouc=,seJENq9eG0Hf8a0asMYoJ/O5UAs=
33,-2,BzlJf/YtU4no2tUH7dEeQ2RMouc=,seJENq9eG0Hf8a0asMYoJ/O5UAs=
47,-3,BzlJf/YtU4no2tUH7dEeQ2RMouc=,seJENq9eG0Hf8a0asMYoJ/O5UAs=
32,-2,BzlJf/YtU4no2tUH7dEeQ2RMouc=,seJENq9eG0Hf8a0asMYoJ/O5UAs=
43,-2,BzlJf/YtU4no2tUH7dEeQ2RMouc=,seJENq9eG0Hf8a0asMYoJ/O5UAs=
47,-16,BzlJf/YtU4no2tUH7dEeQ2RMouc=,seJENq9eG0Hf8a0asMYoJ/O5UAs=
42,-2,BzlJf/YtU4no2tUH7dEeQ2RMouc=,seJENq9eG0Hf8a0asMYoJ/O5UAs=
43,-14,BzlJf/YtU4no2tUH7dEeQ2RMouc=,seJENq9eG0Hf8a0asMYoJ/O5UAs=
40,-2,BzlJf/YtU4no2tUH7dEeQ2RMouc=,seJENq9eG0Hf8a0asMYoJ/O5UAs=
41,-2,BzlJf/YtU4no2tUH7dEeQ2RMouc=,seJENq9eG0Hf8a0asMYoJ/O5UAs=
39,-2,BzlJf/YtU4no2tUH7dEeQ2RMouc=,seJENq9eG0Hf8a0asMYoJ/O5UAs=
37,-2,BzlJf/YtU4no2tUH7dEeQ2RMouc=,seJENq9eG0Hf8a0asMYoJ/O5UAs=
34,-2,BzlJf/YtU4no2tUH7dEeQ2RMouc=,seJENq9eG0Hf8a0asMYoJ/O5UAs=
39,-3,BzlJf/YtU4no2tUH7dEeQ2RMouc=,seJENq9eG0Hf8a0asMYoJ/O5UAs=
46,-3,BzlJf/YtU4no2tUH7dEeQ2RMouc=,seJENq9eG0Hf8a0asMYoJ/O5UAs=
45,-3,BzlJf/YtU4no2tUH7dEeQ2RMouc=,seJENq9eG0Hf8a0asMYoJ/O5UAs=
32,-15,BzlJf/YtU4no2tUH7dEeQ2RMouc=,seJENq9eG0Hf8a0asMYoJ/O5UAs=
35,-3,BzlJf/YtU4no2tUH7dEeQ2RMouc=,seJENq9eG0Hf8a0asMYoJ/O5UAs=
34,-3,BzlJf/YtU4no2tUH7dEeQ2RMouc=,seJENq9eG0Hf8a0asMYoJ/O5UAs=
43,-3,BzlJf/YtU4no2tUH7dEeQ2RMouc=,seJENq9eG0Hf8a0asMYoJ/O5UAs=
42,-3,BzlJf/YtU4no2tUH7dEeQ2RMouc=,seJENq9eG0Hf8a0asMYoJ/O5UAs=
44,-3,BzlJf/YtU4no2tUH7dEeQ2RMouc=,seJENq9eG0Hf8a0asMYoJ/O5UAs=
47,-4,BzlJf/YtU4no2tUH7dEeQ2RMouc=,seJENq9eG0Hf8a0asMYoJ/O5UAs=
41,-3,BzlJf/YtU4no2tUH7dEeQ2RMouc=,seJENq9eG0Hf8a0asMYoJ/O5UAs=
38,-3,BzlJf/YtU4no2tUH7dEeQ2RMouc=,seJENq9eG0Hf8a0asMYoJ/O5UAs=
40,-3,BzlJf/YtU4no2tUH7dEeQ2RMouc=,seJENq9eG0Hf8a0asMYoJ/O5UAs=
46,-4,BzlJf/YtU4no2tUH7dEeQ2RMouc=,seJENq9eG0Hf8a0asMYoJ/O5UAs=
42,-14,BzlJf/YtU4no2tUH7dEeQ2RMouc=,seJENq9eG0Hf8a0asMYoJ/O5UAs=
36,-3,BzlJf/YtU4no2tUH7dEeQ2RMouc=,seJENq9eG0Hf8a0asMYoJ/O5UAs=
37,-3,BzlJf/YtU4no2tUH7dEeQ2RMouc=,seJENq9eG0Hf8a0asMYoJ/O5UAs=
43,-4,BzlJf/YtU4no2tUH7dEeQ2RMouc=,seJENq9eG0Hf8a0asMYoJ/O5UAs=
33,-3,BzlJf/YtU4no2tUH7dEeQ2RMouc=,seJENq9eG0Hf8a0asMYoJ/O5UAs=
33,-16,BzlJf/YtU4no2tUH7dEeQ2RMouc=,seJENq9eG0Hf8a0asMYoJ/O5UAs=
39,-4,BzlJf/YtU4no2tUH7dEeQ2RMouc=,seJENq9eG0Hf8a0asMYoJ/O5UAs=
32,-3,BzlJf/YtU4no2tUH7dEeQ2RMouc=,seJENq9eG0Hf8a0asMYoJ/O5UAs=
37,-4,BzlJf/YtU4no2tUH7dEeQ2RMouc=,seJENq9eG0Hf8a0asMYoJ/O5UAs=
32,-16,BzlJf/YtU4no2tUH7dEeQ2RMouc=,seJENq9eG0Hf8a0asMYoJ/O5UAs=
45,-4,BzlJf/YtU4no2tUH7dEeQ2RMouc=,seJENq9eG0Hf8a0asMYoJ/O5UAs=
44,-4,BzlJf/YtU4no2tUH7dEeQ2RMouc=,seJENq9eG0Hf8a0asMYoJ/O5UAs=
47,-5,BzlJf/YtU4no2tUH7dEeQ2RMouc=,seJENq9eG0Hf8a0asMYoJ/O5UAs=
46,-16,BzlJf/YtU4no2tUH7dEeQ2RMouc=,seJENq9eG0Hf8a0asMYoJ/O5UAs=
41,-4,BzlJf/YtU4no2tUH7dEeQ2RMouc=,seJENq9eG0Hf8a0asMYoJ/O5UAs=
42,-4,BzlJf/YtU4no2tUH7dEeQ2RMouc=,seJENq9eG0Hf8a0asMYoJ/O5UAs=
40,-4,BzlJf/YtU4no2tUH7dEeQ2RMouc=,seJENq9eG0Hf8a0asMYoJ/O5UAs=
38,-4,BzlJf/YtU4no2tUH7dEeQ2RMouc=,seJENq9eG0Hf8a0asMYoJ/O5UAs=
35,-4,BzlJf/YtU4no2tUH7dEeQ2RMouc=,seJENq9eG0Hf8a0asMYoJ/O5UAs=
36,-4,BzlJf/YtU4no2tUH7dEeQ2RMouc=,seJENq9eG0Hf8a0asMYoJ/O5UAs=
34,-4,BzlJf/YtU4no2tUH7dEeQ2RMouc=,seJENq9eG0Hf8a0asMYoJ/O5UAs=
33,-4,BzlJf/YtU4no2tUH7dEeQ2RMouc=,seJENq9eG0Hf8a0asMYoJ/O5UAs=
32,-4,BzlJf/YtU4no2tUH7dEeQ2RMouc=,seJENq9eG0Hf8a0asMYoJ/O5UAs=
35,-5,BzlJf/YtU4no2tUH7dEeQ2RMouc=,seJENq9eG0Hf8a0asMYoJ/O5UAs=
46,-5,BzlJf/YtU4no2tUH7dEeQ2RMouc=,seJENq9eG0Hf8a0asMYoJ/O5UAs=
45,-5,BzlJf/YtU4no2tUH7dEeQ2RMouc=,seJENq9eG0Hf8a0asMYoJ/O5UAs=
43,-5,BzlJf/YtU4no2tUH7dEeQ2RMouc=,seJENq9eG0Hf8a0asMYoJ/O5UAs=
44,-5,BzlJf/YtU4no2tUH7dEeQ2RMouc=,seJENq9eG0Hf8a0asMYoJ/O5UAs=
33,-5,BzlJf/YtU4no2tUH7dEeQ2RMouc=,seJENq9eG0Hf8a0asMYoJ/O5UAs=
41,-14,BzlJf/YtU4no2tUH7dEeQ2RMouc=,seJENq9eG0Hf8a0asMYoJ/O5UAs=
45,-16,BzlJf/YtU4no2tUH7dEeQ2RMouc=,seJENq9eG0Hf8a0asMYoJ/O5UAs=
41,-5,BzlJf/YtU4no2tUH7dEeQ2RMouc=,seJENq9eG0Hf8a0asMYoJ/O5UAs=
42,-5,BzlJf/YtU4no2tUH7dEeQ2RMouc=,seJENq9eG0Hf8a0asMYoJ/O5UAs=
44,-16,BzlJf/YtU4no2tUH7dEeQ2RMouc=,seJENq9eG0Hf8a0asMYoJ/O5UAs=
40,-5,BzlJf/YtU4no2tUH7dEeQ2RMouc=,seJENq9eG0Hf8a0asMYoJ/O5UAs=
40,-14,BzlJf/YtU4no2tUH7dEeQ2RMouc=,seJENq9eG0Hf8a0asMYoJ/O5UAs=
38,-5,BzlJf/YtU4no2tUH7dEeQ2RMouc=,seJENq9eG0Hf8a0asMYoJ/O5UAs=
39,-5,BzlJf/YtU4no2tUH7dEeQ2RMouc=,seJENq9eG0Hf8a0asMYoJ/O5UAs=
36,-5,BzlJf/YtU4no2tUH7dEeQ2RMouc=,seJENq9eG0Hf8a0asMYoJ/O5UAs=
34,-5,BzlJf/YtU4no2tUH7dEeQ2RMouc=,seJENq9eG0Hf8a0asMYoJ/O5UAs=
37,-5,BzlJf/YtU4no2tUH7dEeQ2RMouc=,seJENq9eG0Hf8a0asMYoJ/O5UAs=
37,-6,BzlJf/YtU4no2tUH7dEeQ2RMouc=,seJENq9eG0Hf8a0asMYoJ/O5UAs=
34,-6,BzlJf/YtU4no2tUH7dEeQ2RMouc=,seJENq9eG0Hf8a0asMYoJ/O5UAs=
35,-6,BzlJf/YtU4no2tUH7dEeQ2RMouc=,seJENq9eG0Hf8a0asMYoJ/O5UAs=
32,-5,BzlJf/YtU4no2tUH7dEeQ2RMouc=,seJENq9eG0Hf8a0asMYoJ/O5UAs=
47,-6,BzlJf/YtU4no2tUH7dEeQ2RMouc=,seJENq9eG0Hf8a0asMYoJ/O5UAs=
45,-6,BzlJf/YtU4no2tUH7dEeQ2RMouc=,seJENq9eG0Hf8a0asMYoJ/O5UAs=
46,-6,BzlJf/YtU4no2tUH7dEeQ2RMouc=,seJENq9eG0Hf8a0asMYoJ/O5UAs=
46,-7,BzlJf/YtU4no2tUH7dEeQ2RMouc=,seJENq9eG0Hf8a0asMYoJ/O5UAs=
44,-6,BzlJf/YtU4no2tUH7dEeQ2RMouc=,seJENq9eG0Hf8a0asMYoJ/O5UAs=
45,-7,BzlJf/YtU4no2tUH7dEeQ2RMouc=,seJENq9eG0Hf8a0asMYoJ/O5UAs=
43,-6,BzlJf/YtU4no2tUH7dEeQ2RMouc=,seJENq9eG0Hf8a0asMYoJ/O5UAs=
39,-14,BzlJf/YtU4no2tUH7dEeQ2RMouc=,seJENq9eG0Hf8a0asMYoJ/O5UAs=
42,-6,BzlJf/YtU4no2tUH7dEeQ2RMouc=,seJENq9eG0Hf8a0asMYoJ/O5UAs=
41,-6,BzlJf/YtU4no2tUH7dEeQ2RMouc=,seJENq9eG0Hf8a0asMYoJ/O5UAs=
39,-6,BzlJf/YtU4no2tUH7dEeQ2RMouc=,seJENq9eG0Hf8a0asMYoJ/O5UAs=
40,-6,BzlJf/YtU4no2tUH7dEeQ2RMouc=,seJENq9eG0Hf8a0asMYoJ/O5UAs=
36,-6,BzlJf/YtU4no2tUH7dEeQ2RMouc=,seJENq9eG0Hf8a0asMYoJ/O5UAs=
38,-6,BzlJf/YtU4no2tUH7dEeQ2RMouc=,seJENq9eG0Hf8a0asMYoJ/O5UAs=
35,-7,BzlJf/YtU4no2tUH7dEeQ2RMouc=,seJENq9eG0Hf8a0asMYoJ/O5UAs=
34,-7,BzlJf/YtU4no2tUH7dEeQ2RMouc=,seJENq9eG0Hf8a0asMYoJ/O5UAs=
33,-6,BzlJf/YtU4no2tUH7dEeQ2RMouc=,seJENq9eG0Hf8a0asMYoJ/O5UAs=
32,-6,BzlJf/YtU4no2tUH7dEeQ2RMouc=,seJENq9eG0Hf8a0asMYoJ/O5UAs=
47,-7,BzlJf/YtU4no2tUH7dEeQ2RMouc=,seJENq9eG0Hf8a0asMYoJ/O5UAs=
32,-7,BzlJf/YtU4no2tUH7dEeQ2RMouc=,seJENq9eG0Hf8a0asMYoJ/O5UAs=
47,-8,BzlJf/YtU4no2tUH7dEeQ2RMouc=,seJENq9eG0Hf8a0asMYoJ/O5UAs=
46,-8,BzlJf/YtU4no2tUH7dEeQ2RMouc=,seJENq9eG0Hf8a0asMYoJ/O5UAs=
45,-8,BzlJf/YtU4no2tUH7dEeQ2RMouc=,seJENq9eG0Hf8a0asMYoJ/O5UAs=
44,-7,BzlJf/YtU4no2tUH7dEeQ2RMouc=,seJENq9eG0Hf8a0asMYoJ/O5UAs=
43,-16,BzlJf/YtU4no2tUH7dEeQ2RMouc=,seJENq9eG0Hf8a0asMYoJ/O5UAs=
43,-7,BzlJf/YtU4no2tUH7dEeQ2RMouc=,seJENq9eG0Hf8a0asMYoJ/O5UAs=
38,-14,BzlJf/YtU4no2tUH7dEeQ2RMouc=,seJENq9eG0Hf8a0asMYoJ/O5UAs=
41,-7,BzlJf/YtU4no2tUH7dEeQ2RMouc=,seJENq9eG0Hf8a0asMYoJ/O5UAs=
42,-7,BzlJf/YtU4no2tUH7dEeQ2RMouc=,seJENq9eG0Hf8a0asMYoJ/O5UAs=
40,-7,BzlJf/YtU4no2tUH7dEeQ2RMouc=,seJENq9eG0Hf8a0asMYoJ/O5UAs=
39,-7,BzlJf/YtU4no2tUH7dEeQ2RMouc=,seJENq9eG0Hf8a0asMYoJ/O5UAs=
38,-7,BzlJf/YtU4no2tUH7dEeQ2RMouc=,seJENq9eG0Hf8a0asMYoJ/O5UAs=
37,-7,BzlJf/YtU4no2tUH7dEeQ2RMouc=,seJENq9eG0Hf8a0asMYoJ/O5UAs=
36,-7,BzlJf/YtU4no2tUH7dEeQ2RMouc=,seJENq9eG0Hf8a0asMYoJ/O5UAs=
33,-7,BzlJf/YtU4no2tUH7dEeQ2RMouc=,seJENq9eG0Hf8a0asMYoJ/O5UAs=
32,-8,BzlJf/YtU4no2tUH7dEeQ2RMouc=,seJENq9eG0Hf8a0asMYoJ/O5UAs=
44,-8,BzlJf/YtU4no2tUH7dEeQ2RMouc=,seJENq9eG0Hf8a0asMYoJ/O5UAs=
43,-8,BzlJf/YtU4no2tUH7dEeQ2RMouc=,seJENq9eG0Hf8a0asMYoJ/O5UAs=
42,-8,BzlJf/YtU4no2tUH7dEeQ2RMouc=,seJENq9eG0Hf8a0asMYoJ/O5UAs=
44,-9,BzlJf/YtU4no2tUH7dEeQ2RMouc=,seJENq9eG0Hf8a0asMYoJ/O5UAs=
41,-8,BzlJf/YtU4no2tUH7dEeQ2RMouc=,seJENq9eG0Hf8a0asMYoJ/O5UAs=
42,-16,BzlJf/YtU4no2tUH7dEeQ2RMouc=,seJENq9eG0Hf8a0asMYoJ/O5UAs=
43,-9,BzlJf/YtU4no2tUH7dEeQ2RMouc=,seJENq9eG0Hf8a0asMYoJ/O5UAs=
41,-9,BzlJf/YtU4no2tUH7dEeQ2RMouc=,seJENq9eG0Hf8a0asMYoJ/O5UAs=
40,-8,BzlJf/YtU4no2tUH7dEeQ2RMouc=,seJENq9eG0Hf8a0asMYoJ/O5UAs=
40,-9,BzlJf/YtU4no2tUH7dEeQ2RMouc=,seJENq9eG0Hf8a0asMYoJ/O5UAs=
38,-8,BzlJf/YtU4no2tUH7dEeQ2RMouc=,seJENq9eG0Hf8a0asMYoJ/O5UAs=
39,-8,BzlJf/YtU4no2tUH7dEeQ2RMouc=,seJENq9eG0Hf8a0asMYoJ/O5UAs=
37,-8,BzlJf/YtU4no2tUH7dEeQ2RMouc=,seJENq9eG0Hf8a0asMYoJ/O5UAs=
35,-8,BzlJf/YtU4no2tUH7dEeQ2RMouc=,seJENq9eG0Hf8a0asMYoJ/O5UAs=
36,-8,BzlJf/YtU4no2tUH7dEeQ2RMouc=,seJENq9eG0Hf8a0asMYoJ/O5UAs=
34,-8,BzlJf/YtU4no2tUH7dEeQ2RMouc=,seJENq9eG0Hf8a0asMYoJ/O5UAs=
32,-9,BzlJf/YtU4no2tUH7dEeQ2RMouc=,seJENq9eG0Hf8a0asMYoJ/O5UAs=
46,-9,BzlJf/YtU4no2tUH7dEeQ2RMouc=,seJENq9eG0Hf8a0asMYoJ/O5UAs=
47,-9,BzlJf/YtU4no2tUH7dEeQ2RMouc=,seJENq9eG0Hf8a0asMYoJ/O5UAs=
33,-8,BzlJf/YtU4no2tUH7dEeQ2RMouc=,seJENq9eG0Hf8a0asMYoJ/O5UAs=
47,-10,BzlJf/YtU4no2tUH7dEeQ2RMouc=,seJENq9eG0Hf8a0asMYoJ/O5UAs=
45,-9,BzlJf/YtU4no2tUH7dEeQ2RMouc=,seJENq9eG0Hf8a0asMYoJ/O5UAs=
42,-9,BzlJf/YtU4no2tUH7dEeQ2RMouc=,seJENq9eG0Hf8a0asMYoJ/O5UAs=
45,-10,BzlJf/YtU4no2tUH7dEeQ2RMouc=,seJENq9eG0Hf8a0asMYoJ/O5UAs=
44,-10,BzlJf/YtU4no2tUH7dEeQ2RMouc=,seJENq9eG0Hf8a0asMYoJ/O5UAs=
42,-10,BzlJf/YtU4no2tUH7dEeQ2RMouc=,seJENq9eG0Hf8a0asMYoJ/O5UAs=
41,-10,BzlJf/YtU4no2tUH7dEeQ2RMouc=,seJENq9eG0Hf8a0asMYoJ/O5UAs=
41,-16,BzlJf/YtU4no2tUH7dEeQ2RMouc=,seJENq9eG0Hf8a0asMYoJ/O5UAs=
37,-14,BzlJf/YtU4no2tUH7dEeQ2RMouc=,seJENq9eG0Hf8a0asMYoJ/O5UAs=
39,-9,BzlJf/YtU4no2tUH7dEeQ2RMouc=,seJENq9eG0Hf8a0asMYoJ/O5UAs=
36,-14,BzlJf/YtU4no2tUH7dEeQ2RMouc=,seJENq9eG0Hf8a0asMYoJ/O5UAs=
38,-9,BzlJf/YtU4no2tUH7dEeQ2RMouc=,seJENq9eG0Hf8a0asMYoJ/O5UAs=
36,-9,BzlJf/YtU4no2tUH7dEeQ2RMouc=,seJENq9eG0Hf8a0asMYoJ/O5UAs=
37,-9,BzlJf/YtU4no2tUH7dEeQ2RMouc=,seJENq9eG0Hf8a0asMYoJ/O5UAs=
35,-9,BzlJf/YtU4no2tUH7dEeQ2RMouc=,seJENq9eG0Hf8a0asMYoJ/O5UAs=
47,-11,BzlJf/YtU4no2tUH7dEeQ2RMouc=,seJENq9eG0Hf8a0asMYoJ/O5UAs=
33,-10,BzlJf/YtU4no2tUH7dEeQ2RMouc=,seJENq9eG0Hf8a0asMYoJ/O5UAs=
34,-9,BzlJf/YtU4no2tUH7dEeQ2RMouc=,seJENq9eG0Hf8a0asMYoJ/O5UAs=
33,-9,BzlJf/YtU4no2tUH7dEeQ2RMouc=,seJENq9eG0Hf8a0asMYoJ/O5UAs=
46,-10,BzlJf/YtU4no2tUH7dEeQ2RMouc=,seJENq9eG0Hf8a0asMYoJ/O5UAs=
44,-11,BzlJf/YtU4no2tUH7dEeQ2RMouc=,seJENq9eG0Hf8a0asMYoJ/O5UAs=
43,-11,BzlJf/YtU4no2tUH7dEeQ2RMouc=,seJENq9eG0Hf8a0asMYoJ/O5UAs=
43,-10,BzlJf/YtU4no2tUH7dEeQ2RMouc=,seJENq9eG0Hf8a0asMYoJ/O5UAs=
42,-11,BzlJf/YtU4no2tUH7dEeQ2RMouc=,seJENq9eG0Hf8a0asMYoJ/O5UAs=
40,-10,BzlJf/YtU4no2tUH7dEeQ2RMouc=,seJENq9eG0Hf8a0asMYoJ/O5UAs=
38,-10,BzlJf/YtU4no2tUH7dEeQ2RMouc=,seJENq9eG0Hf8a0asMYoJ/O5UAs=
39,-10,BzlJf/YtU4no2tUH7dEeQ2RMouc=,seJENq9eG0Hf8a0asMYoJ/O5UAs=
40,-16,BzlJf/YtU4no2tUH7dEeQ2RMouc=,seJENq9eG0Hf8a0asMYoJ/O5UAs=
35,-14,BzlJf/YtU4no2tUH7dEeQ2RMouc=,seJENq9eG0Hf8a0asMYoJ/O5UAs=
37,-10,BzlJf/YtU4no2tUH7dEeQ2RMouc=,seJENq9eG0Hf8a0asMYoJ/O5UAs=
34,-10,BzlJf/YtU4no2tUH7dEeQ2RMouc=,seJENq9eG0Hf8a0asMYoJ/O5UAs=
34,-11,BzlJf/YtU4no2tUH7dEeQ2RMouc=,seJENq9eG0Hf8a0asMYoJ/O5UAs=
36,-11,BzlJf/YtU4no2tUH7dEeQ2RMouc=,seJENq9eG0Hf8a0asMYoJ/O5UAs=
47,-12,BzlJf/YtU4no2tUH7dEeQ2RMouc=,seJENq9eG0Hf8a0asMYoJ/O5UAs=
35,-10,BzlJf/YtU4no2tUH7dEeQ2RMouc=,seJENq9eG0Hf8a0asMYoJ/O5UAs=
33,-11,BzlJf/YtU4no2tUH7dEeQ2RMouc=,seJENq9eG0Hf8a0asMYoJ/O5UAs=
36,-10,BzlJf/YtU4no2tUH7dEeQ2RMouc=,seJENq9eG0Hf8a0asMYoJ/O5UAs=
46,-12,BzlJf/YtU4no2tUH7dEeQ2RMouc=,seJENq9eG0Hf8a0asMYoJ/O5UAs=
32,-11,BzlJf/YtU4no2tUH7dEeQ2RMouc=,seJENq9eG0Hf8a0asMYoJ/O5UAs=
45,-11,BzlJf/YtU4no2tUH7dEeQ2RMouc=,seJENq9eG0Hf8a0asMYoJ/O5UAs=
45,-12,BzlJf/YtU4no2tUH7dEeQ2RMouc=,seJENq9eG0Hf8a0asMYoJ/O5UAs=
46,-11,BzlJf/YtU4no2tUH7dEeQ2RMouc=,seJENq9eG0Hf8a0asMYoJ/O5UAs=
42,-12,BzlJf/YtU4no2tUH7dEeQ2RMouc=,seJENq9eG0Hf8a0asMYoJ/O5UAs=
40,-12,BzlJf/YtU4no2tUH7dEeQ2RMouc=,seJENq9eG0Hf8a0asMYoJ/O5UAs=
41,-12,BzlJf/YtU4no2tUH7dEeQ2RMouc=,seJENq9eG0Hf8a0asMYoJ/O5UAs=
32,-10,BzlJf/YtU4no2tUH7dEeQ2RMouc=,seJENq9eG0Hf8a0asMYoJ/O5UAs=
39,-12,BzlJf/YtU4no2tUH7dEeQ2RMouc=,seJENq9eG0Hf8a0asMYoJ/O5UAs=
37,-16,BzlJf/YtU4no2tUH7dEeQ2RMouc=,seJENq9eG0Hf8a0asMYoJ/O5UAs=
34,-14,BzlJf/YtU4no2tUH7dEeQ2RMouc=,seJENq9eG0Hf8a0asMYoJ/O5UAs=
41,-11,BzlJf/YtU4no2tUH7dEeQ2RMouc=,seJENq9eG0Hf8a0asMYoJ/O5UAs=
40,-11,BzlJf/YtU4no2tUH7dEeQ2RMouc=,seJENq9eG0Hf8a0asMYoJ/O5UAs=
35,-12,BzlJf/YtU4no2tUH7dEeQ2RMouc=,seJENq9eG0Hf8a0asMYoJ/O5UAs=
47,-13,BzlJf/YtU4no2tUH7dEeQ2RMouc=,seJENq9eG0Hf8a0asMYoJ/O5UAs=
39,-11,BzlJf/YtU4no2tUH7dEeQ2RMouc=,seJENq9eG0Hf8a0asMYoJ/O5UAs=
37,-11,BzlJf/YtU4no2tUH7dEeQ2RMouc=,seJENq9eG0Hf8a0asMYoJ/O5UAs=
46,-13,BzlJf/YtU4no2tUH7dEeQ2RMouc=,seJENq9eG0Hf8a0asMYoJ/O5UAs=
38,-11,BzlJf/YtU4no2tUH7dEeQ2RMouc=,seJENq9eG0Hf8a0asMYoJ/O5UAs=
35,-11,BzlJf/YtU4no2tUH7dEeQ2RMouc=,seJENq9eG0Hf8a0asMYoJ/O5UAs=
39,-16,BzlJf/YtU4no2tUH7dEeQ2RMouc=,seJENq9eG0Hf8a0asMYoJ/O5UAs=
45,-13,BzlJf/YtU4no2tUH7dEeQ2RMouc=,seJENq9eG0Hf8a0asMYoJ/O5UAs=
41,-13,BzlJf/YtU4no2tUH7dEeQ2RMouc=,seJENq9eG0Hf8a0asMYoJ/O5UAs=
38,-16,BzlJf/YtU4no2tUH7dEeQ2RMouc=,seJENq9eG0Hf8a0asMYoJ/O5UAs=
42,-13,BzlJf/YtU4no2tUH7dEeQ2RMouc=,seJENq9eG0Hf8a0asMYoJ/O5UAs=
44,-12,BzlJf/YtU4no2tUH7dEeQ2RMouc=,seJENq9eG0Hf8a0asMYoJ/O5UAs=
38,-13,BzlJf/YtU4no2tUH7dEeQ2RMouc=,seJENq9eG0Hf8a0asMYoJ/O5UAs=
39,-13,BzlJf/YtU4no2tUH7dEeQ2RMouc=,seJENq9eG0Hf8a0asMYoJ/O5UAs=
43,-12,BzlJf/YtU4no2tUH7dEeQ2RMouc=,seJENq9eG0Hf8a0asMYoJ/O5UAs=
37,-12,BzlJf/YtU4no2tUH7dEeQ2RMouc=,seJENq9eG0Hf8a0asMYoJ/O5UAs=
36,-16,BzlJf/YtU4no2tUH7dEeQ2RMouc=,seJENq9eG0Hf8a0asMYoJ/O5UAs=
38,-12,BzlJf/YtU4no2tUH7dEeQ2RMouc=,seJENq9eG0Hf8a0asMYoJ/O5UAs=
34,-13,BzlJf/YtU4no2tUH7dEeQ2RMouc=,seJENq9eG0Hf8a0asMYoJ/O5UAs=
47,-14,BzlJf/YtU4no2tUH7dEeQ2RMouc=,seJENq9eG0Hf8a0asMYoJ/O5UAs=
34,-12,BzlJf/YtU4no2tUH7dEeQ2RMouc=,seJENq9eG0Hf8a0asMYoJ/O5UAs=
36,-12,BzlJf/YtU4no2tUH7dEeQ2RMouc=,seJENq9eG0Hf8a0asMYoJ/O5UAs=
33,-12,BzlJf/YtU4no2tUH7dEeQ2RMouc=,seJENq9eG0Hf8a0asMYoJ/O5UAs=
33,-14,BzlJf/YtU4no2tUH7dEeQ2RMouc=,seJENq9eG0Hf8a0asMYoJ/O5UAs=
32,-12,BzlJf/YtU4no2tUH7dEeQ2RMouc=,seJENq9eG0Hf8a0asMYoJ/O5UAs=
43,-13,BzlJf/YtU4no2tUH7dEeQ2RMouc=,seJENq9eG0Hf8a0asMYoJ/O5UAs=
35,-13,BzlJf/YtU4no2tUH7dEeQ2RMouc=,seJENq9eG0Hf8a0asMYoJ/O5UAs=
32,-13,BzlJf/YtU4no2tUH7dEeQ2RMouc=,seJENq9eG0Hf8a0asMYoJ/O5UAs=
32,-14,BzlJf/YtU4no2tUH7dEeQ2RMouc=,seJENq9eG0Hf8a0asMYoJ/O5UAs=
36,-13,BzlJf/YtU4no2tUH7dEeQ2RMouc=,seJENq9eG0Hf8a0asMYoJ/O5UAs=
37,-13,BzlJf/YtU4no2tUH7dEeQ2RMouc=,seJENq9eG0Hf8a0asMYoJ/O5UAs=
33,-13,BzlJf/YtU4no2tUH7dEeQ2RMouc=,seJENq9eG0Hf8a0asMYoJ/O5UAs=
44,-13,BzlJf/YtU4no2tUH7dEeQ2RMouc=,seJENq9eG0Hf8a0asMYoJ/O5UAs=
40,-13,BzlJf/YtU4no2tUH7dEeQ2RMouc=,seJENq9eG0Hf8a0asMYoJ/O5UAs=
